product_link_id,product_link,canonical_product_link,item_id_raw,sku_from_url,item_id_from_description,item_id_clean
1,https://www.ulta.com/p/double-wear-stay-in-place-foundation-xlsImpprod14641507?sku=2309420,https://www.ulta.com/p/double-wear-stay-in-place-foundation-xlsImpprod14641507,2309420,2309420,2309420,2309420
10,https://www.ulta.com/p/light-reflecting-advanced-skincare-foundation-pimprod2030141?sku=2591117,https://www.ulta.com/p/light-reflecting-advanced-skincare-foundation-pimprod2030141,2591117,2591117,2591117,2591117
100,https://www.ulta.com/p/ambient-soft-glow-foundation-pimprod2033509?sku=2599657,https://www.ulta.com/p/ambient-soft-glow-foundation-pimprod2033509,2599657,2599657,2599657,2599657
1000,https://www.ulta.com/p/flawless-fusion-bronzer-powder-pimprod2020354?sku=2575986,https://www.ulta.com/p/flawless-fusion-bronzer-powder-pimprod2020354,,2575986,2575986,2575986
1001,https://www.ulta.com/p/radiance-booster-dewy-tinted-moisturizer-pimprod2026995?sku=2585994,https://www.ulta.com/p/radiance-booster-dewy-tinted-moisturizer-pimprod2026995,,2585994,2585994,2585994
1002,https://www.ulta.com/p/sun-club-matt-bronzing-powder-palette-pimprod2013569?sku=2558440,https://www.ulta.com/p/sun-club-matt-bronzing-powder-palette-pimprod2013569,2558440,2558440,2558440,2558440
1003,https://www.ulta.com/p/mega-bronzer-pimprod2006375?sku=2570436,https://www.ulta.com/p/mega-bronzer-pimprod2006375,,2570436,2570436,2570436
1004,https://www.ulta.com/p/unconditional-mini-mix-face-palette-pimprod2042795?sku=2620023,https://www.ulta.com/p/unconditional-mini-mix-face-palette-pimprod2042795,,2620023,2620023,2620023
1005,https://www.ulta.com/p/city-bronzer-powder-pimprod2002752?sku=2537789,https://www.ulta.com/p/city-bronzer-powder-pimprod2002752,2537789,2537789,2537789,2537789
1006,https://www.ulta.com/p/good-apple-bronze-sculpt-balm-duo-pimprod2043904?sku=2621132,https://www.ulta.com/p/good-apple-bronze-sculpt-balm-duo-pimprod2043904,,2621132,2621132,2621132
1008,https://www.ulta.com/p/sun-club-matt-bronzing-powder-xlsImpprod3400079?sku=2232176,https://www.ulta.com/p/sun-club-matt-bronzing-powder-xlsImpprod3400079,2232176,2232176,2232176,2232176
1009,https://www.ulta.com/p/heatwave-luminous-bronzer-pimprod2026949?sku=2587386,https://www.ulta.com/p/heatwave-luminous-bronzer-pimprod2026949,,2587386,2587386,2587386
101,https://www.ulta.com/p/sweetener-foundation-pimprod2041162?sku=2603299,https://www.ulta.com/p/sweetener-foundation-pimprod2041162,,2603299,2603299,2603299
1010,https://www.ulta.com/p/mini-bronze-glow-pimprod2037998?sku=2608437,https://www.ulta.com/p/mini-bronze-glow-pimprod2037998,2608437,2608437,2608437,2608437
1011,https://www.ulta.com/p/sheer-bronze-natural-cream-bronzer-pimprod2024799?sku=2584751,https://www.ulta.com/p/sheer-bronze-natural-cream-bronzer-pimprod2024799,,2584751,2584751,2584751
1012,https://www.ulta.com/p/sun-club-luminous-bronzing-powder-pimprod2013680?sku=2558606,https://www.ulta.com/p/sun-club-luminous-bronzing-powder-pimprod2013680,2558606,2558606,2558606,2558606
1013,https://www.ulta.com/p/bronzer-reloaded-pimprod2007948?sku=2547120,https://www.ulta.com/p/bronzer-reloaded-pimprod2007948,2547120,2547120,2547120,2547120
1014,https://www.ulta.com/p/tinted-moisturizer-cream-bronzer-pimprod2038471?sku=2608653,https://www.ulta.com/p/tinted-moisturizer-cream-bronzer-pimprod2038471,2608653,2608653,2608653,2608653
1015,https://www.ulta.com/p/sweet-sunny-cheeks-2-piece-nudies-kit-pimprod2037933?sku=2605949,https://www.ulta.com/p/sweet-sunny-cheeks-2-piece-nudies-kit-pimprod2037933,,2605949,2605949,2605949
1016,https://www.ulta.com/p/just-a-flush-cheek-palette-pimprod2030930?sku=2592765,https://www.ulta.com/p/just-a-flush-cheek-palette-pimprod2030930,2592765,2592765,2592765,2592765
1017,https://www.ulta.com/p/instant-sunshine-bronzing-drops-pimprod2044441?sku=2623455,https://www.ulta.com/p/instant-sunshine-bronzing-drops-pimprod2044441,,2623455,2623455,2623455
1018,https://www.ulta.com/p/shape-tape-glow-bronzer-pimprod2033284?sku=2596914,https://www.ulta.com/p/shape-tape-glow-bronzer-pimprod2033284,,2596914,2596914,2596914
1019,https://www.ulta.com/p/purebronze-shimmer-bronzer-refill-pimprod2039310?sku=2611717,https://www.ulta.com/p/purebronze-shimmer-bronzer-refill-pimprod2039310,,2611717,2611717,2611717
102,https://www.ulta.com/p/forever-natural-nude-foundation-pimprod2036826?sku=2604394,https://www.ulta.com/p/forever-natural-nude-foundation-pimprod2036826,,2604394,2604394,2604394
1020,https://www.ulta.com/p/moisturizing-complexion-stick-pimprod2045978?sku=2620514,https://www.ulta.com/p/moisturizing-complexion-stick-pimprod2045978,,2620514,2620514,2620514
1021,https://www.ulta.com/p/skinlights-prismatic-bronzer-pimprod2012200?sku=2557078,https://www.ulta.com/p/skinlights-prismatic-bronzer-pimprod2012200,,2557078,2557078,2557078
1022,https://www.ulta.com/p/tantalizer-buildable-bronzing-powder-xlsImpprod16031133?sku=2511304,https://www.ulta.com/p/tantalizer-buildable-bronzing-powder-xlsImpprod16031133,,2511304,2511304,2511304
1023,https://www.ulta.com/p/kissed-by-light-face-illuminator-pimprod2033257?sku=2597535,https://www.ulta.com/p/kissed-by-light-face-illuminator-pimprod2033257,2597535,2597535,2597535,2597535
1024,https://www.ulta.com/p/baby-nude-skin-2-pc-nudies-kit-pimprod2018302?sku=2568578,https://www.ulta.com/p/baby-nude-skin-2-pc-nudies-kit-pimprod2018302,,2568578,2568578,2568578
1026,https://www.ulta.com/p/skin-bronzing-pimprod2017404?sku=2570081,https://www.ulta.com/p/skin-bronzing-pimprod2017404,,2570081,2570081,2570081
1028,https://www.ulta.com/p/love-struck-blusher-bronzer-xlsImpprod13361015?sku=2296116,https://www.ulta.com/p/love-struck-blusher-bronzer-xlsImpprod13361015,,2296116,2296116,2296116
1029,https://www.ulta.com/p/water-bronzer-pimprod2026575?sku=2584372,https://www.ulta.com/p/water-bronzer-pimprod2026575,2584372,2584372,2584372,2584372
103,https://www.ulta.com/p/conceal-perfect-2-in-1-foundation-concealer-xlsImpprod17081067?sku=2519968,https://www.ulta.com/p/conceal-perfect-2-in-1-foundation-concealer-xlsImpprod17081067,2519968,2519968,2519968,2519968
1030,https://www.ulta.com/p/murumuru-butter-bronzer-palette-pimprod2018551?sku=2571845,https://www.ulta.com/p/murumuru-butter-bronzer-palette-pimprod2018551,,2571845,2571845,2571845
1031,https://www.ulta.com/p/born-blush-4-in-1-cheek-palette-pimprod2030225?sku=2592764,https://www.ulta.com/p/born-blush-4-in-1-cheek-palette-pimprod2030225,2592764,2592764,2592764,2592764
1032,https://www.ulta.com/p/supernatural-stick-bronzer-pimprod2008561?sku=2596720,https://www.ulta.com/p/supernatural-stick-bronzer-pimprod2008561,,2596720,2596720,2596720
1033,https://www.ulta.com/p/luminous-putty-bronzer-pimprod2036624?sku=2604935,https://www.ulta.com/p/luminous-putty-bronzer-pimprod2036624,,2604935,2604935,2604935
1034,https://www.ulta.com/p/golden-soleil-baked-bronzer-xlsImpprod13361011?sku=2296130,https://www.ulta.com/p/golden-soleil-baked-bronzer-xlsImpprod13361011,,2296130,2296130,2296130
1036,https://www.ulta.com/p/clean-fresh-radiant-loose-powder-bronzer-pimprod2041668?sku=2615729,https://www.ulta.com/p/clean-fresh-radiant-loose-powder-bronzer-pimprod2041668,2615729,2615729,2615729,2615729
1037,https://www.ulta.com/p/superpowder-bronzing-powder-pimprod2008557?sku=2553315,https://www.ulta.com/p/superpowder-bronzing-powder-pimprod2008557,2553315,2553315,2553315,2553315
1038,https://www.ulta.com/p/cacticali-make-up-starter-set-pimprod2044442?sku=2623911,https://www.ulta.com/p/cacticali-make-up-starter-set-pimprod2044442,,2623911,2623911,2623911
1039,https://www.ulta.com/p/good-go-mini-mix-face-palette-pimprod2042794?sku=2620022,https://www.ulta.com/p/good-go-mini-mix-face-palette-pimprod2042794,,2620022,2620022,2620022
104,https://www.ulta.com/p/maracuja-juicy-glow-tint-pimprod2038507?sku=2607571,https://www.ulta.com/p/maracuja-juicy-glow-tint-pimprod2038507,2607571,2607571,2607571,2607571
1040,https://www.ulta.com/p/pink-blush-nude-bronze-2-piece-mini-kit-pimprod2038762?sku=2609683,https://www.ulta.com/p/pink-blush-nude-bronze-2-piece-mini-kit-pimprod2038762,,2609683,2609683,2609683
1041,https://www.ulta.com/p/murumuru-butter-glow-face-palette-pimprod2018550?sku=2571844,https://www.ulta.com/p/murumuru-butter-glow-face-palette-pimprod2018550,,2571844,2571844,2571844
1042,https://www.ulta.com/p/symphony-face-obsession-pimprod2002013?sku=2540734,https://www.ulta.com/p/symphony-face-obsession-pimprod2002013,,2540734,2540734,2540734
1043,https://www.ulta.com/p/limited-edition-all-over-face-color-warmth-loose-bronzer-pimprod2044270?sku=2623893,https://www.ulta.com/p/limited-edition-all-over-face-color-warmth-loose-bronzer-pimprod2044270,,2623893,2623893,2623893
1044,https://www.ulta.com/p/mega-cremes-4-in-1-color-cream-pimprod2037561?sku=2604018,https://www.ulta.com/p/mega-cremes-4-in-1-color-cream-pimprod2037561,2604018,2604018,2604018,2604018
1045,https://www.ulta.com/p/velvet-contour-bronzer-stick-pimprod2040056?sku=2614389,https://www.ulta.com/p/velvet-contour-bronzer-stick-pimprod2040056,,2614389,2614389,2614389
1046,https://www.ulta.com/p/mineral-wear-diamond-bronzer-pimprod2043764?sku=2620793,https://www.ulta.com/p/mineral-wear-diamond-bronzer-pimprod2043764,,2620793,2620793,2620793
1047,https://www.ulta.com/p/bienvenidos-a-miami-mini-mix-face-palette-pimprod2042796?sku=2620024,https://www.ulta.com/p/bienvenidos-a-miami-mini-mix-face-palette-pimprod2042796,,2620024,2620024,2620024
1048,https://www.ulta.com/p/sculpt-glow-baked-face-palette-pimprod2046620?sku=2617768,https://www.ulta.com/p/sculpt-glow-baked-face-palette-pimprod2046620,,2617768,2617768,2617768
1049,https://www.ulta.com/p/pressed-powder-bronzer-pimprod2038313?sku=2609268,https://www.ulta.com/p/pressed-powder-bronzer-pimprod2038313,2609268,2609268,2609268,2609268
105,https://www.ulta.com/p/simply-ageless-skin-perfector-essence-foundation-pimprod2042952?sku=2618803,https://www.ulta.com/p/simply-ageless-skin-perfector-essence-foundation-pimprod2042952,2618803,2618803,2618803,2618803
1050,https://www.ulta.com/p/warm-up-4-in-1-bronzer-pimprod2023488?sku=2580624,https://www.ulta.com/p/warm-up-4-in-1-bronzer-pimprod2023488,2580624,2580624,2580624,2580624
1051,https://www.ulta.com/p/heatwave-bronzing-essence-pimprod2013693?sku=2563463,https://www.ulta.com/p/heatwave-bronzing-essence-pimprod2013693,,2563463,2563463,2563463
1052,https://www.ulta.com/p/oh-my-glow-baked-bronzer-pimprod2046543?sku=2617493,https://www.ulta.com/p/oh-my-glow-baked-bronzer-pimprod2046543,,2617493,2617493,2617493
1053,https://www.ulta.com/p/sunset-4-in-1-bronzer-pimprod2031652?sku=2593144,https://www.ulta.com/p/sunset-4-in-1-bronzer-pimprod2031652,,2593144,2593144,2593144
1054,https://www.ulta.com/p/trublend-so-flushed-high-pigment-bronzer-pimprod2017123?sku=2566503,https://www.ulta.com/p/trublend-so-flushed-high-pigment-bronzer-pimprod2017123,2566503,2566503,2566503,2566503
1055,https://www.ulta.com/p/rice-powder-bronzer-duo-pimprod2029275?sku=2588774,https://www.ulta.com/p/rice-powder-bronzer-duo-pimprod2029275,,2588774,2588774,2588774
1056,https://www.ulta.com/p/sun-dreams-creamy-bronzer-contour-pimprod2033404?sku=2597876,https://www.ulta.com/p/sun-dreams-creamy-bronzer-contour-pimprod2033404,,2597876,2597876,2597876
1058,https://www.ulta.com/p/sunset-daze-bronzing-drops-pimprod2046152?sku=2626753,https://www.ulta.com/p/sunset-daze-bronzing-drops-pimprod2046152,,2626753,2626753,2626753
1059,https://www.ulta.com/p/faux-glow-matte-bronzer-pimprod2046610?sku=2617683,https://www.ulta.com/p/faux-glow-matte-bronzer-pimprod2046610,,2617683,2617683,2617683
106,https://www.ulta.com/p/i-am-magic-velvety-matte-foundation-pimprod2006831?sku=2550494,https://www.ulta.com/p/i-am-magic-velvety-matte-foundation-pimprod2006831,,2550494,2550494,2550494
1060,https://www.ulta.com/p/sunkissed-bronzer-pimprod2021995?sku=2578724,https://www.ulta.com/p/sunkissed-bronzer-pimprod2021995,,2578724,2578724,2578724
1061,https://www.ulta.com/p/sunset-daze-matte-duo-bronzer-pimprod2046153?sku=2626754,https://www.ulta.com/p/sunset-daze-matte-duo-bronzer-pimprod2046153,,2626754,2626754,2626754
1063,https://www.ulta.com/p/double-take-bronzer-pimprod2040715?sku=2600961,https://www.ulta.com/p/double-take-bronzer-pimprod2040715,2600961,2600961,2600961,2600961
1064,https://www.ulta.com/p/bronze-age-bronzing-stick-pimprod2034132?sku=2600462,https://www.ulta.com/p/bronze-age-bronzing-stick-pimprod2034132,2600462,2600462,2600462,2600462
1065,https://www.ulta.com/p/effervescence-extra-dimension-face-compact-pimprod2036325?sku=2601094,https://www.ulta.com/p/effervescence-extra-dimension-face-compact-pimprod2036325,2601094,2601094,2601094,2601094
1066,https://www.ulta.com/p/halo-glow-liquid-filter-pimprod2036949?sku=2604924,https://www.ulta.com/p/halo-glow-liquid-filter-pimprod2036949,2604924,2604924,2604924,2604924
1067,https://www.ulta.com/p/true-match-lumi-glotion-natural-glow-enhancer-xlsImpprod17161513?sku=2520146,https://www.ulta.com/p/true-match-lumi-glotion-natural-glow-enhancer-xlsImpprod17161513,2520146,2520146,2520146,2520146
1068,https://www.ulta.com/p/diamond-bomb-all-over-diamond-veil-pimprod2031379?sku=2592270,https://www.ulta.com/p/diamond-bomb-all-over-diamond-veil-pimprod2031379,2592270,2592270,2592270,2592270
1069,https://www.ulta.com/p/cookie-golden-pearl-powder-highlighter-pimprod2008305?sku=2595642,https://www.ulta.com/p/cookie-golden-pearl-powder-highlighter-pimprod2008305,2595642,2595642,2595642,2595642
107,https://www.ulta.com/p/phyto-pigments-flawless-serum-foundation-xlsImpprod13521059?sku=2295701,https://www.ulta.com/p/phyto-pigments-flawless-serum-foundation-xlsImpprod13521059,2295701,2295701,2295701,2295701
1070,https://www.ulta.com/p/beauty-highlighter-wand-pimprod2043377?sku=2619318,https://www.ulta.com/p/beauty-highlighter-wand-pimprod2043377,2619318,2619318,2619318,2619318
1071,https://www.ulta.com/p/forever-glow-maximizer-longwear-liquid-highlighter-pimprod2045179?sku=2622873,https://www.ulta.com/p/forever-glow-maximizer-longwear-liquid-highlighter-pimprod2045179,2622873,2622873,2622873,2622873
1072,https://www.ulta.com/p/mini-hollywood-blush-glow-palette-pimprod2043348?sku=2619555,https://www.ulta.com/p/mini-hollywood-blush-glow-palette-pimprod2043348,2619555,2619555,2619555,2619555
1073,https://www.ulta.com/p/forever-glow-star-filter-multi-use-highlighter-complexion-enhancing-fluid-pimprod2044620?sku=2622884,https://www.ulta.com/p/forever-glow-star-filter-multi-use-highlighter-complexion-enhancing-fluid-pimprod2044620,2622884,2622884,2622884,2622884
1074,https://www.ulta.com/p/halo-glow-highlight-beauty-wand-pimprod2038865?sku=2609257,https://www.ulta.com/p/halo-glow-highlight-beauty-wand-pimprod2038865,2609257,2609257,2609257,2609257
1075,https://www.ulta.com/p/killawatt-freestyle-highlighter-pimprod2031440?sku=2592606,https://www.ulta.com/p/killawatt-freestyle-highlighter-pimprod2031440,2592606,2592606,2592606,2592606
1076,https://www.ulta.com/p/glowing-cheeks-blush-highlight-duo-pimprod2045034?sku=2622793,https://www.ulta.com/p/glowing-cheeks-blush-highlight-duo-pimprod2045034,2622793,2622793,2622793,2622793
1077,https://www.ulta.com/p/your-most-beautiful-you-anti-aging-face-palette-xlsImpprod5770281?sku=2264091,https://www.ulta.com/p/your-most-beautiful-you-anti-aging-face-palette-xlsImpprod5770281,2264091,2264091,2264091,2264091
1078,https://www.ulta.com/p/mineralize-skinfinish-highlight-face-powder-xlsImpprod15921188?sku=2510716,https://www.ulta.com/p/mineralize-skinfinish-highlight-face-powder-xlsImpprod15921188,2510716,2510716,2510716,2510716
1079,https://www.ulta.com/p/mini-filmstar-bronze-glow-pimprod2043322?sku=2619620,https://www.ulta.com/p/mini-filmstar-bronze-glow-pimprod2043322,2619620,2619620,2619620,2619620
108,https://www.ulta.com/p/original-pure-serum-radiant-natural-liquid-foundation-mineral-spf-20-pimprod2040524?sku=2611614,https://www.ulta.com/p/original-pure-serum-radiant-natural-liquid-foundation-mineral-spf-20-pimprod2040524,2611614,2611614,2611614,2611614
1080,https://www.ulta.com/p/demiglow-light-diffusing-highlighter-pimprod2044623?sku=2618106,https://www.ulta.com/p/demiglow-light-diffusing-highlighter-pimprod2044623,2618106,2618106,2618106,2618106
1081,https://www.ulta.com/p/hot-cheeks-velour-blushlighter-pimprod2045516?sku=2625693,https://www.ulta.com/p/hot-cheeks-velour-blushlighter-pimprod2045516,,2625693,2625693,2625693
1082,https://www.ulta.com/p/baume-essentiel-multi-use-glow-stick-pimprod2029955?sku=2568235,https://www.ulta.com/p/baume-essentiel-multi-use-glow-stick-pimprod2029955,2568235,2568235,2568235,2568235
1083,https://www.ulta.com/p/laguna-ultimate-face-palette-pimprod2045430?sku=2624147,https://www.ulta.com/p/laguna-ultimate-face-palette-pimprod2045430,,2624147,2624147,2624147
1084,https://www.ulta.com/p/smashbox-x-becca-shimmering-skin-perfector-pressed-highlighter-pimprod2028917?sku=2587487,https://www.ulta.com/p/smashbox-x-becca-shimmering-skin-perfector-pressed-highlighter-pimprod2028917,2587487,2587487,2587487,2587487
1085,https://www.ulta.com/p/gen-nude-highlighting-blush-pimprod2039778?sku=2611433,https://www.ulta.com/p/gen-nude-highlighting-blush-pimprod2039778,2611433,2611433,2611433,2611433
1086,https://www.ulta.com/p/halo-sculpt-glow-face-palette-with-vitamin-e-pimprod2042910?sku=2618546,https://www.ulta.com/p/halo-sculpt-glow-face-palette-with-vitamin-e-pimprod2042910,2618546,2618546,2618546,2618546
1087,https://www.ulta.com/p/hueglow-jumbo-liquid-highlighter-drops-pimprod2028580?sku=2588677,https://www.ulta.com/p/hueglow-jumbo-liquid-highlighter-drops-pimprod2028580,2588677,2588677,2588677,2588677
1088,https://www.ulta.com/p/shimmering-baked-highlighter-xlsImpprod15931203?sku=2527220,https://www.ulta.com/p/shimmering-baked-highlighter-xlsImpprod15931203,,2527220,2527220,2527220
1089,https://www.ulta.com/p/jumbo-multi-use-highlighter-stick-pimprod2040029?sku=2609538,https://www.ulta.com/p/jumbo-multi-use-highlighter-stick-pimprod2040029,2609538,2609538,2609538,2609538
109,https://www.ulta.com/p/les-beiges-water-fresh-complexion-touch-pimprod2037597?sku=2595874,https://www.ulta.com/p/les-beiges-water-fresh-complexion-touch-pimprod2037597,2595874,2595874,2595874,2595874
1090,https://www.ulta.com/p/super-shock-highlighter-xlsImpprod17801017?sku=2527703,https://www.ulta.com/p/super-shock-highlighter-xlsImpprod17801017,2527703,2527703,2527703,2527703
1091,https://www.ulta.com/p/blushed-liquid-blushlighter-pimprod2043833?sku=2618633,https://www.ulta.com/p/blushed-liquid-blushlighter-pimprod2043833,,2618633,2618633,2618633
1092,https://www.ulta.com/p/dior-forever-luminizer-pimprod2036861?sku=2604216,https://www.ulta.com/p/dior-forever-luminizer-pimprod2036861,2604216,2604216,2604216,2604216
1093,https://www.ulta.com/p/matte-cream-contour-highlight-sticks-pimprod2009303?sku=2308351,https://www.ulta.com/p/matte-cream-contour-highlight-sticks-pimprod2009303,2308351,2308351,2308351,2308351
1094,https://www.ulta.com/p/glow-tape-highlighter-pimprod2038506?sku=2607590,https://www.ulta.com/p/glow-tape-highlighter-pimprod2038506,2607590,2607590,2607590,2607590
1095,https://www.ulta.com/p/dew-la-la-liquid-glow-highlighter-pimprod2045422?sku=2624539,https://www.ulta.com/p/dew-la-la-liquid-glow-highlighter-pimprod2045422,2624539,2624539,2624539,2624539
1097,https://www.ulta.com/p/golden-highlighter-trio-pimprod2044963?sku=2624346,https://www.ulta.com/p/golden-highlighter-trio-pimprod2044963,,2624346,2624346,2624346
1098,https://www.ulta.com/p/hy-gen-skincare-infused-glow-beautifier-pimprod2044228?sku=2624349,https://www.ulta.com/p/hy-gen-skincare-infused-glow-beautifier-pimprod2044228,2624349,2624349,2624349,2624349
1099,https://www.ulta.com/p/highlight-reloaded-pimprod2007949?sku=2547153,https://www.ulta.com/p/highlight-reloaded-pimprod2007949,2547153,2547153,2547153,2547153
11,https://www.ulta.com/p/barepro-16-hr-skin-perfecting-powder-foundation-pimprod2030155?sku=2589559,https://www.ulta.com/p/barepro-16-hr-skin-perfecting-powder-foundation-pimprod2030155,2589559,2589559,2589559,2589559
1100,https://www.ulta.com/p/smashbox-x-becca-shimmering-skin-perfector-pressed-highlighter-mini-pimprod2028921?sku=2588010,https://www.ulta.com/p/smashbox-x-becca-shimmering-skin-perfector-pressed-highlighter-mini-pimprod2028921,2588010,2588010,2588010,2588010
1101,https://www.ulta.com/p/yours-truly-makeup-set-pimprod2043013?sku=2620472,https://www.ulta.com/p/yours-truly-makeup-set-pimprod2043013,2620472,2620472,2620472,2620472
1102,https://www.ulta.com/p/glow-seeker-champagne-gold-powder-highlighter-pimprod2041949?sku=2615256,https://www.ulta.com/p/glow-seeker-champagne-gold-powder-highlighter-pimprod2041949,2615256,2615256,2615256,2615256
1103,https://www.ulta.com/p/infallible-up-24h-highlighter-pimprod2045473?sku=2625515,https://www.ulta.com/p/infallible-up-24h-highlighter-pimprod2045473,2625515,2625515,2625515,2625515
1104,https://www.ulta.com/p/glow-glide-face-architect-highlighter-pimprod2043362?sku=2619589,https://www.ulta.com/p/glow-glide-face-architect-highlighter-pimprod2043362,2619589,2619589,2619589,2619589
1105,https://www.ulta.com/p/shade-light-refillable-face-contour-palette-pimprod2018112?sku=2570675,https://www.ulta.com/p/shade-light-refillable-face-contour-palette-pimprod2018112,2570675,2570675,2570675,2570675
1106,https://www.ulta.com/p/chubby-stick-sculpting-highlight-xlsImpprod11981015?sku=2282790,https://www.ulta.com/p/chubby-stick-sculpting-highlight-xlsImpprod11981015,2282790,2282790,2282790,2282790
1107,https://www.ulta.com/p/face-palette-all-in-one-bronzer-highlight-blush-pimprod2024358?sku=2576830,https://www.ulta.com/p/face-palette-all-in-one-bronzer-highlight-blush-pimprod2024358,,2576830,2576830,2576830
1108,https://www.ulta.com/p/all-inclusive-eye-cheek-face-palette-pimprod2030331?sku=2590468,https://www.ulta.com/p/all-inclusive-eye-cheek-face-palette-pimprod2030331,,2590468,2590468,2590468
1109,https://www.ulta.com/p/cheek-squad-cream-face-trio-pimprod2037175?sku=2599123,https://www.ulta.com/p/cheek-squad-cream-face-trio-pimprod2037175,,2599123,2599123,2599123
111,https://www.ulta.com/p/flawless-creator-liquid-foundation-drops-xlsImpprod16661005?sku=2515171,https://www.ulta.com/p/flawless-creator-liquid-foundation-drops-xlsImpprod16661005,2515171,2515171,2515171,2515171
1110,https://www.ulta.com/p/match-stix-shimmer-skinstick-pimprod2031455?sku=2592600,https://www.ulta.com/p/match-stix-shimmer-skinstick-pimprod2031455,2592600,2592600,2592600,2592600
1112,https://www.ulta.com/p/illuminator-liquid-shimmer-highlighter-drops-xlsImpprod19021009?sku=2536943,https://www.ulta.com/p/illuminator-liquid-shimmer-highlighter-drops-xlsImpprod19021009,,2536943,2536943,2536943
1113,https://www.ulta.com/p/ambient-lighting-palette-volume-ii-pimprod2021737?sku=2579001,https://www.ulta.com/p/ambient-lighting-palette-volume-ii-pimprod2021737,2579001,2579001,2579001,2579001
1114,https://www.ulta.com/p/les-beiges-sheer-healthy-glow-highlighting-fluid-pimprod2030092?sku=2570349,https://www.ulta.com/p/les-beiges-sheer-healthy-glow-highlighting-fluid-pimprod2030092,2570349,2570349,2570349,2570349
1115,https://www.ulta.com/p/highlight-contour-pro-face-palette-xlsImpprod12011207?sku=2284091,https://www.ulta.com/p/highlight-contour-pro-face-palette-xlsImpprod12011207,2284091,2284091,2284091,2284091
1117,https://www.ulta.com/p/shimmer-brick-highlighter-pimprod2036089?sku=2602720,https://www.ulta.com/p/shimmer-brick-highlighter-pimprod2036089,,2602720,2602720,2602720
1118,https://www.ulta.com/p/heavens-hue-highlighter-xlsImpprod15311013?sku=2538946,https://www.ulta.com/p/heavens-hue-highlighter-xlsImpprod15311013,2538946,2538946,2538946,2538946
1119,https://www.ulta.com/p/high-beam-satin-pink-liquid-highlighter-pimprod2008301?sku=2547729,https://www.ulta.com/p/high-beam-satin-pink-liquid-highlighter-pimprod2008301,2547729,2547729,2547729,2547729
112,https://www.ulta.com/p/skin-fetish-sublime-perfection-foundation-pimprod2040434?sku=2613894,https://www.ulta.com/p/skin-fetish-sublime-perfection-foundation-pimprod2040434,2613894,2613894,2613894,2613894
1120,https://www.ulta.com/p/complexion-rescue-all-over-luminizer-mineral-spf-20-pimprod2043238?sku=2619637,https://www.ulta.com/p/complexion-rescue-all-over-luminizer-mineral-spf-20-pimprod2043238,,2619637,2619637,2619637
1121,https://www.ulta.com/p/tickle-golden-pink-powder-highlighter-pimprod2008299?sku=2595643,https://www.ulta.com/p/tickle-golden-pink-powder-highlighter-pimprod2008299,2595643,2595643,2595643,2595643
1123,https://www.ulta.com/p/beam-bright-highlighter-pimprod2043103?sku=2618581,https://www.ulta.com/p/beam-bright-highlighter-pimprod2043103,,2618581,2618581,2618581
1124,https://www.ulta.com/p/body-glow-pimprod2039720?sku=2610379,https://www.ulta.com/p/body-glow-pimprod2039720,,2610379,2610379,2610379
1126,https://www.ulta.com/p/cotton-candy-skies-midi-palette-pimprod2042792?sku=2620021,https://www.ulta.com/p/cotton-candy-skies-midi-palette-pimprod2042792,,2620021,2620021,2620021
1127,https://www.ulta.com/p/light-lock-highlight-fluid-pimprod2045244?sku=2623853,https://www.ulta.com/p/light-lock-highlight-fluid-pimprod2045244,2623853,2623853,2623853,2623853
1128,https://www.ulta.com/p/butter-dream-team-palette-pimprod2030858?sku=2593962,https://www.ulta.com/p/butter-dream-team-palette-pimprod2030858,,2593962,2593962,2593962
1129,https://www.ulta.com/p/interstellar-highlighter-topper-pimprod2032211?sku=2595358,https://www.ulta.com/p/interstellar-highlighter-topper-pimprod2032211,,2595358,2595358,2595358
113,https://www.ulta.com/p/ultra-le-teint-ultrawear-all-day-comfort-flawless-finish-compact-foundation-pimprod2030112?sku=2568265,https://www.ulta.com/p/ultra-le-teint-ultrawear-all-day-comfort-flawless-finish-compact-foundation-pimprod2030112,2568265,2568265,2568265,2568265
1130,https://www.ulta.com/p/shape-tape-full-coverage-concealer-xlsImpprod14251035?sku=2501208,https://www.ulta.com/p/shape-tape-full-coverage-concealer-xlsImpprod14251035,,2501208,2501208,2501208
1131,https://www.ulta.com/p/step-by-step-contour-highlighter-bronzer-face-palette-kit-xlsImpprod2610083?sku=2222418,https://www.ulta.com/p/step-by-step-contour-highlighter-bronzer-face-palette-kit-xlsImpprod2610083,2222418,2222418,2222418,2222418
1132,https://www.ulta.com/p/match-stix-contour-skinstick-pimprod2031436?sku=2592591,https://www.ulta.com/p/match-stix-contour-skinstick-pimprod2031436,2592591,2592591,2592591,2592591
1133,https://www.ulta.com/p/halo-glow-contour-beauty-wand-pimprod2038835?sku=2609181,https://www.ulta.com/p/halo-glow-contour-beauty-wand-pimprod2038835,2609181,2609181,2609181,2609181
1134,https://www.ulta.com/p/cali-contour-blush-highlighter-bronzer-face-palette-xlsImpprod17921058?sku=2581357,https://www.ulta.com/p/cali-contour-blush-highlighter-bronzer-face-palette-xlsImpprod17921058,2581357,2581357,2581357,2581357
1135,https://www.ulta.com/p/sculpt-tape-contour-pimprod2037010?sku=2604053,https://www.ulta.com/p/sculpt-tape-contour-pimprod2037010,,2604053,2604053,2604053
1136,https://www.ulta.com/p/hollywood-contour-wand-pimprod2043345?sku=2619436,https://www.ulta.com/p/hollywood-contour-wand-pimprod2043345,2619436,2619436,2619436,2619436
1137,https://www.ulta.com/p/halo-sculpt-glow-face-palette-with-vitamin-e-pimprod2042910?sku=2618543,https://www.ulta.com/p/halo-sculpt-glow-face-palette-with-vitamin-e-pimprod2042910,2618543,2618543,2618543,2618543
1138,https://www.ulta.com/p/wonder-stick-cream-highlight-contour-stick-pimprod2032505?sku=2595218,https://www.ulta.com/p/wonder-stick-cream-highlight-contour-stick-pimprod2032505,2595218,2595218,2595218,2595218
1139,https://www.ulta.com/p/boi-ing-cakeless-full-coverage-waterproof-liquid-concealer-pimprod2007903?sku=2548925,https://www.ulta.com/p/boi-ing-cakeless-full-coverage-waterproof-liquid-concealer-pimprod2007903,2548925,2548925,2548925,2548925
1140,https://www.ulta.com/p/bronze-highlight-powder-contour-kit-xlsImpprod11571030?sku=2282772,https://www.ulta.com/p/bronze-highlight-powder-contour-kit-xlsImpprod11571030,2282772,2282772,2282772,2282772
1141,https://www.ulta.com/p/clay-play-face-shaping-palette-vol-2-xlsImpprod17421239?sku=2522808,https://www.ulta.com/p/clay-play-face-shaping-palette-vol-2-xlsImpprod17421239,2522808,2522808,2522808,2522808
1142,https://www.ulta.com/p/chubby-stick-sculpting-contour-xlsImpprod11981013?sku=2282741,https://www.ulta.com/p/chubby-stick-sculpting-contour-xlsImpprod11981013,2282741,2282741,2282741,2282741
1143,https://www.ulta.com/p/matte-cream-contour-highlight-sticks-pimprod2009303?sku=2308351,https://www.ulta.com/p/matte-cream-contour-highlight-sticks-pimprod2009303,2308351,2308351,2308351,2308351
1145,https://www.ulta.com/p/conceal-define-full-coverage-concealer-xlsImpprod17681057?sku=2536471,https://www.ulta.com/p/conceal-define-full-coverage-concealer-xlsImpprod17681057,,2536471,2536471,2536471
1146,https://www.ulta.com/p/sculpting-touch-creamy-stick-contour-pimprod2020401?sku=2576113,https://www.ulta.com/p/sculpting-touch-creamy-stick-contour-pimprod2020401,,2576113,2576113,2576113
1148,https://www.ulta.com/p/conceal-perfect-face-lift-collection-liquid-contour-pimprod2034955?sku=2599614,https://www.ulta.com/p/conceal-perfect-face-lift-collection-liquid-contour-pimprod2034955,2599614,2599614,2599614,2599614
1149,https://www.ulta.com/p/shade-light-refillable-face-contour-palette-pimprod2018112?sku=2570675,https://www.ulta.com/p/shade-light-refillable-face-contour-palette-pimprod2018112,2570675,2570675,2570675,2570675
115,https://www.ulta.com/p/double-wear-maximum-cover-camouflage-foundation-face-body-spf-15-xlsImpprod16501415?sku=2520898,https://www.ulta.com/p/double-wear-maximum-cover-camouflage-foundation-face-body-spf-15-xlsImpprod16501415,,2520898,2520898,2520898
1151,https://www.ulta.com/p/ambient-lighting-palette-volume-ii-pimprod2021737?sku=2579001,https://www.ulta.com/p/ambient-lighting-palette-volume-ii-pimprod2021737,2579001,2579001,2579001,2579001
1152,https://www.ulta.com/p/cream-contour-palette-xlsImpprod15481083?sku=2506970,https://www.ulta.com/p/cream-contour-palette-xlsImpprod15481083,2506970,2506970,2506970,2506970
1153,https://www.ulta.com/p/highlight-contour-pro-face-palette-xlsImpprod12011207?sku=2284091,https://www.ulta.com/p/highlight-contour-pro-face-palette-xlsImpprod12011207,2284091,2284091,2284091,2284091
1155,https://www.ulta.com/p/contour-palette-xlsImpprod14521213?sku=2500450,https://www.ulta.com/p/contour-palette-xlsImpprod14521213,2500450,2500450,2500450,2500450
1156,https://www.ulta.com/p/tinted-blur-sculpt-stick-pimprod2033888?sku=2598483,https://www.ulta.com/p/tinted-blur-sculpt-stick-pimprod2033888,,2598483,2598483,2598483
1159,https://www.ulta.com/p/multi-use-sculpting-palette-pimprod2032198?sku=2594949,https://www.ulta.com/p/multi-use-sculpting-palette-pimprod2032198,,2594949,2594949,2594949
116,https://www.ulta.com/p/fit-me-dewy-smooth-foundation-xlsImpprod2980151?sku=2225223,https://www.ulta.com/p/fit-me-dewy-smooth-foundation-xlsImpprod2980151,2225223,2225223,2225223,2225223
1160,https://www.ulta.com/p/megaglo-makeup-stick-contour-xlsImpprod16731047?sku=2518198,https://www.ulta.com/p/megaglo-makeup-stick-contour-xlsImpprod16731047,,2518198,2518198,2518198
1161,https://www.ulta.com/p/nudies-all-over-face-color-glow-prod16051029?sku=2584257,https://www.ulta.com/p/nudies-all-over-face-color-glow-prod16051029,2584257,2584257,2584257,2584257
1162,https://www.ulta.com/p/pro-contour-palette-with-contour-brush-xlsImpprod12541013?sku=2288835,https://www.ulta.com/p/pro-contour-palette-with-contour-brush-xlsImpprod12541013,,2288835,2288835,2288835
1163,https://www.ulta.com/p/ultra-contour-palette-xlsImpprod13661059?sku=2299874,https://www.ulta.com/p/ultra-contour-palette-xlsImpprod13661059,2299874,2299874,2299874,2299874
1164,https://www.ulta.com/p/modcon-liquid-gel-contour-pimprod2026654?sku=2584905,https://www.ulta.com/p/modcon-liquid-gel-contour-pimprod2026654,2584905,2584905,2584905,2584905
1165,https://www.ulta.com/p/travel-size-shape-tape-glow-wand-liquid-highlighter-pimprod2012614?sku=2557000,https://www.ulta.com/p/travel-size-shape-tape-glow-wand-liquid-highlighter-pimprod2012614,,2557000,2557000,2557000
1166,https://www.ulta.com/p/lowlight-liquid-contour-pimprod2037250?sku=2607268,https://www.ulta.com/p/lowlight-liquid-contour-pimprod2037250,,2607268,2607268,2607268
1167,https://www.ulta.com/p/pro-powder-palette-sculpt-highlight-pimprod2040345?sku=2612689,https://www.ulta.com/p/pro-powder-palette-sculpt-highlight-pimprod2040345,,2612689,2612689,2612689
1168,https://www.ulta.com/p/petite-pro-contour-palette-pimprod2025327?sku=2583762,https://www.ulta.com/p/petite-pro-contour-palette-pimprod2025327,,2583762,2583762,2583762
1169,https://www.ulta.com/p/pro-sculpt-concealer-palette-pimprod2040346?sku=2611142,https://www.ulta.com/p/pro-sculpt-concealer-palette-pimprod2040346,,2611142,2611142,2611142
117,https://www.ulta.com/p/cant-stop-wont-stop-24hr-full-coverage-matte-foundation-xlsImpprod18871063?sku=2531978,https://www.ulta.com/p/cant-stop-wont-stop-24hr-full-coverage-matte-foundation-xlsImpprod18871063,2531978,2531978,2531978,2531978
1170,https://www.ulta.com/p/megaglo-dual-ended-contour-stick-xlsImpprod16731041?sku=2518350,https://www.ulta.com/p/megaglo-dual-ended-contour-stick-xlsImpprod16731041,,2518350,2518350,2518350
1171,https://www.ulta.com/p/megaglo-contouring-palette-xlsImpprod16731039?sku=2518306,https://www.ulta.com/p/megaglo-contouring-palette-xlsImpprod16731039,,2518306,2518306,2518306
1172,https://www.ulta.com/p/symphony-face-obsession-pimprod2002013?sku=2540734,https://www.ulta.com/p/symphony-face-obsession-pimprod2002013,,2540734,2540734,2540734
1173,https://www.ulta.com/p/mega-cremes-4-in-1-color-cream-pimprod2037561?sku=2604018,https://www.ulta.com/p/mega-cremes-4-in-1-color-cream-pimprod2037561,2604018,2604018,2604018,2604018
1174,https://www.ulta.com/p/megaglo-makeup-stick-conceal-pimprod2012854?sku=2518213,https://www.ulta.com/p/megaglo-makeup-stick-conceal-pimprod2012854,,2518213,2518213,2518213
1176,https://www.ulta.com/p/sun-dreams-creamy-bronzer-contour-pimprod2033404?sku=2597876,https://www.ulta.com/p/sun-dreams-creamy-bronzer-contour-pimprod2033404,,2597876,2597876,2597876
1177,https://www.ulta.com/p/contour-quad-spectrum-palette-xlsImpprod15451045?sku=2506084,https://www.ulta.com/p/contour-quad-spectrum-palette-xlsImpprod15451045,,2506084,2506084,2506084
1178,https://www.ulta.com/p/double-take-freed-contour-stick-pimprod2040907?sku=2600890,https://www.ulta.com/p/double-take-freed-contour-stick-pimprod2040907,2600890,2600890,2600890,2600890
1179,https://www.ulta.com/p/cc-cream-with-spf-50-xlsImpprod5770257?sku=2264064,https://www.ulta.com/p/cc-cream-with-spf-50-xlsImpprod5770257,2264064,2264064,2264064,2264064
118,https://www.ulta.com/p/bare-with-me-blur-tint-soft-matte-foundation-pimprod2036633?sku=2601294,https://www.ulta.com/p/bare-with-me-blur-tint-soft-matte-foundation-pimprod2036633,,2601294,2601294,2601294
1180,https://www.ulta.com/p/bye-bye-redness-neutralizing-color-correcting-concealer-cream-xlsImpprod5770263?sku=2514627,https://www.ulta.com/p/bye-bye-redness-neutralizing-color-correcting-concealer-cream-xlsImpprod5770263,2514627,2514627,2514627,2514627
1181,https://www.ulta.com/p/pro-fix-stick-color-correcting-concealers-pimprod2042801?sku=2617411,https://www.ulta.com/p/pro-fix-stick-color-correcting-concealers-pimprod2042801,2617411,2617411,2617411,2617411
1182,https://www.ulta.com/p/skin-color-corrector-stick-pimprod2031590?sku=2595289,https://www.ulta.com/p/skin-color-corrector-stick-pimprod2031590,2595289,2595289,2595289,2595289
1183,https://www.ulta.com/p/smashbox-x-becca-under-eye-brightening-corrector-pimprod2028907?sku=2587128,https://www.ulta.com/p/smashbox-x-becca-under-eye-brightening-corrector-pimprod2028907,2587128,2587128,2587128,2587128
1184,https://www.ulta.com/p/banana-bright-vitamin-cc-eye-stick-pimprod2042305?sku=2617229,https://www.ulta.com/p/banana-bright-vitamin-cc-eye-stick-pimprod2042305,2617229,2617229,2617229,2617229
1185,https://www.ulta.com/p/shape-tape-corrector-pimprod2038418?sku=2606949,https://www.ulta.com/p/shape-tape-corrector-pimprod2038418,,2606949,2606949,2606949
1186,https://www.ulta.com/p/light-reflecting-eye-brightener-pimprod2039267?sku=2609675,https://www.ulta.com/p/light-reflecting-eye-brightener-pimprod2039267,2609675,2609675,2609675,2609675
1187,https://www.ulta.com/p/redness-solutions-makeup-broad-spectrum-spf-15-with-probiotic-technology-foundation-xlsImpprod10791925?sku=2567629,https://www.ulta.com/p/redness-solutions-makeup-broad-spectrum-spf-15-with-probiotic-technology-foundation-xlsImpprod10791925,2567629,2567629,2567629,2567629
1188,https://www.ulta.com/p/hd-pro-corrector-concealer-pimprod2022723?sku=2505288,https://www.ulta.com/p/hd-pro-corrector-concealer-pimprod2022723,,2505288,2505288,2505288
1189,https://www.ulta.com/p/lightweight-hd-pro-creamy-concealer-xlsImpprod15711051?sku=2505332,https://www.ulta.com/p/lightweight-hd-pro-creamy-concealer-xlsImpprod15711051,2505332,2505332,2505332,2505332
119,https://www.ulta.com/p/featuring-you-hydrating-skin-enhancing-tint-spf-30-pimprod2044322?sku=2622290,https://www.ulta.com/p/featuring-you-hydrating-skin-enhancing-tint-spf-30-pimprod2044322,,2622290,2622290,2622290
1190,https://www.ulta.com/p/undereye-corrector-pimprod2024878?sku=2583531,https://www.ulta.com/p/undereye-corrector-pimprod2024878,,2583531,2583531,2583531
1191,https://www.ulta.com/p/supercharged-brightening-undereye-tint-pimprod2021339?sku=2574042,https://www.ulta.com/p/supercharged-brightening-undereye-tint-pimprod2021339,2574042,2574042,2574042,2574042
1192,https://www.ulta.com/p/magic-vanish-color-corrector-pimprod2043353?sku=2619343,https://www.ulta.com/p/magic-vanish-color-corrector-pimprod2043353,,2619343,2619343,2619343
1193,https://www.ulta.com/p/3c-color-correcting-concealer-palette-xlsImpprod12011171?sku=2283240,https://www.ulta.com/p/3c-color-correcting-concealer-palette-xlsImpprod12011171,2283240,2283240,2283240,2283240
1194,https://www.ulta.com/p/camo-color-corrector-pimprod2037137?sku=2606625,https://www.ulta.com/p/camo-color-corrector-pimprod2037137,2606625,2606625,2606625,2606625
1195,https://www.ulta.com/p/correct-perfect-all-in-one-color-correcting-palette-xlsImpprod14021283?sku=2301052,https://www.ulta.com/p/correct-perfect-all-in-one-color-correcting-palette-xlsImpprod14021283,2301052,2301052,2301052,2301052
1196,https://www.ulta.com/p/huestick-corrector-pimprod2028533?sku=2588683,https://www.ulta.com/p/huestick-corrector-pimprod2028533,2588683,2588683,2588683,2588683
1197,https://www.ulta.com/p/redness-solutions-instant-relief-mineral-pressed-powder-xlsImpprod10791843?sku=2225326,https://www.ulta.com/p/redness-solutions-instant-relief-mineral-pressed-powder-xlsImpprod10791843,2225326,2225326,2225326,2225326
1198,https://www.ulta.com/p/even-better-all-over-primer-color-corrector-pimprod2033399?sku=2598022,https://www.ulta.com/p/even-better-all-over-primer-color-corrector-pimprod2033399,2598022,2598022,2598022,2598022
1199,https://www.ulta.com/p/putty-color-correcting-eye-brightener-pimprod2043550?sku=2617749,https://www.ulta.com/p/putty-color-correcting-eye-brightener-pimprod2043550,2617749,2617749,2617749,2617749
12,https://www.ulta.com/p/studio-fix-fluid-spf15-24hr-matte-foundation-oil-control-pimprod2044825?sku=2622206,https://www.ulta.com/p/studio-fix-fluid-spf15-24hr-matte-foundation-oil-control-pimprod2044825,2622206,2622206,2622206,2622206
120,https://www.ulta.com/p/pro-filtr-soft-matte-powder-foundation-pimprod2031422?sku=2592363,https://www.ulta.com/p/pro-filtr-soft-matte-powder-foundation-pimprod2031422,2592363,2592363,2592363,2592363
1200,https://www.ulta.com/p/studio-perfect-color-correcting-primer-in-green-xlsImpprod3280313?sku=2226206,https://www.ulta.com/p/studio-perfect-color-correcting-primer-in-green-xlsImpprod3280313,2226206,2226206,2226206,2226206
1202,https://www.ulta.com/p/hy-glam-correcting-concealer-pimprod2039342?sku=2609431,https://www.ulta.com/p/hy-glam-correcting-concealer-pimprod2039342,,2609431,2609431,2609431
1203,https://www.ulta.com/p/conceal-perfect-face-lift-collection-undereye-brightener-pimprod2034953?sku=2599610,https://www.ulta.com/p/conceal-perfect-face-lift-collection-undereye-brightener-pimprod2034953,2599610,2599610,2599610,2599610
1204,https://www.ulta.com/p/revolution-eye-bright-under-eye-corrector-pimprod2030020?sku=2593219,https://www.ulta.com/p/revolution-eye-bright-under-eye-corrector-pimprod2030020,,2593219,2593219,2593219
1205,https://www.ulta.com/p/bright-eyed-under-eye-corrector-pimprod2043497?sku=2617311,https://www.ulta.com/p/bright-eyed-under-eye-corrector-pimprod2043497,,2617311,2617311,2617311
1206,https://www.ulta.com/p/ambient-lighting-palette-volume-lll-pimprod2030239?sku=2592603,https://www.ulta.com/p/ambient-lighting-palette-volume-lll-pimprod2030239,2592603,2592603,2592603,2592603
1207,https://www.ulta.com/p/color-corrector-quad-spectrum-palette-xlsImpprod15451035?sku=2506087,https://www.ulta.com/p/color-corrector-quad-spectrum-palette-xlsImpprod15451035,,2506087,2506087,2506087
1208,https://www.ulta.com/p/hydropure-color-correcting-serum-with-hyaluronic-acid-coq10-pimprod2040030?sku=2614127,https://www.ulta.com/p/hydropure-color-correcting-serum-with-hyaluronic-acid-coq10-pimprod2040030,,2614127,2614127,2614127
1209,https://www.ulta.com/p/peeper-correct-color-corrector-pimprod2046252?sku=2625598,https://www.ulta.com/p/peeper-correct-color-corrector-pimprod2046252,,2625598,2625598,2625598
121,https://www.ulta.com/p/skin-silk-serum-foundation-pimprod2043761?sku=2618615,https://www.ulta.com/p/skin-silk-serum-foundation-pimprod2043761,,2618615,2618615,2618615
1210,https://www.ulta.com/p/match-stix-correcting-skinstick-pimprod2034279?sku=2597892,https://www.ulta.com/p/match-stix-correcting-skinstick-pimprod2034279,2597892,2597892,2597892,2597892
1211,https://www.ulta.com/p/color-correcting-liquid-concealer-pimprod2046546?sku=2620167,https://www.ulta.com/p/color-correcting-liquid-concealer-pimprod2046546,,2620167,2620167,2620167
1212,https://www.ulta.com/p/chill-out-smoothing-color-corrector-pimprod2024416?sku=2582653,https://www.ulta.com/p/chill-out-smoothing-color-corrector-pimprod2024416,,2582653,2582653,2582653
1213,https://www.ulta.com/p/correct-transform-pimprod2037679?sku=2607060,https://www.ulta.com/p/correct-transform-pimprod2037679,2607060,2607060,2607060,2607060
1215,https://www.ulta.com/p/all-nighter-waterproof-makeup-setting-spray-xlsImpprod15371001?sku=2503490,https://www.ulta.com/p/all-nighter-waterproof-makeup-setting-spray-xlsImpprod15371001,2503490,2503490,2503490,2503490
1216,https://www.ulta.com/p/translucent-loose-setting-powder-pimprod2012342?sku=2562494,https://www.ulta.com/p/translucent-loose-setting-powder-pimprod2012342,2562494,2562494,2562494,2562494
1217,https://www.ulta.com/p/continuous-setting-mist-xlsImpprod18351117?sku=2528888,https://www.ulta.com/p/continuous-setting-mist-xlsImpprod18351117,,2528888,2528888,2528888
1218,https://www.ulta.com/p/airbrush-flawless-setting-spray-pimprod2043342?sku=2619571,https://www.ulta.com/p/airbrush-flawless-setting-spray-pimprod2043342,2619571,2619571,2619571,2619571
1219,https://www.ulta.com/p/airbrush-flawless-finish-setting-powder-pimprod2043374?sku=2619306,https://www.ulta.com/p/airbrush-flawless-finish-setting-powder-pimprod2043374,2619306,2619306,2619306,2619306
122,https://www.ulta.com/p/born-this-way-soft-matte-foundation-pimprod2046210?sku=2627298,https://www.ulta.com/p/born-this-way-soft-matte-foundation-pimprod2046210,,2627298,2627298,2627298
1220,https://www.ulta.com/p/power-grip-dewy-setting-spray-pimprod2044791?sku=2621170,https://www.ulta.com/p/power-grip-dewy-setting-spray-pimprod2044791,2621170,2621170,2621170,2621170
1221,https://www.ulta.com/p/make-it-last-original-natural-finish-setting-spray-xlsImpprod17081093?sku=2519996,https://www.ulta.com/p/make-it-last-original-natural-finish-setting-spray-xlsImpprod17081093,2519996,2519996,2519996,2519996
1222,https://www.ulta.com/p/translucent-loose-setting-powder-ultra-blur-pimprod2034946?sku=2601179,https://www.ulta.com/p/translucent-loose-setting-powder-ultra-blur-pimprod2034946,2601179,2601179,2601179,2601179
1223,https://www.ulta.com/p/fit-me-matte-poreless-powder-xlsImpprod11851143?sku=2537847,https://www.ulta.com/p/fit-me-matte-poreless-powder-xlsImpprod11851143,2537847,2537847,2537847,2537847
1225,https://www.ulta.com/p/mineralize-skinfinish-natural-face-powder-xlsImpprod15921190?sku=2510649,https://www.ulta.com/p/mineralize-skinfinish-natural-face-powder-xlsImpprod15921190,2510649,2510649,2510649,2510649
1226,https://www.ulta.com/p/resetting-100-mineral-powder-sunscreen-spf-35-pa-pimprod2029916?sku=2589378,https://www.ulta.com/p/resetting-100-mineral-powder-sunscreen-spf-35-pa-pimprod2029916,2589378,2589378,2589378,2589378
1227,https://www.ulta.com/p/all-nighter-hyaluronic-acid-dewy-setting-spray-pimprod2045031?sku=2623551,https://www.ulta.com/p/all-nighter-hyaluronic-acid-dewy-setting-spray-pimprod2045031,2623551,2623551,2623551,2623551
1228,https://www.ulta.com/p/bake-set-soft-focus-setting-powder-pimprod2009225?sku=2553748,https://www.ulta.com/p/bake-set-soft-focus-setting-powder-pimprod2009225,,2553748,2553748,2553748
1229,https://www.ulta.com/p/blended-face-powder-xlsImpprod10791891?sku=2153517,https://www.ulta.com/p/blended-face-powder-xlsImpprod10791891,2153517,2153517,2153517,2153517
123,https://www.ulta.com/p/double-wear-makeup-pump-xlsImpprod16321438?sku=2515746,https://www.ulta.com/p/double-wear-makeup-pump-xlsImpprod16321438,2515746,2515746,2515746,2515746
1230,https://www.ulta.com/p/prep-prime-fix-primer-setting-spray-xlsImpprod15921204?sku=2510684,https://www.ulta.com/p/prep-prime-fix-primer-setting-spray-xlsImpprod15921204,2510684,2510684,2510684,2510684
1231,https://www.ulta.com/p/mineral-veil-setting-powder-VP11355?sku=5081177,https://www.ulta.com/p/mineral-veil-setting-powder-VP11355,5081177,5081177,5081177,5081177
1232,https://www.ulta.com/p/fit-me-loose-finishing-powder-xlsImpprod16211173?sku=2510255,https://www.ulta.com/p/fit-me-loose-finishing-powder-xlsImpprod16211173,2510255,2510255,2510255,2510255
1233,https://www.ulta.com/p/more-than-a-pretty-powder-skin-caring-loose-setting-powder-pimprod2045742?sku=2625330,https://www.ulta.com/p/more-than-a-pretty-powder-skin-caring-loose-setting-powder-pimprod2045742,,2625330,2625330,2625330
1234,https://www.ulta.com/p/travel-size-airbrush-flawless-setting-spray-pimprod2043334?sku=2619481,https://www.ulta.com/p/travel-size-airbrush-flawless-setting-spray-pimprod2043334,2619481,2619481,2619481,2619481
1235,https://www.ulta.com/p/pro-filtr-instant-retouch-setting-powder-pimprod2031432?sku=2592442,https://www.ulta.com/p/pro-filtr-instant-retouch-setting-powder-pimprod2031432,2592442,2592442,2592442,2592442
1236,https://www.ulta.com/p/continuous-prep-set-setting-mist-pimprod2039645?sku=2610861,https://www.ulta.com/p/continuous-prep-set-setting-mist-pimprod2039645,,2610861,2610861,2610861
1237,https://www.ulta.com/p/invisimatte-instant-setting-blotting-powder-pimprod2034002?sku=2599894,https://www.ulta.com/p/invisimatte-instant-setting-blotting-powder-pimprod2034002,2599894,2599894,2599894,2599894
1238,https://www.ulta.com/p/matte-finish-long-lasting-makeup-setting-spray-vegan-formula-xlsImpprod5050031?sku=2254931,https://www.ulta.com/p/matte-finish-long-lasting-makeup-setting-spray-vegan-formula-xlsImpprod5050031,2254931,2254931,2254931,2254931
1239,https://www.ulta.com/p/halo-glow-setting-powder-pimprod2020785?sku=2574627,https://www.ulta.com/p/halo-glow-setting-powder-pimprod2020785,2574627,2574627,2574627,2574627
124,https://www.ulta.com/p/hint-hint-skin-tint-pimprod2017569?sku=2569296,https://www.ulta.com/p/hint-hint-skin-tint-pimprod2017569,2569296,2569296,2569296,2569296
1240,https://www.ulta.com/p/all-nighter-waterproof-setting-powder-xlsImpprod18271004?sku=2527641,https://www.ulta.com/p/all-nighter-waterproof-setting-powder-xlsImpprod18271004,2527641,2527641,2527641,2527641
1241,https://www.ulta.com/p/mini-mac-prep-prime-fix-primer-setting-spray-xlsImpprod15921206?sku=2510727,https://www.ulta.com/p/mini-mac-prep-prime-fix-primer-setting-spray-xlsImpprod15921206,2510727,2510727,2510727,2510727
1242,https://www.ulta.com/p/creaseless-loose-setting-powder-pimprod2045800?sku=2624750,https://www.ulta.com/p/creaseless-loose-setting-powder-pimprod2045800,,2624750,2624750,2624750
1243,https://www.ulta.com/p/bye-bye-pores-pressed-pore-minimizing-setting-powder-xlsImpprod12841021?sku=2290474,https://www.ulta.com/p/bye-bye-pores-pressed-pore-minimizing-setting-powder-xlsImpprod12841021,2290474,2290474,2290474,2290474
1244,https://www.ulta.com/p/bye-bye-pores-translucent-loose-setting-powder-xlsImpprod5770265?sku=2264078,https://www.ulta.com/p/bye-bye-pores-translucent-loose-setting-powder-xlsImpprod5770265,2264078,2264078,2264078,2264078
1245,https://www.ulta.com/p/veil-translucent-setting-powder-pimprod2020474?sku=2572599,https://www.ulta.com/p/veil-translucent-setting-powder-pimprod2020474,2572599,2572599,2572599,2572599
1246,https://www.ulta.com/p/all-nighter-ultra-matte-setting-spray-pimprod2012119?sku=2556547,https://www.ulta.com/p/all-nighter-ultra-matte-setting-spray-pimprod2012119,2556547,2556547,2556547,2556547
1247,https://www.ulta.com/p/stay-all-night-micro-fine-setting-mist-pimprod2017176?sku=2567177,https://www.ulta.com/p/stay-all-night-micro-fine-setting-mist-pimprod2017176,2567177,2567177,2567177,2567177
1248,https://www.ulta.com/p/face-tape-pressed-powder-pimprod2044679?sku=2621965,https://www.ulta.com/p/face-tape-pressed-powder-pimprod2044679,2621965,2621965,2621965,2621965
1249,https://www.ulta.com/p/translucent-pressed-setting-powder-ultra-blur-pimprod2045027?sku=2622822,https://www.ulta.com/p/translucent-pressed-setting-powder-ultra-blur-pimprod2045027,2622822,2622822,2622822,2622822
125,https://www.ulta.com/p/forever-natural-matte-velvet-compact-foundation-pimprod2045605?sku=2625554,https://www.ulta.com/p/forever-natural-matte-velvet-compact-foundation-pimprod2045605,,2625554,2625554,2625554
1250,https://www.ulta.com/p/porefessional-super-setter-long-lasting-makeup-setting-spray-pimprod2020913?sku=2572791,https://www.ulta.com/p/porefessional-super-setter-long-lasting-makeup-setting-spray-pimprod2020913,2572791,2572791,2572791,2572791
1251,https://www.ulta.com/p/superfix-misting-spray-pimprod2022387?sku=2574452,https://www.ulta.com/p/superfix-misting-spray-pimprod2022387,2574452,2574452,2574452,2574452
1252,https://www.ulta.com/p/mini-continuous-setting-mist-pimprod2017654?sku=2569792,https://www.ulta.com/p/mini-continuous-setting-mist-pimprod2017654,,2569792,2569792,2569792
1253,https://www.ulta.com/p/mineral-veil-finishing-powder-broad-spectrum-spf-25-xlsImpprod1840021?sku=2215316,https://www.ulta.com/p/mineral-veil-finishing-powder-broad-spectrum-spf-25-xlsImpprod1840021,2215316,2215316,2215316,2215316
1254,https://www.ulta.com/p/pretty-fresh-pressed-face-powder-pimprod2030914?sku=2593136,https://www.ulta.com/p/pretty-fresh-pressed-face-powder-pimprod2030914,,2593136,2593136,2593136
1255,https://www.ulta.com/p/loose-setting-powder-90?sku=2278300,https://www.ulta.com/p/loose-setting-powder-90,2278300,2278300,2278300,2278300
1256,https://www.ulta.com/p/mineral-matte-loose-finishing-powder-xlsImpprod5050037?sku=2254936,https://www.ulta.com/p/mineral-matte-loose-finishing-powder-xlsImpprod5050037,2254936,2254936,2254936,2254936
1257,https://www.ulta.com/p/mini-translucent-loose-setting-powder-ultra-blur-pimprod2042328?sku=2616140,https://www.ulta.com/p/mini-translucent-loose-setting-powder-ultra-blur-pimprod2042328,2616140,2616140,2616140,2616140
1258,https://www.ulta.com/p/translucent-loose-setting-powder-pimprod2008582?sku=2551083,https://www.ulta.com/p/translucent-loose-setting-powder-pimprod2008582,2551083,2551083,2551083,2551083
1259,https://www.ulta.com/p/makeup-setting-spray-organic-sunscreen-spf-30-xlsImpprod12131017?sku=2287002,https://www.ulta.com/p/makeup-setting-spray-organic-sunscreen-spf-30-xlsImpprod12131017,2287002,2287002,2287002,2287002
126,https://www.ulta.com/p/mini-halo-healthy-glow-tinted-moisturizer-broad-spectrum-spf-25-pimprod2033372?sku=2596512,https://www.ulta.com/p/mini-halo-healthy-glow-tinted-moisturizer-broad-spectrum-spf-25-pimprod2033372,2596512,2596512,2596512,2596512
1260,https://www.ulta.com/p/de-slick-oil-control-setting-spray-xlsImpprod15371017?sku=2503492,https://www.ulta.com/p/de-slick-oil-control-setting-spray-xlsImpprod15371017,2503492,2503492,2503492,2503492
1261,https://www.ulta.com/p/illuminating-mineral-veil-setting-powder-prod2138919?sku=2138919,https://www.ulta.com/p/illuminating-mineral-veil-setting-powder-prod2138919,,2138919,2138919,2138919
1262,https://www.ulta.com/p/secret-brightening-powder-under-eyes-pimprod2012344?sku=2586416,https://www.ulta.com/p/secret-brightening-powder-under-eyes-pimprod2012344,,2586416,2586416,2586416
1263,https://www.ulta.com/p/smooth-operator-amazonian-clay-tinted-pressed-setting-powder-xlsImpprod11771011?sku=2282470,https://www.ulta.com/p/smooth-operator-amazonian-clay-tinted-pressed-setting-powder-xlsImpprod11771011,2282470,2282470,2282470,2282470
1264,https://www.ulta.com/p/porefessional-super-setter-long-lasting-makeup-setting-spray-mini-pimprod2040598?sku=2572792,https://www.ulta.com/p/porefessional-super-setter-long-lasting-makeup-setting-spray-mini-pimprod2040598,2572792,2572792,2572792,2572792
1265,https://www.ulta.com/p/true-match-super-blendable-powder-VP10394?sku=2107730,https://www.ulta.com/p/true-match-super-blendable-powder-VP10394,2107730,2107730,2107730,2107730
1266,https://www.ulta.com/p/loose-baking-powder-pimprod2003250?sku=2505770,https://www.ulta.com/p/loose-baking-powder-pimprod2003250,2505770,2505770,2505770,2505770
1267,https://www.ulta.com/p/studio-fix-pro-set-blur-weightless-loose-powder-pimprod2038203?sku=2609367,https://www.ulta.com/p/studio-fix-pro-set-blur-weightless-loose-powder-pimprod2038203,2609367,2609367,2609367,2609367
1268,https://www.ulta.com/p/totally-set-mini-brighten-set-powder-duo-pimprod2043963?sku=2621491,https://www.ulta.com/p/totally-set-mini-brighten-set-powder-duo-pimprod2043963,2621491,2621491,2621491,2621491
1269,https://www.ulta.com/p/original-mineral-veil-set-protect-talc-free-setting-powder-mineral-spf-25-pa-pimprod2045195?sku=2623851,https://www.ulta.com/p/original-mineral-veil-set-protect-talc-free-setting-powder-mineral-spf-25-pa-pimprod2045195,2623851,2623851,2623851,2623851
127,https://www.ulta.com/p/smooth-finish-foundation-powder-pimprod2026345?sku=2586418,https://www.ulta.com/p/smooth-finish-foundation-powder-pimprod2026345,,2586418,2586418,2586418
1270,https://www.ulta.com/p/marsh-mellow-matte-setting-spray-pimprod2042789?sku=2617111,https://www.ulta.com/p/marsh-mellow-matte-setting-spray-pimprod2042789,2617111,2617111,2617111,2617111
1271,https://www.ulta.com/p/all-nighter-vitamin-c-hydrating-setting-spray-pimprod2032530?sku=2595985,https://www.ulta.com/p/all-nighter-vitamin-c-hydrating-setting-spray-pimprod2032530,2595985,2595985,2595985,2595985
1272,https://www.ulta.com/p/jumbo-bake-set-soft-focus-setting-powder-pimprod2043957?sku=2621391,https://www.ulta.com/p/jumbo-bake-set-soft-focus-setting-powder-pimprod2043957,2621391,2621391,2621391,2621391
1274,https://www.ulta.com/p/all-nighter-extra-glow-dewy-setting-spray-pimprod2017480?sku=2567751,https://www.ulta.com/p/all-nighter-extra-glow-dewy-setting-spray-pimprod2017480,2567751,2567751,2567751,2567751
1275,https://www.ulta.com/p/brighten-up-banana-powder-pimprod2040238?sku=2611069,https://www.ulta.com/p/brighten-up-banana-powder-pimprod2040238,2611069,2611069,2611069,2611069
1276,https://www.ulta.com/p/fix-stay-over-alcohol-free-16hr-setting-spray-pimprod2033511?sku=2597454,https://www.ulta.com/p/fix-stay-over-alcohol-free-16hr-setting-spray-pimprod2033511,2597454,2597454,2597454,2597454
1277,https://www.ulta.com/p/cant-stop-wont-stop-all-day-mattifying-powder-pimprod2026311?sku=2583789,https://www.ulta.com/p/cant-stop-wont-stop-all-day-mattifying-powder-pimprod2026311,,2583789,2583789,2583789
1278,https://www.ulta.com/p/shape-tape-stay-spray-setting-spray-pimprod2007204?sku=2547935,https://www.ulta.com/p/shape-tape-stay-spray-setting-spray-pimprod2007204,,2547935,2547935,2547935
1279,https://www.ulta.com/p/dewy-finish-long-lasting-makeup-setting-spray-vegan-formula-xlsImpprod5050033?sku=2254932,https://www.ulta.com/p/dewy-finish-long-lasting-makeup-setting-spray-vegan-formula-xlsImpprod5050033,2254932,2254932,2254932,2254932
128,https://www.ulta.com/p/i-am-magic-powder-foundation-pimprod2037104?sku=2607291,https://www.ulta.com/p/i-am-magic-powder-foundation-pimprod2037104,,2607291,2607291,2607291
1280,https://www.ulta.com/p/all-nighter-hyaluronic-acid-dewy-setting-spray-pimprod2045031?sku=2623551,https://www.ulta.com/p/all-nighter-hyaluronic-acid-dewy-setting-spray-pimprod2045031,2623551,2623551,2623551,2623551
1281,https://www.ulta.com/p/original-mineral-veil-pressed-setting-powder-translucent-pimprod2025830?sku=2582216,https://www.ulta.com/p/original-mineral-veil-pressed-setting-powder-translucent-pimprod2025830,2582216,2582216,2582216,2582216
1282,https://www.ulta.com/p/hangover-3-in-1-replenishing-primer-setting-spray-xlsImpprod16171207?sku=2513749,https://www.ulta.com/p/hangover-3-in-1-replenishing-primer-setting-spray-xlsImpprod16171207,2513749,2513749,2513749,2513749
1283,https://www.ulta.com/p/all-nighter-ultra-matte-setting-spray-pimprod2012119?sku=2556547,https://www.ulta.com/p/all-nighter-ultra-matte-setting-spray-pimprod2012119,2556547,2556547,2556547,2556547
1285,https://www.ulta.com/p/hd-finishing-powder-pressed-setting-powder-xlsImpprod12011173?sku=2283242,https://www.ulta.com/p/hd-finishing-powder-pressed-setting-powder-xlsImpprod12011173,2283242,2283242,2283242,2283242
1286,https://www.ulta.com/p/blended-face-powder-xlsImpprod10791891?sku=2157841,https://www.ulta.com/p/blended-face-powder-xlsImpprod10791891,2157841,2157841,2157841,2157841
1287,https://www.ulta.com/p/lock-it-finishing-powder-pimprod2018115?sku=2570903,https://www.ulta.com/p/lock-it-finishing-powder-pimprod2018115,2570903,2570903,2570903,2570903
1288,https://www.ulta.com/p/sheer-finish-all-day-oil-control-pressed-powder-pimprod2041407?sku=2612319,https://www.ulta.com/p/sheer-finish-all-day-oil-control-pressed-powder-pimprod2041407,2612319,2612319,2612319,2612319
1289,https://www.ulta.com/p/stay-all-day-blue-light-micro-setting-mist-pimprod2030074?sku=2591796,https://www.ulta.com/p/stay-all-day-blue-light-micro-setting-mist-pimprod2030074,2591796,2591796,2591796,2591796
129,https://www.ulta.com/p/studio-waterweight-spf-30-liquid-foundation-makeup-xlsImpprod15921246?sku=2510616,https://www.ulta.com/p/studio-waterweight-spf-30-liquid-foundation-makeup-xlsImpprod15921246,2510616,2510616,2510616,2510616
1290,https://www.ulta.com/p/light-reflecting-pressed-setting-powder-pimprod2009409?sku=2591171,https://www.ulta.com/p/light-reflecting-pressed-setting-powder-pimprod2009409,2591171,2591171,2591171,2591171
1291,https://www.ulta.com/p/prep-prime-fix-primer-setting-spray-xlsImpprod15921204?sku=2510684,https://www.ulta.com/p/prep-prime-fix-primer-setting-spray-xlsImpprod15921204,2510684,2510684,2510684,2510684
1292,https://www.ulta.com/p/your-skin-but-better-setting-spray-hydrating-mist-pimprod2015099?sku=2562519,https://www.ulta.com/p/your-skin-but-better-setting-spray-hydrating-mist-pimprod2015099,2562519,2562519,2562519,2562519
1293,https://www.ulta.com/p/facial-spray-with-aloe-cucumber-green-tea-xlsImpprod15471023?sku=2515878,https://www.ulta.com/p/facial-spray-with-aloe-cucumber-green-tea-xlsImpprod15471023,,2515878,2515878,2515878
1294,https://www.ulta.com/p/translucent-loose-setting-powder-ultra-blur-pimprod2034946?sku=2601177,https://www.ulta.com/p/translucent-loose-setting-powder-ultra-blur-pimprod2034946,2601177,2601177,2601177,2601177
1295,https://www.ulta.com/p/makeup-insurance-longwear-setting-spray-blue-light-defense-pimprod2036994?sku=2603719,https://www.ulta.com/p/makeup-insurance-longwear-setting-spray-blue-light-defense-pimprod2036994,2603719,2603719,2603719,2603719
1296,https://www.ulta.com/p/high-definition-powder-xlsImpprod14521159?sku=2500446,https://www.ulta.com/p/high-definition-powder-xlsImpprod14521159,2500446,2500446,2500446,2500446
1297,https://www.ulta.com/p/travel-size-veil-translucent-setting-powder-pimprod2020486?sku=2572598,https://www.ulta.com/p/travel-size-veil-translucent-setting-powder-pimprod2020486,2572598,2572598,2572598,2572598
1298,https://www.ulta.com/p/light-reflecting-makeup-setting-mist-pimprod2045436?sku=2624004,https://www.ulta.com/p/light-reflecting-makeup-setting-mist-pimprod2045436,,2624004,2624004,2624004
1299,https://www.ulta.com/p/sunsetter-spf-30-high-protection-broad-spectrum-setting-spray-pimprod2039647?sku=2610862,https://www.ulta.com/p/sunsetter-spf-30-high-protection-broad-spectrum-setting-spray-pimprod2039647,,2610862,2610862,2610862
13,https://www.ulta.com/p/dior-forever-fluid-skin-glow-foundation-pimprod2036824?sku=2605037,https://www.ulta.com/p/dior-forever-fluid-skin-glow-foundation-pimprod2036824,2605037,2605037,2605037,2605037
130,https://www.ulta.com/p/conceal-define-full-coverage-foundation-pimprod2000323?sku=2542368,https://www.ulta.com/p/conceal-define-full-coverage-foundation-pimprod2000323,,2542368,2542368,2542368
1300,https://www.ulta.com/p/original-mineral-veil-set-protect-talc-free-setting-powder-mineral-spf-25-pa-pimprod2045195?sku=2623851,https://www.ulta.com/p/original-mineral-veil-set-protect-talc-free-setting-powder-mineral-spf-25-pa-pimprod2045195,2623851,2623851,2623851,2623851
1301,https://www.ulta.com/p/mini-bake-set-soft-focus-setting-powder-pimprod2043959?sku=2621392,https://www.ulta.com/p/mini-bake-set-soft-focus-setting-powder-pimprod2043959,2621392,2621392,2621392,2621392
1302,https://www.ulta.com/p/bye-bye-pores-translucent-loose-setting-powder-xlsImpprod5770265?sku=2264078,https://www.ulta.com/p/bye-bye-pores-translucent-loose-setting-powder-xlsImpprod5770265,2264078,2264078,2264078,2264078
1303,https://www.ulta.com/p/fix-magic-radiance-all-day-hydrating-spray-vitamin-c-pimprod2014804?sku=2562867,https://www.ulta.com/p/fix-magic-radiance-all-day-hydrating-spray-vitamin-c-pimprod2014804,,2562867,2562867,2562867
1304,https://www.ulta.com/p/dewy-set-hydrating-setting-spray-pimprod2004260?sku=2543372,https://www.ulta.com/p/dewy-set-hydrating-setting-spray-pimprod2004260,2543372,2543372,2543372,2543372
1305,https://www.ulta.com/p/dewy-set-hydrating-setting-spray-mini-pimprod2016176?sku=2564261,https://www.ulta.com/p/dewy-set-hydrating-setting-spray-mini-pimprod2016176,2564261,2564261,2564261,2564261
1306,https://www.ulta.com/p/real-flawless-luminous-perfecting-talc-free-pressed-finishing-powder-pimprod2038474?sku=2608652,https://www.ulta.com/p/real-flawless-luminous-perfecting-talc-free-pressed-finishing-powder-pimprod2038474,2608652,2608652,2608652,2608652
1308,https://www.ulta.com/p/uncomplikated-spf-soft-focus-makeup-setting-spray-broad-spectrum-spf-50-sunscreen-xlsImpprod18731179?sku=2531116,https://www.ulta.com/p/uncomplikated-spf-soft-focus-makeup-setting-spray-broad-spectrum-spf-50-sunscreen-xlsImpprod18731179,,2531116,2531116,2531116
1309,https://www.ulta.com/p/lasting-fix-makeup-setting-spray-pimprod2006667?sku=2545896,https://www.ulta.com/p/lasting-fix-makeup-setting-spray-pimprod2006667,2545896,2545896,2545896,2545896
131,https://www.ulta.com/p/true-color-skin-perfecting-stick-foundation-spf-15-pimprod2022198?sku=2579236,https://www.ulta.com/p/true-color-skin-perfecting-stick-foundation-spf-15-pimprod2022198,2579236,2579236,2579236,2579236
1310,https://www.ulta.com/p/mineral-veil-finishing-powder-broad-spectrum-spf-25-xlsImpprod1840021?sku=2215316,https://www.ulta.com/p/mineral-veil-finishing-powder-broad-spectrum-spf-25-xlsImpprod1840021,2215316,2215316,2215316,2215316
1311,https://www.ulta.com/p/airbrush-flawless-finish-brightening-powder-pimprod2043341?sku=2619430,https://www.ulta.com/p/airbrush-flawless-finish-brightening-powder-pimprod2043341,,2619430,2619430,2619430
1312,https://www.ulta.com/p/translucent-loose-setting-powder-pimprod2012342?sku=2559917,https://www.ulta.com/p/translucent-loose-setting-powder-pimprod2012342,2559917,2559917,2559917,2559917
1313,https://www.ulta.com/p/translucent-loose-setting-powder-mini-pimprod2017503?sku=2568385,https://www.ulta.com/p/translucent-loose-setting-powder-mini-pimprod2017503,2568385,2568385,2568385,2568385
1314,https://www.ulta.com/p/lock-it-setting-powder-pimprod2018119?sku=2570683,https://www.ulta.com/p/lock-it-setting-powder-pimprod2018119,2570683,2570683,2570683,2570683
1315,https://www.ulta.com/p/photo-focus-loose-setting-powder-pimprod2007361?sku=2548494,https://www.ulta.com/p/photo-focus-loose-setting-powder-pimprod2007361,,2548494,2548494,2548494
1316,https://www.ulta.com/p/perfect-finish-hd-powder-xlsImpprod14521161?sku=2500458,https://www.ulta.com/p/perfect-finish-hd-powder-xlsImpprod14521161,2500458,2500458,2500458,2500458
1317,https://www.ulta.com/p/smooth-operator-amazonian-clay-finishing-powder-pimprod2035132?sku=2600461,https://www.ulta.com/p/smooth-operator-amazonian-clay-finishing-powder-pimprod2035132,2600461,2600461,2600461,2600461
1318,https://www.ulta.com/p/bye-bye-pores-pressed-pore-minimizing-setting-powder-xlsImpprod12841021?sku=2290474,https://www.ulta.com/p/bye-bye-pores-pressed-pore-minimizing-setting-powder-xlsImpprod12841021,2290474,2290474,2290474,2290474
1319,https://www.ulta.com/p/pregame-setting-spray-moisturizing-skin-serum-pimprod2036207?sku=2602251,https://www.ulta.com/p/pregame-setting-spray-moisturizing-skin-serum-pimprod2036207,2602251,2602251,2602251,2602251
132,https://www.ulta.com/p/skin-foundation-stick-pimprod2046113?sku=2628927,https://www.ulta.com/p/skin-foundation-stick-pimprod2046113,,2628927,2628927,2628927
1320,https://www.ulta.com/p/born-this-way-ethereal-setting-powder-pimprod2033910?sku=2598671,https://www.ulta.com/p/born-this-way-ethereal-setting-powder-pimprod2033910,2598671,2598671,2598671,2598671
1321,https://www.ulta.com/p/prep-set-glow-hydrating-setting-spray-xlsImpprod19021007?sku=2536945,https://www.ulta.com/p/prep-set-glow-hydrating-setting-spray-xlsImpprod19021007,,2536945,2536945,2536945
1322,https://www.ulta.com/p/phyto-pigments-flawless-finishing-powder-xlsImpprod13581207?sku=2295516,https://www.ulta.com/p/phyto-pigments-flawless-finishing-powder-xlsImpprod13581207,,2295516,2295516,2295516
1323,https://www.ulta.com/p/translucent-loose-setting-powder-light-catcher-pimprod2026622?sku=2581649,https://www.ulta.com/p/translucent-loose-setting-powder-light-catcher-pimprod2026622,2581649,2581649,2581649,2581649
1324,https://www.ulta.com/p/travel-size-shape-tape-stay-spray-setting-spray-pimprod2007201?sku=2547937,https://www.ulta.com/p/travel-size-shape-tape-stay-spray-setting-spray-pimprod2007201,,2547937,2547937,2547937
1325,https://www.ulta.com/p/bare-with-me-aloe-cucumber-extract-primer-setting-spray-pimprod2005920?sku=2542640,https://www.ulta.com/p/bare-with-me-aloe-cucumber-extract-primer-setting-spray-pimprod2005920,2542640,2542640,2542640,2542640
1326,https://www.ulta.com/p/no-filter-loose-setting-powder-pimprod2030981?sku=2592771,https://www.ulta.com/p/no-filter-loose-setting-powder-pimprod2030981,2592771,2592771,2592771,2592771
1327,https://www.ulta.com/p/setting-powder-pimprod2028522?sku=2585677,https://www.ulta.com/p/setting-powder-pimprod2028522,2585677,2585677,2585677,2585677
1328,https://www.ulta.com/p/shape-tape-setting-powder-pimprod2036959?sku=2604054,https://www.ulta.com/p/shape-tape-setting-powder-pimprod2036959,,2604054,2604054,2604054
1329,https://www.ulta.com/p/make-it-last-matte-matte-finish-charcoal-setting-spray-pimprod2003041?sku=2539493,https://www.ulta.com/p/make-it-last-matte-matte-finish-charcoal-setting-spray-pimprod2003041,2539493,2539493,2539493,2539493
133,https://www.ulta.com/p/pro-matte-mixing-pigment-pimprod2003317?sku=2540123,https://www.ulta.com/p/pro-matte-mixing-pigment-pimprod2003317,2540123,2540123,2540123,2540123
1330,https://www.ulta.com/p/hd-studio-finishing-powder-translucent-setting-powder-xlsImpprod5050061?sku=2254920,https://www.ulta.com/p/hd-studio-finishing-powder-translucent-setting-powder-xlsImpprod5050061,2254920,2254920,2254920,2254920
1332,https://www.ulta.com/p/pro-face-matte-pressed-powder-xlsImpprod15711053?sku=2578044,https://www.ulta.com/p/pro-face-matte-pressed-powder-xlsImpprod15711053,,2578044,2578044,2578044
1333,https://www.ulta.com/p/clean-pressed-powder-xlsImpprod1880073?sku=2212995,https://www.ulta.com/p/clean-pressed-powder-xlsImpprod1880073,,2212995,2212995,2212995
1334,https://www.ulta.com/p/i-am-magic-loose-setting-powder-pimprod2008268?sku=2552139,https://www.ulta.com/p/i-am-magic-loose-setting-powder-pimprod2008268,,2552139,2552139,2552139
1335,https://www.ulta.com/p/dewy-coconut-setting-mist-pimprod2020775?sku=2574688,https://www.ulta.com/p/dewy-coconut-setting-mist-pimprod2020775,2574688,2574688,2574688,2574688
1336,https://www.ulta.com/p/mineral-wear-talc-free-mineral-airbrushing-pressed-powder-spf-30-xlsImpprod4090139?sku=2241353,https://www.ulta.com/p/mineral-wear-talc-free-mineral-airbrushing-pressed-powder-spf-30-xlsImpprod4090139,2241353,2241353,2241353,2241353
1337,https://www.ulta.com/p/invisible-touch-face-fixing-powder-pimprod2020361?sku=2576110,https://www.ulta.com/p/invisible-touch-face-fixing-powder-pimprod2020361,,2576110,2576110,2576110
1338,https://www.ulta.com/p/stay-matte-invisible-blotting-powder-xlsImpprod14021261?sku=2302018,https://www.ulta.com/p/stay-matte-invisible-blotting-powder-xlsImpprod14021261,2302018,2302018,2302018,2302018
1339,https://www.ulta.com/p/glowsetting-powder-100-mineral-spf-35-pimprod2039650?sku=2613562,https://www.ulta.com/p/glowsetting-powder-100-mineral-spf-35-pimprod2039650,,2613562,2613562,2613562
134,https://www.ulta.com/p/i-am-magic-natural-radiance-foundation-pimprod2037106?sku=2607324,https://www.ulta.com/p/i-am-magic-natural-radiance-foundation-pimprod2037106,,2607324,2607324,2607324
1340,https://www.ulta.com/p/clean-fresh-pressed-powder-pimprod2017083?sku=2566112,https://www.ulta.com/p/clean-fresh-pressed-powder-pimprod2017083,2566112,2566112,2566112,2566112
1341,https://www.ulta.com/p/luminous-setting-spray-pimprod2013539?sku=2610863,https://www.ulta.com/p/luminous-setting-spray-pimprod2013539,,2610863,2610863,2610863
1342,https://www.ulta.com/p/smooth-operator-amazonian-clay-pressed-finishing-powder-xlsImpprod10111096?sku=2272084,https://www.ulta.com/p/smooth-operator-amazonian-clay-pressed-finishing-powder-xlsImpprod10111096,2272084,2272084,2272084,2272084
1343,https://www.ulta.com/p/porefection-baked-perfecting-powder-xlsImpprod3540005?sku=2232638,https://www.ulta.com/p/porefection-baked-perfecting-powder-xlsImpprod3540005,,2232638,2232638,2232638
1344,https://www.ulta.com/p/lock-it-finishing-powder-refill-pimprod2018116?sku=2571106,https://www.ulta.com/p/lock-it-finishing-powder-refill-pimprod2018116,,2571106,2571106,2571106
1345,https://www.ulta.com/p/make-it-last-sunscreen-sunscreen-setting-spray-spf-30-pimprod2016620?sku=2565913,https://www.ulta.com/p/make-it-last-sunscreen-sunscreen-setting-spray-spf-30-pimprod2016620,2565913,2565913,2565913,2565913
1346,https://www.ulta.com/p/simply-ageless-instant-wrinkle-blurring-pressed-powder-pimprod2021918?sku=2573423,https://www.ulta.com/p/simply-ageless-instant-wrinkle-blurring-pressed-powder-pimprod2021918,2573423,2573423,2573423,2573423
1347,https://www.ulta.com/p/invisimatte-refill-instant-setting-blotting-powder-pimprod2034003?sku=2599895,https://www.ulta.com/p/invisimatte-refill-instant-setting-blotting-powder-pimprod2034003,,2599895,2599895,2599895
1348,https://www.ulta.com/p/clean-invisible-loose-powder-pimprod2037110?sku=2604115,https://www.ulta.com/p/clean-invisible-loose-powder-pimprod2037110,2604115,2604115,2604115,2604115
1349,https://www.ulta.com/p/fix-it-forget-it-hydrating-makeup-setting-spray-xlsImpprod18981055?sku=2533974,https://www.ulta.com/p/fix-it-forget-it-hydrating-makeup-setting-spray-xlsImpprod18981055,2533974,2533974,2533974,2533974
1350,https://www.ulta.com/p/set-refresh-perfecting-makeup-mist-xlsImpprod16641031?sku=2515496,https://www.ulta.com/p/set-refresh-perfecting-makeup-mist-xlsImpprod16641031,2515496,2515496,2515496,2515496
1351,https://www.ulta.com/p/mattifying-setting-spray-pimprod2040790?sku=2614030,https://www.ulta.com/p/mattifying-setting-spray-pimprod2040790,,2614030,2614030,2614030
1352,https://www.ulta.com/p/light-illusion-perfecting-powder-xlsImpprod17631335?sku=2524959,https://www.ulta.com/p/light-illusion-perfecting-powder-xlsImpprod17631335,,2524959,2524959,2524959
1353,https://www.ulta.com/p/light-reflecting-setting-powder-loose-xlsImpprod15251333?sku=2591167,https://www.ulta.com/p/light-reflecting-setting-powder-loose-xlsImpprod15251333,2591167,2591167,2591167,2591167
1354,https://www.ulta.com/p/lock-last-water-resistant-setting-spray-pimprod2024518?sku=2581187,https://www.ulta.com/p/lock-last-water-resistant-setting-spray-pimprod2024518,2581187,2581187,2581187,2581187
1355,https://www.ulta.com/p/trippin-smooth-powder-pimprod2033295?sku=2597861,https://www.ulta.com/p/trippin-smooth-powder-pimprod2033295,2597861,2597861,2597861,2597861
1356,https://www.ulta.com/p/hueskin-brightening-core-setting-powder-pimprod2043873?sku=2621482,https://www.ulta.com/p/hueskin-brightening-core-setting-powder-pimprod2043873,2621482,2621482,2621482,2621482
1357,https://www.ulta.com/p/illuminating-banana-powder-xlsImpprod18931408?sku=2532495,https://www.ulta.com/p/illuminating-banana-powder-xlsImpprod18931408,2532495,2532495,2532495,2532495
1358,https://www.ulta.com/p/facial-spray-with-aloe-chamomile-lavender-xlsImpprod17411021?sku=2520093,https://www.ulta.com/p/facial-spray-with-aloe-chamomile-lavender-xlsImpprod17411021,2520093,2520093,2520093,2520093
1359,https://www.ulta.com/p/jet-set-invisible-powder-spray-pimprod2026950?sku=2587389,https://www.ulta.com/p/jet-set-invisible-powder-spray-pimprod2026950,,2587389,2587389,2587389
136,https://www.ulta.com/p/olay-simply-ageless-instant-wrinkle-defying-foundation-with-spf-28-xlsImpprod1060098?sku=2165912,https://www.ulta.com/p/olay-simply-ageless-instant-wrinkle-defying-foundation-with-spf-28-xlsImpprod1060098,2165912,2165912,2165912,2165912
1360,https://www.ulta.com/p/photo-focus-loose-setting-powder-banana-pimprod2013415?sku=2558455,https://www.ulta.com/p/photo-focus-loose-setting-powder-banana-pimprod2013415,,2558455,2558455,2558455
1361,https://www.ulta.com/p/veil-soft-focus-setting-spray-pimprod2020487?sku=2572573,https://www.ulta.com/p/veil-soft-focus-setting-spray-pimprod2020487,2572573,2572573,2572573,2572573
1362,https://www.ulta.com/p/high-definition-pressed-finishing-powder-mini-pimprod2003407?sku=2540538,https://www.ulta.com/p/high-definition-pressed-finishing-powder-mini-pimprod2003407,,2540538,2540538,2540538
1363,https://www.ulta.com/p/hd-pro-setting-finish-spray-xlsImpprod15711031?sku=2504749,https://www.ulta.com/p/hd-pro-setting-finish-spray-xlsImpprod15711031,,2504749,2504749,2504749
1364,https://www.ulta.com/p/ceramide-boost-fixing-spray-pimprod2037681?sku=2607217,https://www.ulta.com/p/ceramide-boost-fixing-spray-pimprod2037681,2607217,2607217,2607217,2607217
1365,https://www.ulta.com/p/illuminating-glow-makeup-setting-spray-pimprod2007351?sku=2546805,https://www.ulta.com/p/illuminating-glow-makeup-setting-spray-pimprod2007351,2546805,2546805,2546805,2546805
1366,https://www.ulta.com/p/spritz-mist-glow-set-xlsImpprod17671011?sku=2523667,https://www.ulta.com/p/spritz-mist-glow-set-xlsImpprod17671011,2523667,2523667,2523667,2523667
1367,https://www.ulta.com/p/translucent-matte-pro-setting-powder-xlsImpprod15711029?sku=2504745,https://www.ulta.com/p/translucent-matte-pro-setting-powder-xlsImpprod15711029,2504745,2504745,2504745,2504745
1368,https://www.ulta.com/p/travel-size-loose-setting-powder-pimprod2017543?sku=2568437,https://www.ulta.com/p/travel-size-loose-setting-powder-pimprod2017543,2568437,2568437,2568437,2568437
1369,https://www.ulta.com/p/4-in-1-loose-blurring-setting-powder-pimprod2022443?sku=2576922,https://www.ulta.com/p/4-in-1-loose-blurring-setting-powder-pimprod2022443,2576922,2576922,2576922,2576922
137,https://www.ulta.com/p/16h-cover-last-powder-foundation-pimprod2033174?sku=2597553,https://www.ulta.com/p/16h-cover-last-powder-foundation-pimprod2033174,2597553,2597553,2597553,2597553
1370,https://www.ulta.com/p/prep-set-glow-hydrating-setting-spray-mini-pimprod2036898?sku=2601972,https://www.ulta.com/p/prep-set-glow-hydrating-setting-spray-mini-pimprod2036898,,2601972,2601972,2601972
1371,https://www.ulta.com/p/invisible-blurring-loose-powder-pimprod2015097?sku=2566420,https://www.ulta.com/p/invisible-blurring-loose-powder-pimprod2015097,,2566420,2566420,2566420
1372,https://www.ulta.com/p/matte-magic-mist-set-xlsImpprod15481067?sku=2506976,https://www.ulta.com/p/matte-magic-mist-set-xlsImpprod15481067,2506976,2506976,2506976,2506976
1373,https://www.ulta.com/p/pretty-fresh-hyaluronic-acid-setting-mist-pimprod2013393?sku=2561412,https://www.ulta.com/p/pretty-fresh-hyaluronic-acid-setting-mist-pimprod2013393,2561412,2561412,2561412,2561412
1374,https://www.ulta.com/p/radiant-finish-long-lasting-makeup-setting-spray-pimprod2011927?sku=2557250,https://www.ulta.com/p/radiant-finish-long-lasting-makeup-setting-spray-pimprod2011927,,2557250,2557250,2557250
1375,https://www.ulta.com/p/make-it-last-mattifying-setting-powder-pimprod2025971?sku=2581638,https://www.ulta.com/p/make-it-last-mattifying-setting-powder-pimprod2025971,2581638,2581638,2581638,2581638
1377,https://www.ulta.com/p/pro-perfect-oil-control-multi-tasking-setting-spray-pimprod2043731?sku=2619162,https://www.ulta.com/p/pro-perfect-oil-control-multi-tasking-setting-spray-pimprod2043731,2619162,2619162,2619162,2619162
1378,https://www.ulta.com/p/glow-baby-brightening-setting-spray-spf-45-pimprod2037570?sku=2604655,https://www.ulta.com/p/glow-baby-brightening-setting-spray-spf-45-pimprod2037570,2604655,2604655,2604655,2604655
1379,https://www.ulta.com/p/pro-setting-brightening-loose-setting-powder-pimprod2043744?sku=2619161,https://www.ulta.com/p/pro-setting-brightening-loose-setting-powder-pimprod2043744,2619161,2619161,2619161,2619161
138,https://www.ulta.com/p/date-night-skin-tint-serum-foundation-pimprod2040786?sku=2613504,https://www.ulta.com/p/date-night-skin-tint-serum-foundation-pimprod2040786,2613504,2613504,2613504,2613504
1380,https://www.ulta.com/p/close-up-baking-setting-powder-pimprod2034581?sku=2601536,https://www.ulta.com/p/close-up-baking-setting-powder-pimprod2034581,,2601536,2601536,2601536
1381,https://www.ulta.com/p/pommisst-hydration-spray-pimprod2040331?sku=2614489,https://www.ulta.com/p/pommisst-hydration-spray-pimprod2040331,,2614489,2614489,2614489
1382,https://www.ulta.com/p/superdewy-misting-spray-pimprod2037680?sku=2607218,https://www.ulta.com/p/superdewy-misting-spray-pimprod2037680,,2607218,2607218,2607218
1383,https://www.ulta.com/p/shape-tape-glow-powder-pimprod2023788?sku=2566178,https://www.ulta.com/p/shape-tape-glow-powder-pimprod2023788,2566178,2566178,2566178,2566178
1384,https://www.ulta.com/p/vitamin-enriched-pressed-powder-pimprod2040933?sku=2612318,https://www.ulta.com/p/vitamin-enriched-pressed-powder-pimprod2040933,2612318,2612318,2612318,2612318
1385,https://www.ulta.com/p/lock-in-hydrating-makeup-setting-spray-pimprod2007352?sku=2546816,https://www.ulta.com/p/lock-in-hydrating-makeup-setting-spray-pimprod2007352,2546816,2546816,2546816,2546816
1386,https://www.ulta.com/p/facial-spray-with-aloe-sage-orange-blossom-pimprod2002478?sku=2540829,https://www.ulta.com/p/facial-spray-with-aloe-sage-orange-blossom-pimprod2002478,,2540829,2540829,2540829
1387,https://www.ulta.com/p/travel-size-shape-tape-glow-powder-pimprod2023785?sku=2566181,https://www.ulta.com/p/travel-size-shape-tape-glow-powder-pimprod2023785,,2566181,2566181,2566181
1388,https://www.ulta.com/p/vegan-collagen-hydrating-setting-mist-pimprod2030511?sku=2591371,https://www.ulta.com/p/vegan-collagen-hydrating-setting-mist-pimprod2030511,2591371,2591371,2591371,2591371
1389,https://www.ulta.com/p/irl-soft-focus-2-in-1-powder-translucent-pimprod2036917?sku=2605186,https://www.ulta.com/p/irl-soft-focus-2-in-1-powder-translucent-pimprod2036917,2605186,2605186,2605186,2605186
139,https://www.ulta.com/p/conceal-perfect-smooth-finish-cream-powder-foundation-pimprod2012993?sku=2558962,https://www.ulta.com/p/conceal-perfect-smooth-finish-cream-powder-foundation-pimprod2012993,,2558962,2558962,2558962
1390,https://www.ulta.com/p/butter-glow-pressed-powder-pimprod2037620?sku=2605869,https://www.ulta.com/p/butter-glow-pressed-powder-pimprod2037620,2605869,2605869,2605869,2605869
1391,https://www.ulta.com/p/photo-finish-endurance-breathable-setting-spray-pimprod2034542?sku=2598371,https://www.ulta.com/p/photo-finish-endurance-breathable-setting-spray-pimprod2034542,2598371,2598371,2598371,2598371
1392,https://www.ulta.com/p/lock-seal-liquid-makeup-setter-pimprod2018887?sku=2571966,https://www.ulta.com/p/lock-seal-liquid-makeup-setter-pimprod2018887,,2571966,2571966,2571966
1393,https://www.ulta.com/p/on-set-essentials-primer-setting-spray-trio-pimprod2036836?sku=2606440,https://www.ulta.com/p/on-set-essentials-primer-setting-spray-trio-pimprod2036836,2606440,2606440,2606440,2606440
1394,https://www.ulta.com/p/travel-size-translucent-pure-setting-spray-16hr-pimprod2039346?sku=2610269,https://www.ulta.com/p/travel-size-translucent-pure-setting-spray-16hr-pimprod2039346,2610269,2610269,2610269,2610269
1395,https://www.ulta.com/p/mattifying-setting-spray-pimprod2043597?sku=2620538,https://www.ulta.com/p/mattifying-setting-spray-pimprod2043597,2620538,2620538,2620538,2620538
1396,https://www.ulta.com/p/soft-velvet-finishing-powder-pimprod2022213?sku=2578312,https://www.ulta.com/p/soft-velvet-finishing-powder-pimprod2022213,,2578312,2578312,2578312
1397,https://www.ulta.com/p/miracle-matte-universal-finishing-pressed-powder-xlsImpprod17631373?sku=2524917,https://www.ulta.com/p/miracle-matte-universal-finishing-pressed-powder-xlsImpprod17631373,,2524917,2524917,2524917
1398,https://www.ulta.com/p/mist-thing-hydrating-setting-spray-pimprod2044061?sku=2620465,https://www.ulta.com/p/mist-thing-hydrating-setting-spray-pimprod2044061,,2620465,2620465,2620465
1399,https://www.ulta.com/p/dew-lock-hydrating-set-refresh-mist-pimprod2040543?sku=2611572,https://www.ulta.com/p/dew-lock-hydrating-set-refresh-mist-pimprod2040543,,2611572,2611572,2611572
14,https://www.ulta.com/p/born-this-way-natural-finish-longwear-liquid-foundation-xlsImpprod12621017?sku=2290020,https://www.ulta.com/p/born-this-way-natural-finish-longwear-liquid-foundation-xlsImpprod12621017,2290020,2290020,2290020,2290020
140,https://www.ulta.com/p/olay-simply-ageless-3-in-1-liquid-foundation-xlsImpprod13501013?sku=2296380,https://www.ulta.com/p/olay-simply-ageless-3-in-1-liquid-foundation-xlsImpprod13501013,2296380,2296380,2296380,2296380
1400,https://www.ulta.com/p/tinted-mineral-veil-setting-powder-prod110002?sku=2122525,https://www.ulta.com/p/tinted-mineral-veil-setting-powder-prod110002,,2122525,2122525,2122525
1401,https://www.ulta.com/p/ready-set-sealed-setting-spray-pimprod2043830?sku=2620794,https://www.ulta.com/p/ready-set-sealed-setting-spray-pimprod2043830,,2620794,2620794,2620794
1402,https://www.ulta.com/p/pixi-hello-kitty-makeup-fixing-mist-pimprod2033224?sku=2598118,https://www.ulta.com/p/pixi-hello-kitty-makeup-fixing-mist-pimprod2033224,2598118,2598118,2598118,2598118
1403,https://www.ulta.com/p/fix-last-18h-make-up-fixing-spray-pimprod2021848?sku=2574310,https://www.ulta.com/p/fix-last-18h-make-up-fixing-spray-pimprod2021848,2574310,2574310,2574310,2574310
1404,https://www.ulta.com/p/skin-bloom-cream-powder-compact-pimprod2042598?sku=2619734,https://www.ulta.com/p/skin-bloom-cream-powder-compact-pimprod2042598,,2619734,2619734,2619734
1405,https://www.ulta.com/p/skin-perfecting-powder-mineral-glow-xlsImpprod18931484?sku=2531401,https://www.ulta.com/p/skin-perfecting-powder-mineral-glow-xlsImpprod18931484,2531401,2531401,2531401,2531401
1406,https://www.ulta.com/p/lit-mist-illuminating-setting-spray-pimprod2039301?sku=2606407,https://www.ulta.com/p/lit-mist-illuminating-setting-spray-pimprod2039301,2606407,2606407,2606407,2606407
1407,https://www.ulta.com/p/take-day-off-makeup-remover-lids-lashes-lips-xlsImpprod10791749?sku=2153847,https://www.ulta.com/p/take-day-off-makeup-remover-lids-lashes-lips-xlsImpprod10791749,2153847,2153847,2153847,2153847
1408,https://www.ulta.com/p/pro-collagen-cleansing-balm-xlsImpprod18731145?sku=2584166,https://www.ulta.com/p/pro-collagen-cleansing-balm-xlsImpprod18731145,2584166,2584166,2584166,2584166
1409,https://www.ulta.com/p/bi-facil-double-action-eye-makeup-remover-xlsImpprod3650064?sku=2235588,https://www.ulta.com/p/bi-facil-double-action-eye-makeup-remover-xlsImpprod3650064,2235588,2235588,2235588,2235588
141,https://www.ulta.com/p/high-fidelity-foundation-pimprod2019009?sku=2573281,https://www.ulta.com/p/high-fidelity-foundation-pimprod2019009,2573281,2573281,2573281,2573281
1410,https://www.ulta.com/p/oil-free-eye-makeup-remover-prod2109669?sku=2109669,https://www.ulta.com/p/oil-free-eye-makeup-remover-prod2109669,2109669,2109669,2109669,2109669
1411,https://www.ulta.com/p/take-day-off-cleansing-balm-makeup-remover-xlsImpprod11771009?sku=2282783,https://www.ulta.com/p/take-day-off-cleansing-balm-makeup-remover-xlsImpprod11771009,2282783,2282783,2282783,2282783
1412,https://www.ulta.com/p/plant-based-hydrating-makeup-removing-face-wipes-all-skin-types-pimprod2030177?sku=2591828,https://www.ulta.com/p/plant-based-hydrating-makeup-removing-face-wipes-all-skin-types-pimprod2030177,2591828,2591828,2591828,2591828
1413,https://www.ulta.com/p/travel-size-take-day-off-makeup-remover-xlsImpprod11951027?sku=2282782,https://www.ulta.com/p/travel-size-take-day-off-makeup-remover-xlsImpprod11951027,2282782,2282782,2282782,2282782
1414,https://www.ulta.com/p/instant-cleansing-balm-pimprod2023935?sku=2582315,https://www.ulta.com/p/instant-cleansing-balm-pimprod2023935,,2582315,2582315,2582315
1415,https://www.ulta.com/p/rinse-off-eye-makeup-remover-solvent-xlsImpprod10791751?sku=2153848,https://www.ulta.com/p/rinse-off-eye-makeup-remover-solvent-xlsImpprod10791751,2153848,2153848,2153848,2153848
1416,https://www.ulta.com/p/respectissime-waterproof-eye-makeup-remover-pimprod2036454?sku=2605295,https://www.ulta.com/p/respectissime-waterproof-eye-makeup-remover-pimprod2036454,2605295,2605295,2605295,2605295
1417,https://www.ulta.com/p/makeup-melt-oil-free-makeup-remover-wipes-xlsImpprod17921132?sku=2524150,https://www.ulta.com/p/makeup-melt-oil-free-makeup-remover-wipes-xlsImpprod17921132,2524150,2524150,2524150,2524150
1418,https://www.ulta.com/p/mini-gently-off-wipes-micellar-water-pimprod2027650?sku=2587733,https://www.ulta.com/p/mini-gently-off-wipes-micellar-water-pimprod2027650,2587733,2587733,2587733,2587733
1419,https://www.ulta.com/p/travel-size-pro-collagen-cleansing-balm-pimprod2004741?sku=2604192,https://www.ulta.com/p/travel-size-pro-collagen-cleansing-balm-pimprod2004741,,2604192,2604192,2604192
142,https://www.ulta.com/p/photofocus-liquid-foundation-xlsImpprod16731069?sku=2518267,https://www.ulta.com/p/photofocus-liquid-foundation-xlsImpprod16731069,,2518267,2518267,2518267
1420,https://www.ulta.com/p/holy-hydration-elf-off-makeup-remover-pimprod2039941?sku=2611367,https://www.ulta.com/p/holy-hydration-elf-off-makeup-remover-pimprod2039941,2611367,2611367,2611367,2611367
1421,https://www.ulta.com/p/superfood-aha-glow-cleansing-butter-pimprod2021098?sku=2570297,https://www.ulta.com/p/superfood-aha-glow-cleansing-butter-pimprod2021098,2570297,2570297,2570297,2570297
1422,https://www.ulta.com/p/makeup-remover-cleansing-towelette-singles-pimprod2002068?sku=2534782,https://www.ulta.com/p/makeup-remover-cleansing-towelette-singles-pimprod2002068,,2534782,2534782,2534782
1423,https://www.ulta.com/p/calm-restore-makeup-remover-wipes-pimprod2028510?sku=2587059,https://www.ulta.com/p/calm-restore-makeup-remover-wipes-pimprod2028510,,2587059,2587059,2587059
1424,https://www.ulta.com/p/comforting-eye-makeup-remover-with-hyaluronic-acid-pimprod2033424?sku=2597413,https://www.ulta.com/p/comforting-eye-makeup-remover-with-hyaluronic-acid-pimprod2033424,2597413,2597413,2597413,2597413
1425,https://www.ulta.com/p/gentle-makeup-removing-wipes-fragrance-alcohol-free-pimprod2036470?sku=2605919,https://www.ulta.com/p/gentle-makeup-removing-wipes-fragrance-alcohol-free-pimprod2036470,2605919,2605919,2605919,2605919
1426,https://www.ulta.com/p/demaquillant-yeux-intense-gentle-bi-phase-eye-makeup-remover-pimprod2039952?sku=2607864,https://www.ulta.com/p/demaquillant-yeux-intense-gentle-bi-phase-eye-makeup-remover-pimprod2039952,2607864,2607864,2607864,2607864
1427,https://www.ulta.com/p/falscara-false-eyelash-rosewater-remover-pimprod2014175?sku=2559006,https://www.ulta.com/p/falscara-false-eyelash-rosewater-remover-pimprod2014175,2559006,2559006,2559006,2559006
1428,https://www.ulta.com/p/take-day-off-cleansing-balm-makeup-remover-mini-xlsImpprod18791009?sku=2532674,https://www.ulta.com/p/take-day-off-cleansing-balm-makeup-remover-mini-xlsImpprod18791009,2532674,2532674,2532674,2532674
1429,https://www.ulta.com/p/take-it-away-makeup-remover-lotion-xlsImpprod14641617?sku=2309331,https://www.ulta.com/p/take-it-away-makeup-remover-lotion-xlsImpprod14641617,,2309331,2309331,2309331
143,https://www.ulta.com/p/irl-filter-longwear-foundation-pimprod2033090?sku=2597565,https://www.ulta.com/p/irl-filter-longwear-foundation-pimprod2033090,2597565,2597565,2597565,2597565
1430,https://www.ulta.com/p/pure-plush-gentle-deep-cleansing-foam-xlsImpprod13481005?sku=2296211,https://www.ulta.com/p/pure-plush-gentle-deep-cleansing-foam-xlsImpprod13481005,2296211,2296211,2296211,2296211
1431,https://www.ulta.com/p/gentle-eye-makeup-remover-xlsImpprod16501417?sku=2515497,https://www.ulta.com/p/gentle-eye-makeup-remover-xlsImpprod16501417,,2515497,2515497,2515497
1432,https://www.ulta.com/p/waterproof-eye-lip-makeup-remover-pimprod2033204?sku=2587058,https://www.ulta.com/p/waterproof-eye-lip-makeup-remover-pimprod2033204,,2587058,2587058,2587058
1433,https://www.ulta.com/p/clean-artiste-waterproof-long-wearing-eye-makeup-remover-xlsImpprod2850059?sku=2205735,https://www.ulta.com/p/clean-artiste-waterproof-long-wearing-eye-makeup-remover-xlsImpprod2850059,,2205735,2205735,2205735
1434,https://www.ulta.com/p/makeup-removing-towels-pimprod2037115?sku=2601788,https://www.ulta.com/p/makeup-removing-towels-pimprod2037115,,2601788,2601788,2601788
1435,https://www.ulta.com/p/makeup-remover-melting-balm-pimprod2025393?sku=2582619,https://www.ulta.com/p/makeup-remover-melting-balm-pimprod2025393,2582619,2582619,2582619,2582619
1436,https://www.ulta.com/p/100-oil-free-eye-makeup-remover-xlsImpprod1790119?sku=2090124,https://www.ulta.com/p/100-oil-free-eye-makeup-remover-xlsImpprod1790119,,2090124,2090124,2090124
1437,https://www.ulta.com/p/real-clean-face-erase-makeup-removing-balm-pimprod2040203?sku=2610500,https://www.ulta.com/p/real-clean-face-erase-makeup-removing-balm-pimprod2040203,2610500,2610500,2610500,2610500
1438,https://www.ulta.com/p/bye-bye-makeup-3-in-1-makeup-melting-cleansing-balm-pimprod2031748?sku=2594127,https://www.ulta.com/p/bye-bye-makeup-3-in-1-makeup-melting-cleansing-balm-pimprod2031748,2594127,2594127,2594127,2594127
1439,https://www.ulta.com/p/oil-free-eye-makeup-remover-pimprod2033205?sku=2587283,https://www.ulta.com/p/oil-free-eye-makeup-remover-pimprod2033205,,2587283,2587283,2587283
144,https://www.ulta.com/p/instant-age-rewind-eraser-treatment-foundation-pimprod2043641?sku=2620458,https://www.ulta.com/p/instant-age-rewind-eraser-treatment-foundation-pimprod2043641,2620458,2620458,2620458,2620458
1440,https://www.ulta.com/p/take-day-off-charcoal-cleansing-balm-makeup-remover-pimprod2036304?sku=2604464,https://www.ulta.com/p/take-day-off-charcoal-cleansing-balm-makeup-remover-pimprod2036304,2604464,2604464,2604464,2604464
1441,https://www.ulta.com/p/gently-off-eye-lip-makeup-remover-xlsImpprod15921146?sku=2510729,https://www.ulta.com/p/gently-off-eye-lip-makeup-remover-xlsImpprod15921146,2510729,2510729,2510729,2510729
1442,https://www.ulta.com/p/on-go-oopsies-waterproof-makeup-remover-pimprod2020028?sku=2574475,https://www.ulta.com/p/on-go-oopsies-waterproof-makeup-remover-pimprod2020028,,2574475,2574475,2574475
1443,https://www.ulta.com/p/my-stellar-micellar-makeup-remover-wipes-pimprod2009506?sku=2555735,https://www.ulta.com/p/my-stellar-micellar-makeup-remover-wipes-pimprod2009506,,2555735,2555735,2555735
1444,https://www.ulta.com/p/whoopsie-eye-liner-corrector-pimprod2043303?sku=2615838,https://www.ulta.com/p/whoopsie-eye-liner-corrector-pimprod2043303,,2615838,2615838,2615838
1445,https://www.ulta.com/p/real-clean-in-clear-eye-makeup-remover-pimprod2040204?sku=2610501,https://www.ulta.com/p/real-clean-in-clear-eye-makeup-remover-pimprod2040204,2610501,2610501,2610501,2610501
1446,https://www.ulta.com/p/reusable-makeup-remover-pads-pimprod2037628?sku=2605766,https://www.ulta.com/p/reusable-makeup-remover-pads-pimprod2037628,,2605766,2605766,2605766
1447,https://www.ulta.com/p/remove-like-a-boss-waterproof-eye-make-up-remover-pimprod2037373?sku=2602999,https://www.ulta.com/p/remove-like-a-boss-waterproof-eye-make-up-remover-pimprod2037373,2602999,2602999,2602999,2602999
1448,https://www.ulta.com/p/lash-purify-eye-makeup-remover-lash-cleanser-pimprod2030245?sku=2588757,https://www.ulta.com/p/lash-purify-eye-makeup-remover-lash-cleanser-pimprod2030245,2588757,2588757,2588757,2588757
1449,https://www.ulta.com/p/travel-size-lash-clean-oil-free-makeup-remover-pimprod2018009?sku=2568309,https://www.ulta.com/p/travel-size-lash-clean-oil-free-makeup-remover-pimprod2018009,,2568309,2568309,2568309
145,https://www.ulta.com/p/age-perfect-4-in-1-tinted-face-balm-foundation-pimprod2034423?sku=2601959,https://www.ulta.com/p/age-perfect-4-in-1-tinted-face-balm-foundation-pimprod2034423,,2601959,2601959,2601959
1450,https://www.ulta.com/p/see-ya-later-bi-phase-eye-makeup-remover-pimprod2038953?sku=2609754,https://www.ulta.com/p/see-ya-later-bi-phase-eye-makeup-remover-pimprod2038953,,2609754,2609754,2609754
1453,https://www.ulta.com/p/grandevanish-bi-phase-makeup-remover-pimprod2039443?sku=2612159,https://www.ulta.com/p/grandevanish-bi-phase-makeup-remover-pimprod2039443,,2612159,2612159,2612159
1454,https://www.ulta.com/p/lash-clean-oil-free-makeup-remover-pimprod2018008?sku=2568308,https://www.ulta.com/p/lash-clean-oil-free-makeup-remover-pimprod2018008,,2568308,2568308,2568308
1457,https://www.ulta.com/p/makeup-melt-makeup-removing-balm-pimprod2014646?sku=2561093,https://www.ulta.com/p/makeup-melt-makeup-removing-balm-pimprod2014646,2561093,2561093,2561093,2561093
1458,https://www.ulta.com/p/waterproof-makeup-remover-xlsImpprod17721245?sku=2526414,https://www.ulta.com/p/waterproof-makeup-remover-xlsImpprod17721245,,2526414,2526414,2526414
1459,https://www.ulta.com/p/melting-balm-makeup-remover-pimprod2046222?sku=2616691,https://www.ulta.com/p/melting-balm-makeup-remover-pimprod2046222,,2616691,2616691,2616691
146,https://www.ulta.com/p/full-coverage-2-in-1-foundation-concealer-pimprod2020414?sku=2576034,https://www.ulta.com/p/full-coverage-2-in-1-foundation-concealer-pimprod2020414,,2576034,2576034,2576034
1460,https://www.ulta.com/p/invisible-matte-lip-makeup-remover-xlsImpprod15451051?sku=2506154,https://www.ulta.com/p/invisible-matte-lip-makeup-remover-xlsImpprod15451051,,2506154,2506154,2506154
147,https://www.ulta.com/p/beyond-matte-liquid-foundation-pimprod2008017?sku=2552811,https://www.ulta.com/p/beyond-matte-liquid-foundation-pimprod2008017,,2552811,2552811,2552811
148,https://www.ulta.com/p/illuminance-serum-tint-pimprod2042614?sku=2618859,https://www.ulta.com/p/illuminance-serum-tint-pimprod2042614,2618859,2618859,2618859,2618859
149,https://www.ulta.com/p/trublend-matte-made-liquid-foundation-pimprod2000386?sku=2533518,https://www.ulta.com/p/trublend-matte-made-liquid-foundation-pimprod2000386,,2533518,2533518,2533518
15,https://www.ulta.com/p/mini-cc-cream-with-spf-50-pimprod2013015?sku=2603710,https://www.ulta.com/p/mini-cc-cream-with-spf-50-pimprod2013015,2603710,2603710,2603710,2603710
150,https://www.ulta.com/p/tinted-cover-foundation-pimprod2008837?sku=2552723,https://www.ulta.com/p/tinted-cover-foundation-pimprod2008837,2552723,2552723,2552723,2552723
151,https://www.ulta.com/p/aquasurance-compact-foundation-pimprod2000221?sku=2550026,https://www.ulta.com/p/aquasurance-compact-foundation-pimprod2000221,,2550026,2550026,2550026
152,https://www.ulta.com/p/illuminance-skin-caring-foundation-pimprod2036478?sku=2605534,https://www.ulta.com/p/illuminance-skin-caring-foundation-pimprod2036478,2605534,2605534,2605534,2605534
153,https://www.ulta.com/p/pro-coverage-liquid-foundation-xlsImpprod15711049?sku=2505343,https://www.ulta.com/p/pro-coverage-liquid-foundation-xlsImpprod15711049,,2505343,2505343,2505343
154,https://www.ulta.com/p/mattifying-powder-foundation-xlsImpprod16781002?sku=2518238,https://www.ulta.com/p/mattifying-powder-foundation-xlsImpprod16781002,,2518238,2518238,2518238
155,https://www.ulta.com/p/clean-fresh-skin-milk-foundation-pimprod2011577?sku=2556829,https://www.ulta.com/p/clean-fresh-skin-milk-foundation-pimprod2011577,2556829,2556829,2556829,2556829
156,https://www.ulta.com/p/say-what-foundation-pimprod2033346?sku=2593663,https://www.ulta.com/p/say-what-foundation-pimprod2033346,2593663,2593663,2593663,2593663
157,https://www.ulta.com/p/lock-it-foundation-pimprod2018138?sku=2570570,https://www.ulta.com/p/lock-it-foundation-pimprod2018138,,2570570,2570570,2570570
158,https://www.ulta.com/p/travel-size-shape-tape-cloud-cream-broad-spectrum-spf-15-sunscreen-pimprod2030162?sku=2590169,https://www.ulta.com/p/travel-size-shape-tape-cloud-cream-broad-spectrum-spf-15-sunscreen-pimprod2030162,,2590169,2590169,2590169
159,https://www.ulta.com/p/light-illusion-liquid-foundation-xlsImpprod17631333?sku=2525008,https://www.ulta.com/p/light-illusion-liquid-foundation-xlsImpprod17631333,,2525008,2525008,2525008
16,https://www.ulta.com/p/cc-nude-glow-lightweight-foundation-glow-serum-with-spf-40-pimprod2031824?sku=2594106,https://www.ulta.com/p/cc-nude-glow-lightweight-foundation-glow-serum-with-spf-40-pimprod2031824,2594106,2594106,2594106,2594106
160,https://www.ulta.com/p/keep-me-covered-long-lasting-foundation-pimprod2037417?sku=2603112,https://www.ulta.com/p/keep-me-covered-long-lasting-foundation-pimprod2037417,2603112,2603112,2603112,2603112
161,https://www.ulta.com/p/velvet-matte-longwear-foundation-pimprod2020823?sku=2560234,https://www.ulta.com/p/velvet-matte-longwear-foundation-pimprod2020823,,2560234,2560234,2560234
162,https://www.ulta.com/p/kind-tint-tinted-serum-pimprod2030679?sku=2591360,https://www.ulta.com/p/kind-tint-tinted-serum-pimprod2030679,2591360,2591360,2591360,2591360
163,https://www.ulta.com/p/refillable-compact-pimprod2031651?sku=2595249,https://www.ulta.com/p/refillable-compact-pimprod2031651,,2595249,2595249,2595249
164,https://www.ulta.com/p/promatte-foundation-xlsImpprod17631407?sku=2522793,https://www.ulta.com/p/promatte-foundation-xlsImpprod17631407,2522793,2522793,2522793,2522793
165,https://www.ulta.com/p/bio-stick-foundation-pimprod2008575?sku=2553269,https://www.ulta.com/p/bio-stick-foundation-pimprod2008575,,2553269,2553269,2553269
166,https://www.ulta.com/p/camo-powder-foundation-pimprod2030787?sku=2597461,https://www.ulta.com/p/camo-powder-foundation-pimprod2030787,,2597461,2597461,2597461
167,https://www.ulta.com/p/i-am-magic-glow-radiance-booster-pimprod2044250?sku=2620803,https://www.ulta.com/p/i-am-magic-glow-radiance-booster-pimprod2044250,,2620803,2620803,2620803
168,https://www.ulta.com/p/flawless-satin-foundation-xlsImpprod14541123?sku=2554506,https://www.ulta.com/p/flawless-satin-foundation-xlsImpprod14541123,,2554506,2554506,2554506
169,https://www.ulta.com/p/moisturizing-complexion-stick-pimprod2045978?sku=2620514,https://www.ulta.com/p/moisturizing-complexion-stick-pimprod2045978,,2620514,2620514,2620514
17,https://www.ulta.com/p/even-better-makeup-broad-spectrum-spf-15-foundation-xlsImpprod10791919?sku=2206255,https://www.ulta.com/p/even-better-makeup-broad-spectrum-spf-15-foundation-xlsImpprod10791919,2206255,2206255,2206255,2206255
170,https://www.ulta.com/p/velvet-veil-minerals-powder-foundation-pimprod2046617?sku=2617164,https://www.ulta.com/p/velvet-veil-minerals-powder-foundation-pimprod2046617,,2617164,2617164,2617164
171,https://www.ulta.com/p/pro-soft-focus-longwear-foundation-pimprod2013331?sku=2558415,https://www.ulta.com/p/pro-soft-focus-longwear-foundation-pimprod2013331,,2558415,2558415,2558415
172,https://www.ulta.com/p/active-foundation-pimprod2036981?sku=2607365,https://www.ulta.com/p/active-foundation-pimprod2036981,,2607365,2607365,2607365
173,https://www.ulta.com/p/sheer-skin-tinted-foundation-pimprod2025859?sku=2581633,https://www.ulta.com/p/sheer-skin-tinted-foundation-pimprod2025859,2581633,2581633,2581633,2581633
174,https://www.ulta.com/p/get-real-serum-foundation-pimprod2022967?sku=2577491,https://www.ulta.com/p/get-real-serum-foundation-pimprod2022967,,2577491,2577491,2577491
175,https://www.ulta.com/p/illusion-hyaluronic-skin-tint-pimprod2020463?sku=2575959,https://www.ulta.com/p/illusion-hyaluronic-skin-tint-pimprod2020463,,2575959,2575959,2575959
176,https://www.ulta.com/p/bio-powder-foundation-pimprod2008579?sku=2553264,https://www.ulta.com/p/bio-powder-foundation-pimprod2008579,,2553264,2553264,2553264
177,https://www.ulta.com/p/true-color-mineral-matte-creme-powder-foundation-spf-15-pimprod2022221?sku=2578383,https://www.ulta.com/p/true-color-mineral-matte-creme-powder-foundation-spf-15-pimprod2022221,2578383,2578383,2578383,2578383
178,https://www.ulta.com/p/keep-me-covered-powder-pimprod2043728?sku=2618266,https://www.ulta.com/p/keep-me-covered-powder-pimprod2043728,2618266,2618266,2618266,2618266
18,https://www.ulta.com/p/cc-cream-natural-matte-foundation-with-spf-40-pimprod2044261?sku=2621797,https://www.ulta.com/p/cc-cream-natural-matte-foundation-with-spf-40-pimprod2044261,2621797,2621797,2621797,2621797
180,https://www.ulta.com/p/pore-perfecting-liquid-foundation-pimprod2022248?sku=2578400,https://www.ulta.com/p/pore-perfecting-liquid-foundation-pimprod2022248,2578400,2578400,2578400,2578400
181,https://www.ulta.com/p/studio-radiance-face-body-radiant-sheer-foundation-pimprod2023387?sku=2579193,https://www.ulta.com/p/studio-radiance-face-body-radiant-sheer-foundation-pimprod2023387,,2579193,2579193,2579193
182,https://www.ulta.com/p/4-in-1-foundation-stick-cream-velvet-matte-foundation-xlsImpprod18031021?sku=2526108,https://www.ulta.com/p/4-in-1-foundation-stick-cream-velvet-matte-foundation-xlsImpprod18031021,,2526108,2526108,2526108
183,https://www.ulta.com/p/foundation-pump-xlsImpprod17041015?sku=2519621,https://www.ulta.com/p/foundation-pump-xlsImpprod17041015,2519621,2519621,2519621,2519621
184,https://www.ulta.com/p/true-color-pore-perfecting-creme-powder-foundation-pimprod2022204?sku=2579249,https://www.ulta.com/p/true-color-pore-perfecting-creme-powder-foundation-pimprod2022204,,2579249,2579249,2579249
185,https://www.ulta.com/p/instant-age-rewind-perfector-4-in-1-whipped-matte-makeup-pimprod2028923?sku=2590459,https://www.ulta.com/p/instant-age-rewind-perfector-4-in-1-whipped-matte-makeup-pimprod2028923,2590459,2590459,2590459,2590459
186,https://www.ulta.com/p/weightless-skin-foundation-spf-15-pimprod2045795?sku=2626798,https://www.ulta.com/p/weightless-skin-foundation-spf-15-pimprod2045795,,2626798,2626798,2626798
188,https://www.ulta.com/p/encore-pressed-powder-foundation-pimprod2014352?sku=2564466,https://www.ulta.com/p/encore-pressed-powder-foundation-pimprod2014352,,2564466,2564466,2564466
189,https://www.ulta.com/p/skin-by-mented-foundation-pimprod2022002?sku=2578537,https://www.ulta.com/p/skin-by-mented-foundation-pimprod2022002,,2578537,2578537,2578537
19,https://www.ulta.com/p/pro-filtr-soft-matte-longwear-liquid-foundation-pimprod2029862?sku=2592558,https://www.ulta.com/p/pro-filtr-soft-matte-longwear-liquid-foundation-pimprod2029862,2592558,2592558,2592558,2592558
190,https://www.ulta.com/p/perfect-lasting-foundation-pimprod2006000?sku=2560248,https://www.ulta.com/p/perfect-lasting-foundation-pimprod2006000,,2560248,2560248,2560248
191,https://www.ulta.com/p/studio-skin-24-hour-full-coverage-waterproof-foundation-pimprod2009758?sku=2552423,https://www.ulta.com/p/studio-skin-24-hour-full-coverage-waterproof-foundation-pimprod2009758,2552423,2552423,2552423,2552423
192,https://www.ulta.com/p/all-nighter-liquid-full-coverage-foundation-xlsImpprod14491015?sku=2306382,https://www.ulta.com/p/all-nighter-liquid-full-coverage-foundation-xlsImpprod14491015,2306382,2306382,2306382,2306382
193,https://www.ulta.com/p/cc-cream-with-spf-50-xlsImpprod5770257?sku=2264064,https://www.ulta.com/p/cc-cream-with-spf-50-xlsImpprod5770257,2264064,2264064,2264064,2264064
195,https://www.ulta.com/p/cc-nude-glow-lightweight-foundation-glow-serum-with-spf-40-pimprod2031824?sku=2594106,https://www.ulta.com/p/cc-nude-glow-lightweight-foundation-glow-serum-with-spf-40-pimprod2031824,2594106,2594106,2594106,2594106
196,https://www.ulta.com/p/cc-cream-natural-matte-foundation-with-spf-40-pimprod2044261?sku=2621797,https://www.ulta.com/p/cc-cream-natural-matte-foundation-with-spf-40-pimprod2044261,2621797,2621797,2621797,2621797
197,https://www.ulta.com/p/mini-cc-cream-with-spf-50-pimprod2013015?sku=2603716,https://www.ulta.com/p/mini-cc-cream-with-spf-50-pimprod2013015,2603716,2603716,2603716,2603716
198,https://www.ulta.com/p/cc-cream-illumination-spf-50-xlsImpprod12251079?sku=2287681,https://www.ulta.com/p/cc-cream-illumination-spf-50-xlsImpprod12251079,2287681,2287681,2287681,2287681
199,https://www.ulta.com/p/cc-red-correct-pimprod2005691?sku=2548341,https://www.ulta.com/p/cc-red-correct-pimprod2005691,,2548341,2548341,2548341
2,https://www.ulta.com/p/face-bond-self-setting-waterproof-foundation-pimprod2044818?sku=2623593,https://www.ulta.com/p/face-bond-self-setting-waterproof-foundation-pimprod2044818,2623593,2623593,2623593,2623593
20,https://www.ulta.com/p/cc-cream-illumination-spf-50-xlsImpprod12251079?sku=2287681,https://www.ulta.com/p/cc-cream-illumination-spf-50-xlsImpprod12251079,2287681,2287681,2287681,2287681
200,https://www.ulta.com/p/trick-treat-cc-active-propolis-color-correcting-cream-with-broad-spectrum-spf-45-pimprod2005371?sku=2563933,https://www.ulta.com/p/trick-treat-cc-active-propolis-color-correcting-cream-with-broad-spectrum-spf-45-pimprod2005371,,2563933,2563933,2563933
201,https://www.ulta.com/p/beauty-balm-serum-boosted-skin-tint-pimprod2044626?sku=2621820,https://www.ulta.com/p/beauty-balm-serum-boosted-skin-tint-pimprod2044626,2621820,2621820,2621820,2621820
202,https://www.ulta.com/p/bb-blur-tinted-moisturizer-broad-spectrum-spf-30-sunscreen-xlsImpprod4980083?sku=2254185,https://www.ulta.com/p/bb-blur-tinted-moisturizer-broad-spectrum-spf-30-sunscreen-xlsImpprod4980083,2254185,2254185,2254185,2254185
203,https://www.ulta.com/p/radiant-skin-brightening-serum-skin-tint-spf-30-pimprod2032850?sku=2598954,https://www.ulta.com/p/radiant-skin-brightening-serum-skin-tint-spf-30-pimprod2032850,,2598954,2598954,2598954
204,https://www.ulta.com/p/moisture-surge-cc-cream-hydrating-colour-corrector-broad-spectrum-spf-30-xlsImpprod10791855?sku=2258299,https://www.ulta.com/p/moisture-surge-cc-cream-hydrating-colour-corrector-broad-spectrum-spf-30-xlsImpprod10791855,2258299,2258299,2258299,2258299
205,https://www.ulta.com/p/bb-cream-spf-20-pimprod2005693?sku=2597214,https://www.ulta.com/p/bb-cream-spf-20-pimprod2005693,,2597214,2597214,2597214
206,https://www.ulta.com/p/camo-hydrating-cc-cream-spf-30-pimprod2041765?sku=2617546,https://www.ulta.com/p/camo-hydrating-cc-cream-spf-30-pimprod2041765,,2617546,2617546,2617546
207,https://www.ulta.com/p/camo-cc-cream-pimprod2020783?sku=2574676,https://www.ulta.com/p/camo-cc-cream-pimprod2020783,2574676,2574676,2574676,2574676
208,https://www.ulta.com/p/stem-cellular-cc-cream-spf-30-xlsImpprod4930069?sku=2561330,https://www.ulta.com/p/stem-cellular-cc-cream-spf-30-xlsImpprod4930069,2561330,2561330,2561330,2561330
209,https://www.ulta.com/p/dream-fresh-bb-cream-8-in-1-skin-perfector-xlsImpprod4480195?sku=2247174,https://www.ulta.com/p/dream-fresh-bb-cream-8-in-1-skin-perfector-xlsImpprod4480195,2247174,2247174,2247174,2247174
21,https://www.ulta.com/p/matte-foundation-broad-spectrum-spf-15-xlsImpprod1480002?sku=2209455,https://www.ulta.com/p/matte-foundation-broad-spectrum-spf-15-xlsImpprod1480002,2209455,2209455,2209455,2209455
210,https://www.ulta.com/p/continuous-correction-tone-evening-cc-cream-spf-50-pimprod2024519?sku=2581037,https://www.ulta.com/p/continuous-correction-tone-evening-cc-cream-spf-50-pimprod2024519,2581037,2581037,2581037,2581037
211,https://www.ulta.com/p/skin-trainer-cc-blur-pimprod2032223?sku=2595771,https://www.ulta.com/p/skin-trainer-cc-blur-pimprod2032223,,2595771,2595771,2595771
213,https://www.ulta.com/p/cc-water-with-hyaluronic-acid-pimprod2025143?sku=2579206,https://www.ulta.com/p/cc-water-with-hyaluronic-acid-pimprod2025143,,2579206,2579206,2579206
214,https://www.ulta.com/p/dream-pure-bb-cream-8-in-1-skin-perfector-xlsImpprod10721037?sku=2566272,https://www.ulta.com/p/dream-pure-bb-cream-8-in-1-skin-perfector-xlsImpprod10721037,2566272,2566272,2566272,2566272
215,https://www.ulta.com/p/magic-skin-beautifier-bb-cream-anti-redness-xlsImpprod10821034?sku=2275340,https://www.ulta.com/p/magic-skin-beautifier-bb-cream-anti-redness-xlsImpprod10821034,2275340,2275340,2275340,2275340
216,https://www.ulta.com/p/studio-secrets-magic-skin-beautifier-bb-cream-xlsImpprod4480171?sku=2246835,https://www.ulta.com/p/studio-secrets-magic-skin-beautifier-bb-cream-xlsImpprod4480171,2246835,2246835,2246835,2246835
217,https://www.ulta.com/p/clean-matte-bb-cream-xlsImpprod14161013?sku=2304774,https://www.ulta.com/p/clean-matte-bb-cream-xlsImpprod14161013,,2304774,2304774,2304774
218,https://www.ulta.com/p/alight-multi-mineral-bb-cream-xlsImpprod13871063?sku=2557064,https://www.ulta.com/p/alight-multi-mineral-bb-cream-xlsImpprod13871063,2557064,2557064,2557064,2557064
219,https://www.ulta.com/p/travel-size-cc-water-with-hyaluronic-acid-pimprod2025144?sku=2606543,https://www.ulta.com/p/travel-size-cc-water-with-hyaluronic-acid-pimprod2025144,,2606543,2606543,2606543
22,https://www.ulta.com/p/barepro-24hr-wear-skin-perfecting-matte-liquid-foundation-mineral-spf-20-pimprod2043221?sku=2619782,https://www.ulta.com/p/barepro-24hr-wear-skin-perfecting-matte-liquid-foundation-mineral-spf-20-pimprod2043221,2619782,2619782,2619782,2619782
220,https://www.ulta.com/p/bb-cream-with-spf-15-xlsImpprod14271013?sku=2306154,https://www.ulta.com/p/bb-cream-with-spf-15-xlsImpprod14271013,,2306154,2306154,2306154
221,https://www.ulta.com/p/glow-time-pro-bb-cream-pimprod2033089?sku=2598524,https://www.ulta.com/p/glow-time-pro-bb-cream-pimprod2033089,,2598524,2598524,2598524
222,https://www.ulta.com/p/magic-skin-beautifier-bb-cream-anti-fatigue-xlsImpprod10821036?sku=2275341,https://www.ulta.com/p/magic-skin-beautifier-bb-cream-anti-fatigue-xlsImpprod10821036,2275341,2275341,2275341,2275341
223,https://www.ulta.com/p/instant-age-rewind-perfector-4-in-1-whipped-matte-makeup-pimprod2028923?sku=2590459,https://www.ulta.com/p/instant-age-rewind-perfector-4-in-1-whipped-matte-makeup-pimprod2028923,2590459,2590459,2590459,2590459
224,https://www.ulta.com/p/travel-size-bb-cream-spf-20-pimprod2015578?sku=2566318,https://www.ulta.com/p/travel-size-bb-cream-spf-20-pimprod2015578,,2566318,2566318,2566318
225,https://www.ulta.com/p/travel-size-cc-cream-spf-25-pimprod2015577?sku=2566316,https://www.ulta.com/p/travel-size-cc-cream-spf-25-pimprod2015577,,2566316,2566316,2566316
226,https://www.ulta.com/p/complexion-rescue-tinted-moisturizer-mineral-spf-30-xlsImpprod11771035?sku=2283391,https://www.ulta.com/p/complexion-rescue-tinted-moisturizer-mineral-spf-30-xlsImpprod11771035,2283391,2283391,2283391,2283391
227,https://www.ulta.com/p/moisture-surge-sheertint-hydrator-broad-spectrum-spf-25-tinted-moisturizer-pimprod2013655?sku=2562139,https://www.ulta.com/p/moisture-surge-sheertint-hydrator-broad-spectrum-spf-25-tinted-moisturizer-pimprod2013655,2562139,2562139,2562139,2562139
228,https://www.ulta.com/p/beauty-balm-serum-boosted-skin-tint-pimprod2044626?sku=2621820,https://www.ulta.com/p/beauty-balm-serum-boosted-skin-tint-pimprod2044626,2621820,2621820,2621820,2621820
229,https://www.ulta.com/p/pure-radiant-tinted-moisturizer-spf-30-xlsImpprod15251329?sku=2504411,https://www.ulta.com/p/pure-radiant-tinted-moisturizer-spf-30-xlsImpprod15251329,2504411,2504411,2504411,2504411
23,https://www.ulta.com/p/natural-radiant-longwear-foundation-xlsImpprod17421227?sku=2523154,https://www.ulta.com/p/natural-radiant-longwear-foundation-xlsImpprod17421227,2523154,2523154,2523154,2523154
230,https://www.ulta.com/p/mini-halo-healthy-glow-tinted-moisturizer-broad-spectrum-spf-25-pimprod2033372?sku=2596516,https://www.ulta.com/p/mini-halo-healthy-glow-tinted-moisturizer-broad-spectrum-spf-25-pimprod2033372,2596516,2596516,2596516,2596516
231,https://www.ulta.com/p/tinted-moisturizer-natural-skin-perfector-broad-spectrum-spf-30-pimprod2012417?sku=2560092,https://www.ulta.com/p/tinted-moisturizer-natural-skin-perfector-broad-spectrum-spf-30-pimprod2012417,,2560092,2560092,2560092
232,https://www.ulta.com/p/radiant-skin-brightening-serum-skin-tint-spf-30-pimprod2032850?sku=2598954,https://www.ulta.com/p/radiant-skin-brightening-serum-skin-tint-spf-30-pimprod2032850,,2598954,2598954,2598954
233,https://www.ulta.com/p/complexion-rescue-natural-matte-tinted-moisturizer-mineral-spf-30-pimprod2037151?sku=2605209,https://www.ulta.com/p/complexion-rescue-natural-matte-tinted-moisturizer-mineral-spf-30-pimprod2037151,2605209,2605209,2605209,2605209
234,https://www.ulta.com/p/hueguard-skin-tint-spf-50-mineral-sunscreen-broad-spectrum-pimprod2043870?sku=2621475,https://www.ulta.com/p/hueguard-skin-tint-spf-50-mineral-sunscreen-broad-spectrum-pimprod2043870,2621475,2621475,2621475,2621475
235,https://www.ulta.com/p/skin-feels-good-hydrating-tinted-moisturizer-with-spf-23-xlsImpprod17691285?sku=2524132,https://www.ulta.com/p/skin-feels-good-hydrating-tinted-moisturizer-with-spf-23-xlsImpprod17691285,2524132,2524132,2524132,2524132
236,https://www.ulta.com/p/strobe-dewy-skin-tint-pimprod2045158?sku=2622240,https://www.ulta.com/p/strobe-dewy-skin-tint-pimprod2045158,2622240,2622240,2622240,2622240
237,https://www.ulta.com/p/amazonian-clay-bb-tinted-moisturizer-broad-spectrum-spf-20-xlsImpprod2430045?sku=2220120,https://www.ulta.com/p/amazonian-clay-bb-tinted-moisturizer-broad-spectrum-spf-20-xlsImpprod2430045,2220120,2220120,2220120,2220120
238,https://www.ulta.com/p/halo-healthy-glow-tinted-moisturizer-broad-spectrum-spf-25-pimprod2016307?sku=2568502,https://www.ulta.com/p/halo-healthy-glow-tinted-moisturizer-broad-spectrum-spf-25-pimprod2016307,2568502,2568502,2568502,2568502
239,https://www.ulta.com/p/maracuja-vegan-tinted-moisturizer-pimprod2014942?sku=2562236,https://www.ulta.com/p/maracuja-vegan-tinted-moisturizer-pimprod2014942,2562236,2562236,2562236,2562236
24,https://www.ulta.com/p/always-on-skin-balancing-foundation-with-hyaluronic-acid-adaptogens-pimprod2040206?sku=2610459,https://www.ulta.com/p/always-on-skin-balancing-foundation-with-hyaluronic-acid-adaptogens-pimprod2040206,,2610459,2610459,2610459
240,https://www.ulta.com/p/tinted-moisturizer-oil-free-natural-skin-perfector-broad-spectrum-spf-20-pimprod2025045?sku=2581981,https://www.ulta.com/p/tinted-moisturizer-oil-free-natural-skin-perfector-broad-spectrum-spf-20-pimprod2025045,2581981,2581981,2581981,2581981
241,https://www.ulta.com/p/dew-skin-tinted-moisturizer-pimprod2038182?sku=2606458,https://www.ulta.com/p/dew-skin-tinted-moisturizer-pimprod2038182,2606458,2606458,2606458,2606458
242,https://www.ulta.com/p/4-in-1-tinted-moisturizer-broad-spectrum-spf-20-xlsImpprod4310009?sku=2241131,https://www.ulta.com/p/4-in-1-tinted-moisturizer-broad-spectrum-spf-20-xlsImpprod4310009,2241131,2241131,2241131,2241131
243,https://www.ulta.com/p/milk-tint-spf-43-tinted-primer-serum-pimprod2044125?sku=2624068,https://www.ulta.com/p/milk-tint-spf-43-tinted-primer-serum-pimprod2044125,2624068,2624068,2624068,2624068
244,https://www.ulta.com/p/hydromaniac-tinted-moisturizer-pimprod2021082?sku=2567739,https://www.ulta.com/p/hydromaniac-tinted-moisturizer-pimprod2021082,2567739,2567739,2567739,2567739
245,https://www.ulta.com/p/rosilliance-tinted-moisturizer-organic-sunscreen-spf-30-xlsImpprod17761877?sku=2523612,https://www.ulta.com/p/rosilliance-tinted-moisturizer-organic-sunscreen-spf-30-xlsImpprod17761877,2523612,2523612,2523612,2523612
246,https://www.ulta.com/p/pretty-fresh-hyaluronic-acid-tinted-moisturizer-pimprod2013394?sku=2561451,https://www.ulta.com/p/pretty-fresh-hyaluronic-acid-tinted-moisturizer-pimprod2013394,,2561451,2561451,2561451
247,https://www.ulta.com/p/mini-tinted-moisturizer-natural-skin-perfector-broad-spectrum-spf-30-pimprod2039349?sku=2610229,https://www.ulta.com/p/mini-tinted-moisturizer-natural-skin-perfector-broad-spectrum-spf-30-pimprod2039349,2610229,2610229,2610229,2610229
248,https://www.ulta.com/p/tinted-moisturizer-light-revealer-natural-skin-illuminator-broad-spectrum-spf-25-pimprod2030309?sku=2589680,https://www.ulta.com/p/tinted-moisturizer-light-revealer-natural-skin-illuminator-broad-spectrum-spf-25-pimprod2030309,2589680,2589680,2589680,2589680
249,https://www.ulta.com/p/mini-tinted-moisturizer-oil-free-natural-skin-perfector-broad-spectrum-spf-20-pimprod2039444?sku=2610240,https://www.ulta.com/p/mini-tinted-moisturizer-oil-free-natural-skin-perfector-broad-spectrum-spf-20-pimprod2039444,2610240,2610240,2610240,2610240
25,https://www.ulta.com/p/eaze-drop-blurring-skin-tint-pimprod2031372?sku=2592608,https://www.ulta.com/p/eaze-drop-blurring-skin-tint-pimprod2031372,2592608,2592608,2592608,2592608
250,https://www.ulta.com/p/water-drenchbroad-spectrum-spf-45-hyaluronic-sheer-tint-moisturizer-pimprod2044823?sku=2623408,https://www.ulta.com/p/water-drenchbroad-spectrum-spf-45-hyaluronic-sheer-tint-moisturizer-pimprod2044823,2623408,2623408,2623408,2623408
251,https://www.ulta.com/p/skin-treat-poreless-tinted-moisturizer-spf-20-pimprod2020888?sku=2592227,https://www.ulta.com/p/skin-treat-poreless-tinted-moisturizer-spf-20-pimprod2020888,2592227,2592227,2592227,2592227
254,https://www.ulta.com/p/bare-focus-tinted-hydrator-tinted-skin-veil-pimprod2021910?sku=2574779,https://www.ulta.com/p/bare-focus-tinted-hydrator-tinted-skin-veil-pimprod2021910,,2574779,2574779,2574779
255,https://www.ulta.com/p/glow-hydrating-skin-tint-pimprod2021189?sku=2573972,https://www.ulta.com/p/glow-hydrating-skin-tint-pimprod2021189,2573972,2573972,2573972,2573972
256,https://www.ulta.com/p/travel-size-bb-blur-tinted-moisturizer-broad-spectrum-spf-30-sunscreen-pimprod2021638?sku=2578610,https://www.ulta.com/p/travel-size-bb-blur-tinted-moisturizer-broad-spectrum-spf-30-sunscreen-pimprod2021638,,2578610,2578610,2578610
257,https://www.ulta.com/p/ccc-clean-corrective-with-vitamin-c-tinted-moisturizer-spf-30-pimprod2017865?sku=2571581,https://www.ulta.com/p/ccc-clean-corrective-with-vitamin-c-tinted-moisturizer-spf-30-pimprod2017865,,2571581,2571581,2571581
258,https://www.ulta.com/p/hydrakate-illuminating-spf-50-drops-pimprod2044974?sku=2625521,https://www.ulta.com/p/hydrakate-illuminating-spf-50-drops-pimprod2044974,,2625521,2625521,2625521
259,https://www.ulta.com/p/nudescreen-daily-mineral-veil-spf-30-pimprod2031256?sku=2605942,https://www.ulta.com/p/nudescreen-daily-mineral-veil-spf-30-pimprod2031256,2605942,2605942,2605942,2605942
26,https://www.ulta.com/p/stay-matte-sheer-pressed-powder-foundation-xlsImpprod10791893?sku=2153956,https://www.ulta.com/p/stay-matte-sheer-pressed-powder-foundation-xlsImpprod10791893,2153956,2153956,2153956,2153956
260,https://www.ulta.com/p/dream-tint-tinted-moisturizer-pimprod2004093?sku=2544951,https://www.ulta.com/p/dream-tint-tinted-moisturizer-pimprod2004093,,2544951,2544951,2544951
261,https://www.ulta.com/p/kind-tint-tinted-serum-pimprod2030679?sku=2591360,https://www.ulta.com/p/kind-tint-tinted-serum-pimprod2030679,2591360,2591360,2591360,2591360
262,https://www.ulta.com/p/mineral-sunscreen-multi-defense-fluid-tinted-spf-50-pimprod2046267?sku=2625801,https://www.ulta.com/p/mineral-sunscreen-multi-defense-fluid-tinted-spf-50-pimprod2046267,,2625801,2625801,2625801
263,https://www.ulta.com/p/white-tea-tinted-moisturizer-spf-30-pimprod2037233?sku=2606735,https://www.ulta.com/p/white-tea-tinted-moisturizer-spf-30-pimprod2037233,,2606735,2606735,2606735
264,https://www.ulta.com/p/illusion-hyaluronic-skin-tint-pimprod2020463?sku=2575959,https://www.ulta.com/p/illusion-hyaluronic-skin-tint-pimprod2020463,,2575959,2575959,2575959
265,https://www.ulta.com/p/tinted-moisturizer-spf-24-pimprod2046202?sku=2623150,https://www.ulta.com/p/tinted-moisturizer-spf-24-pimprod2046202,,2623150,2623150,2623150
266,https://www.ulta.com/p/shape-tape-full-coverage-concealer-xlsImpprod14251035?sku=2501208,https://www.ulta.com/p/shape-tape-full-coverage-concealer-xlsImpprod14251035,,2501208,2501208,2501208
267,https://www.ulta.com/p/radiant-creamy-concealer-xlsImpprod15251325?sku=2504450,https://www.ulta.com/p/radiant-creamy-concealer-xlsImpprod15251325,2504450,2504450,2504450,2504450
268,https://www.ulta.com/p/born-this-way-super-coverage-multi-use-concealer-xlsImpprod18631033?sku=2529024,https://www.ulta.com/p/born-this-way-super-coverage-multi-use-concealer-xlsImpprod18631033,2529024,2529024,2529024,2529024
269,https://www.ulta.com/p/vanish-airbrush-concealer-pimprod2020477?sku=2575916,https://www.ulta.com/p/vanish-airbrush-concealer-pimprod2020477,2575916,2575916,2575916,2575916
27,https://www.ulta.com/p/bye-bye-foundation-full-coverage-moisturizer-with-spf-50-xlsImpprod17611001?sku=2523634,https://www.ulta.com/p/bye-bye-foundation-full-coverage-moisturizer-with-spf-50-xlsImpprod17611001,,2523634,2523634,2523634
270,https://www.ulta.com/p/shape-tape-ultra-creamy-concealer-pimprod2020889?sku=2575029,https://www.ulta.com/p/shape-tape-ultra-creamy-concealer-pimprod2020889,,2575029,2575029,2575029
271,https://www.ulta.com/p/travel-size-shape-tape-full-coverage-concealer-pimprod2009198?sku=2554049,https://www.ulta.com/p/travel-size-shape-tape-full-coverage-concealer-pimprod2009198,2554049,2554049,2554049,2554049
272,https://www.ulta.com/p/hydrating-camo-concealer-pimprod2013395?sku=2558525,https://www.ulta.com/p/hydrating-camo-concealer-pimprod2013395,2558525,2558525,2558525,2558525
273,https://www.ulta.com/p/bye-bye-under-eye-full-coverage-anti-aging-waterproof-concealer-xlsImpprod5770259?sku=2533871,https://www.ulta.com/p/bye-bye-under-eye-full-coverage-anti-aging-waterproof-concealer-xlsImpprod5770259,2533871,2533871,2533871,2533871
274,https://www.ulta.com/p/soft-matte-complete-concealer-xlsImpprod15692183?sku=2603381,https://www.ulta.com/p/soft-matte-complete-concealer-xlsImpprod15692183,2603381,2603381,2603381,2603381
275,https://www.ulta.com/p/even-better-all-over-concealer-eraser-pimprod2017443?sku=2567323,https://www.ulta.com/p/even-better-all-over-concealer-eraser-pimprod2017443,2567323,2567323,2567323,2567323
277,https://www.ulta.com/p/instant-age-rewind-eraser-dark-circle-treatment-concealer-xlsImpprod3490149?sku=2547762,https://www.ulta.com/p/instant-age-rewind-eraser-dark-circle-treatment-concealer-xlsImpprod3490149,2547762,2547762,2547762,2547762
278,https://www.ulta.com/p/teint-idole-ultra-wear-all-over-concealer-pimprod2025302?sku=2583109,https://www.ulta.com/p/teint-idole-ultra-wear-all-over-concealer-pimprod2025302,2583109,2583109,2583109,2583109
279,https://www.ulta.com/p/bare-with-me-hydrating-face-body-concealer-serum-pimprod2028567?sku=2587594,https://www.ulta.com/p/bare-with-me-hydrating-face-body-concealer-serum-pimprod2028567,2587594,2587594,2587594,2587594
28,https://www.ulta.com/p/dual-finish-multi-tasking-lightweight-pressed-powder-foundation-xlsImpprod3650148?sku=2235364,https://www.ulta.com/p/dual-finish-multi-tasking-lightweight-pressed-powder-foundation-xlsImpprod3650148,2235364,2235364,2235364,2235364
280,https://www.ulta.com/p/mini-radiant-creamy-concealer-pimprod2017511?sku=2569434,https://www.ulta.com/p/mini-radiant-creamy-concealer-pimprod2017511,2569434,2569434,2569434,2569434
281,https://www.ulta.com/p/bye-bye-redness-neutralizing-color-correcting-concealer-cream-xlsImpprod5770263?sku=2514627,https://www.ulta.com/p/bye-bye-redness-neutralizing-color-correcting-concealer-cream-xlsImpprod5770263,2514627,2514627,2514627,2514627
282,https://www.ulta.com/p/pro-fix-stick-color-correcting-concealers-pimprod2042801?sku=2617411,https://www.ulta.com/p/pro-fix-stick-color-correcting-concealers-pimprod2042801,2617411,2617411,2617411,2617411
283,https://www.ulta.com/p/hy-glam-concealer-pimprod2038096?sku=2608808,https://www.ulta.com/p/hy-glam-concealer-pimprod2038096,2608808,2608808,2608808,2608808
284,https://www.ulta.com/p/shape-tape-radiant-medium-coverage-concealer-pimprod2039503?sku=2610339,https://www.ulta.com/p/shape-tape-radiant-medium-coverage-concealer-pimprod2039503,,2610339,2610339,2610339
285,https://www.ulta.com/p/travel-size-shape-tape-ultra-creamy-concealer-pimprod2023346?sku=2575553,https://www.ulta.com/p/travel-size-shape-tape-ultra-creamy-concealer-pimprod2023346,,2575553,2575553,2575553
286,https://www.ulta.com/p/instant-age-rewind-instant-perfector-4-in-1-glow-makeup-pimprod2025160?sku=2596456,https://www.ulta.com/p/instant-age-rewind-instant-perfector-4-in-1-glow-makeup-pimprod2025160,2596456,2596456,2596456,2596456
287,https://www.ulta.com/p/travel-size-bye-bye-under-eye-full-coverage-anti-aging-waterproof-concealer-xlsImpprod12871043?sku=2550194,https://www.ulta.com/p/travel-size-bye-bye-under-eye-full-coverage-anti-aging-waterproof-concealer-xlsImpprod12871043,2550194,2550194,2550194,2550194
288,https://www.ulta.com/p/original-liquid-mineral-concealer-pimprod2023690?sku=2600322,https://www.ulta.com/p/original-liquid-mineral-concealer-pimprod2023690,2600322,2600322,2600322,2600322
289,https://www.ulta.com/p/forever-skin-correct-concealer-pimprod2036834?sku=2605025,https://www.ulta.com/p/forever-skin-correct-concealer-pimprod2036834,2605025,2605025,2605025,2605025
29,https://www.ulta.com/p/face-tape-full-coverage-foundation-pimprod2003933?sku=2540290,https://www.ulta.com/p/face-tape-full-coverage-foundation-pimprod2003933,,2540290,2540290,2540290
290,https://www.ulta.com/p/pro-longwear-liquid-correcting-concealer-xlsImpprod15921222?sku=2510643,https://www.ulta.com/p/pro-longwear-liquid-correcting-concealer-xlsImpprod15921222,2510643,2510643,2510643,2510643
291,https://www.ulta.com/p/bye-bye-dark-spots-concealer-serum-pimprod2038114?sku=2607706,https://www.ulta.com/p/bye-bye-dark-spots-concealer-serum-pimprod2038114,2607706,2607706,2607706,2607706
292,https://www.ulta.com/p/i-am-magic-concealer-pimprod2006835?sku=2551099,https://www.ulta.com/p/i-am-magic-concealer-pimprod2006835,,2551099,2551099,2551099
293,https://www.ulta.com/p/beyond-perfecting-powder-foundation-concealer-xlsImpprod12991071?sku=2291649,https://www.ulta.com/p/beyond-perfecting-powder-foundation-concealer-xlsImpprod12991071,2291649,2291649,2291649,2291649
294,https://www.ulta.com/p/were-even-hydrating-longwear-concealer-pimprod2043011?sku=2618097,https://www.ulta.com/p/were-even-hydrating-longwear-concealer-pimprod2043011,2618097,2618097,2618097,2618097
295,https://www.ulta.com/p/pro-filtr-instant-retouch-concealer-pimprod2031377?sku=2592634,https://www.ulta.com/p/pro-filtr-instant-retouch-concealer-pimprod2031377,2592634,2592634,2592634,2592634
296,https://www.ulta.com/p/4-in-1-love-your-selfie-longwear-foundation-concealer-pimprod2005671?sku=2544510,https://www.ulta.com/p/4-in-1-love-your-selfie-longwear-foundation-concealer-pimprod2005671,2544510,2544510,2544510,2544510
297,https://www.ulta.com/p/fit-me-natural-finish-concealer-xlsImpprod2980149?sku=2225219,https://www.ulta.com/p/fit-me-natural-finish-concealer-xlsImpprod2980149,2225219,2225219,2225219,2225219
298,https://www.ulta.com/p/studio-fix-24-hour-smooth-wear-fluid-correcting-concealer-xlsImpprod19111013?sku=2532166,https://www.ulta.com/p/studio-fix-24-hour-smooth-wear-fluid-correcting-concealer-xlsImpprod19111013,2532166,2532166,2532166,2532166
299,https://www.ulta.com/p/infallible-full-wear-waterproof-concealer-pimprod2002563?sku=2538192,https://www.ulta.com/p/infallible-full-wear-waterproof-concealer-pimprod2002563,2538192,2538192,2538192,2538192
3,https://www.ulta.com/p/cc-cream-with-spf-50-xlsImpprod5770257?sku=2264064,https://www.ulta.com/p/cc-cream-with-spf-50-xlsImpprod5770257,2264064,2264064,2264064,2264064
30,https://www.ulta.com/p/softlit-naturally-luminous-hydrating-longwear-foundation-pimprod2045514?sku=2624152,https://www.ulta.com/p/softlit-naturally-luminous-hydrating-longwear-foundation-pimprod2045514,,2624152,2624152,2624152
300,https://www.ulta.com/p/boi-ing-industrial-strength-full-coverage-cream-concealer-xlsImpprod16251012?sku=2509410,https://www.ulta.com/p/boi-ing-industrial-strength-full-coverage-cream-concealer-xlsImpprod16251012,2509410,2509410,2509410,2509410
301,https://www.ulta.com/p/maracuja-creaseless-concealer-xlsImpprod18541028?sku=2529984,https://www.ulta.com/p/maracuja-creaseless-concealer-xlsImpprod18541028,2529984,2529984,2529984,2529984
302,https://www.ulta.com/p/magic-touch-medium-full-coverage-concealer-pimprod2027404?sku=2584697,https://www.ulta.com/p/magic-touch-medium-full-coverage-concealer-pimprod2027404,2584697,2584697,2584697,2584697
303,https://www.ulta.com/p/hd-pro-corrector-concealer-pimprod2022723?sku=2505288,https://www.ulta.com/p/hd-pro-corrector-concealer-pimprod2022723,,2505288,2505288,2505288
304,https://www.ulta.com/p/lightweight-hd-pro-creamy-concealer-xlsImpprod15711051?sku=2505332,https://www.ulta.com/p/lightweight-hd-pro-creamy-concealer-xlsImpprod15711051,2505332,2505332,2505332,2505332
305,https://www.ulta.com/p/double-wear-stay-in-place-flawless-longwear-cream-concealer-xlsImpprod14641503?sku=2309394,https://www.ulta.com/p/double-wear-stay-in-place-flawless-longwear-cream-concealer-xlsImpprod14641503,2309394,2309394,2309394,2309394
306,https://www.ulta.com/p/filter-effect-soft-radiance-concealer-pimprod2030871?sku=2593388,https://www.ulta.com/p/filter-effect-soft-radiance-concealer-pimprod2030871,,2593388,2593388,2593388
307,https://www.ulta.com/p/well-rested-eye-brightener-broad-spectrum-spf-20-prod340055?sku=2124551,https://www.ulta.com/p/well-rested-eye-brightener-broad-spectrum-spf-20-prod340055,2124551,2124551,2124551,2124551
308,https://www.ulta.com/p/cant-stop-wont-stop-24hr-full-coverage-matte-concealer-pimprod2001745?sku=2538474,https://www.ulta.com/p/cant-stop-wont-stop-24hr-full-coverage-matte-concealer-pimprod2001745,2538474,2538474,2538474,2538474
309,https://www.ulta.com/p/16hr-camo-concealer-pimprod2002811?sku=2538873,https://www.ulta.com/p/16hr-camo-concealer-pimprod2002811,2538873,2538873,2538873,2538873
31,https://www.ulta.com/p/superpowder-double-face-makeup-foundation-xlsImpprod10791897?sku=2260625,https://www.ulta.com/p/superpowder-double-face-makeup-foundation-xlsImpprod10791897,2260625,2260625,2260625,2260625
310,https://www.ulta.com/p/boi-ing-cakeless-full-coverage-waterproof-liquid-concealer-pimprod2007903?sku=2548925,https://www.ulta.com/p/boi-ing-cakeless-full-coverage-waterproof-liquid-concealer-pimprod2007903,2548925,2548925,2548925,2548925
311,https://www.ulta.com/p/futurist-soft-touch-brightening-skincealer-concealer-pimprod2042359?sku=2618165,https://www.ulta.com/p/futurist-soft-touch-brightening-skincealer-concealer-pimprod2042359,2618165,2618165,2618165,2618165
313,https://www.ulta.com/p/conceal-perfect-2-in-1-foundation-concealer-xlsImpprod17081067?sku=2519968,https://www.ulta.com/p/conceal-perfect-2-in-1-foundation-concealer-xlsImpprod17081067,2519968,2519968,2519968,2519968
314,https://www.ulta.com/p/care-glow-hydrating-serum-concealer-pimprod2041176?sku=2615607,https://www.ulta.com/p/care-glow-hydrating-serum-concealer-pimprod2041176,2615607,2615607,2615607,2615607
315,https://www.ulta.com/p/colored-clay-cc-undereye-corrector-xlsImpprod10821078?sku=2276028,https://www.ulta.com/p/colored-clay-cc-undereye-corrector-xlsImpprod10821078,2276028,2276028,2276028,2276028
316,https://www.ulta.com/p/les-beiges-water-fresh-complexion-touch-pimprod2037597?sku=2595874,https://www.ulta.com/p/les-beiges-water-fresh-complexion-touch-pimprod2037597,2595874,2595874,2595874,2595874
317,https://www.ulta.com/p/cover-care-full-coverage-concealer-pimprod2015275?sku=2563725,https://www.ulta.com/p/cover-care-full-coverage-concealer-pimprod2015275,2563725,2563725,2563725,2563725
318,https://www.ulta.com/p/pretty-fresh-hyaluronic-creamy-concealer-pimprod2013420?sku=2561429,https://www.ulta.com/p/pretty-fresh-hyaluronic-creamy-concealer-pimprod2013420,,2561429,2561429,2561429
319,https://www.ulta.com/p/quickie-24hr-full-coverage-waterproof-concealer-pimprod2036680?sku=2603341,https://www.ulta.com/p/quickie-24hr-full-coverage-waterproof-concealer-pimprod2036680,2603341,2603341,2603341,2603341
32,https://www.ulta.com/p/futurist-hydra-rescue-moisturizing-foundation-spf-45-pimprod2013152?sku=2559137,https://www.ulta.com/p/futurist-hydra-rescue-moisturizing-foundation-spf-45-pimprod2013152,2559137,2559137,2559137,2559137
320,https://www.ulta.com/p/beautiful-skin-medium-full-coverage-radiant-concealer-pimprod2043379?sku=2619466,https://www.ulta.com/p/beautiful-skin-medium-full-coverage-radiant-concealer-pimprod2043379,2619466,2619466,2619466,2619466
321,https://www.ulta.com/p/studio-fix-every-wear-all-over-face-pen-pimprod2040514?sku=2611018,https://www.ulta.com/p/studio-fix-every-wear-all-over-face-pen-pimprod2040514,2611018,2611018,2611018,2611018
322,https://www.ulta.com/p/conceal-perfect-longwear-concealer-pimprod2007719?sku=2546823,https://www.ulta.com/p/conceal-perfect-longwear-concealer-pimprod2007719,2546823,2546823,2546823,2546823
323,https://www.ulta.com/p/quick-fix-concealer-stick-xlsImpprod1810223?sku=2208888,https://www.ulta.com/p/quick-fix-concealer-stick-xlsImpprod1810223,2208888,2208888,2208888,2208888
324,https://www.ulta.com/p/conceal-define-full-coverage-concealer-xlsImpprod17681057?sku=2536471,https://www.ulta.com/p/conceal-define-full-coverage-concealer-xlsImpprod17681057,,2536471,2536471,2536471
325,https://www.ulta.com/p/travel-size-vanish-airbrush-concealer-pimprod2021742?sku=2578997,https://www.ulta.com/p/travel-size-vanish-airbrush-concealer-pimprod2021742,,2578997,2578997,2578997
326,https://www.ulta.com/p/skin-fetish-sublime-perfection-blurring-under-eye-powder-pimprod2040426?sku=2613832,https://www.ulta.com/p/skin-fetish-sublime-perfection-blurring-under-eye-powder-pimprod2040426,2613832,2613832,2613832,2613832
327,https://www.ulta.com/p/4-in-1-sculpting-brightening-concealer-pimprod2022382?sku=2576925,https://www.ulta.com/p/4-in-1-sculpting-brightening-concealer-pimprod2022382,2576925,2576925,2576925,2576925
328,https://www.ulta.com/p/real-flawless-weightless-perfecting-serum-concealer-pimprod2043091?sku=2619193,https://www.ulta.com/p/real-flawless-weightless-perfecting-serum-concealer-pimprod2043091,2619193,2619193,2619193,2619193
329,https://www.ulta.com/p/le-correcteur-de-chanel-longwear-concealer-pimprod2030116?sku=2585123,https://www.ulta.com/p/le-correcteur-de-chanel-longwear-concealer-pimprod2030116,2585123,2585123,2585123,2585123
33,https://www.ulta.com/p/4-in-1-pressed-mineral-makeup-broad-spectrum-spf-15-xlsImpprod3790037?sku=2236106,https://www.ulta.com/p/4-in-1-pressed-mineral-makeup-broad-spectrum-spf-15-xlsImpprod3790037,2236106,2236106,2236106,2236106
330,https://www.ulta.com/p/skin-full-coverage-longwear-concealer-pimprod2034752?sku=2597153,https://www.ulta.com/p/skin-full-coverage-longwear-concealer-pimprod2034752,2597153,2597153,2597153,2597153
331,https://www.ulta.com/p/hueskin-serum-concealer-pimprod2040682?sku=2614727,https://www.ulta.com/p/hueskin-serum-concealer-pimprod2040682,2614727,2614727,2614727,2614727
333,https://www.ulta.com/p/true-match-radiant-serum-concealer-pimprod2042850?sku=2617261,https://www.ulta.com/p/true-match-radiant-serum-concealer-pimprod2042850,2617261,2617261,2617261,2617261
334,https://www.ulta.com/p/light-reflecting-eye-brightener-pimprod2039267?sku=2609672,https://www.ulta.com/p/light-reflecting-eye-brightener-pimprod2039267,2609672,2609672,2609672,2609672
335,https://www.ulta.com/p/3c-color-correcting-concealer-palette-xlsImpprod12011171?sku=2283240,https://www.ulta.com/p/3c-color-correcting-concealer-palette-xlsImpprod12011171,2283240,2283240,2283240,2283240
336,https://www.ulta.com/p/born-this-way-ethereal-light-illuminating-smoothing-concealer-pimprod2036996?sku=2603644,https://www.ulta.com/p/born-this-way-ethereal-light-illuminating-smoothing-concealer-pimprod2036996,2603644,2603644,2603644,2603644
337,https://www.ulta.com/p/boi-ing-bright-on-brightening-undereye-concealer-pimprod2030906?sku=2591457,https://www.ulta.com/p/boi-ing-bright-on-brightening-undereye-concealer-pimprod2030906,,2591457,2591457,2591457
338,https://www.ulta.com/p/correct-perfect-all-in-one-color-correcting-palette-xlsImpprod14021283?sku=2301052,https://www.ulta.com/p/correct-perfect-all-in-one-color-correcting-palette-xlsImpprod14021283,2301052,2301052,2301052,2301052
339,https://www.ulta.com/p/concealer-broad-spectrum-spf-20-prod2093950?sku=2124550,https://www.ulta.com/p/concealer-broad-spectrum-spf-20-prod2093950,,2124550,2124550,2124550
34,https://www.ulta.com/p/super-stay-24h-skin-tint-vitamin-c-pimprod2039657?sku=2610824,https://www.ulta.com/p/super-stay-24h-skin-tint-vitamin-c-pimprod2039657,2610824,2610824,2610824,2610824
340,https://www.ulta.com/p/studio-finish-spf-35-correcting-concealer-xlsImpprod15921236?sku=2510647,https://www.ulta.com/p/studio-finish-spf-35-correcting-concealer-xlsImpprod15921236,2510647,2510647,2510647,2510647
341,https://www.ulta.com/p/hide-peek-concealer-pimprod2024755?sku=2580929,https://www.ulta.com/p/hide-peek-concealer-pimprod2024755,2580929,2580929,2580929,2580929
342,https://www.ulta.com/p/peeper-perfect-under-eye-concealer-pimprod2029606?sku=2590489,https://www.ulta.com/p/peeper-perfect-under-eye-concealer-pimprod2029606,2590489,2590489,2590489,2590489
343,https://www.ulta.com/p/nudies-tinted-blur-foundation-stick-xlsImpprod18231039?sku=2526852,https://www.ulta.com/p/nudies-tinted-blur-foundation-stick-xlsImpprod18231039,2526852,2526852,2526852,2526852
344,https://www.ulta.com/p/skin-concealer-stick-pimprod2031601?sku=2595312,https://www.ulta.com/p/skin-concealer-stick-pimprod2031601,,2595312,2595312,2595312
345,https://www.ulta.com/p/sweetener-concealer-pimprod2034169?sku=2598565,https://www.ulta.com/p/sweetener-concealer-pimprod2034169,,2598565,2598565,2598565
346,https://www.ulta.com/p/skin-fetish-sublime-perfection-full-coverage-concealer-pimprod2040433?sku=2613848,https://www.ulta.com/p/skin-fetish-sublime-perfection-full-coverage-concealer-pimprod2040433,2613848,2613848,2613848,2613848
347,https://www.ulta.com/p/skin-treat-vegan-stick-concealer-pimprod2030160?sku=2590239,https://www.ulta.com/p/skin-treat-vegan-stick-concealer-pimprod2030160,,2590239,2590239,2590239
348,https://www.ulta.com/p/radiant-skin-brightening-serum-concealer-pimprod2040353?sku=2612273,https://www.ulta.com/p/radiant-skin-brightening-serum-concealer-pimprod2040353,,2612273,2612273,2612273
349,https://www.ulta.com/p/effacernes-waterproof-protective-undereye-concealer-xlsImpprod3650152?sku=2567727,https://www.ulta.com/p/effacernes-waterproof-protective-undereye-concealer-xlsImpprod3650152,2567727,2567727,2567727,2567727
35,https://www.ulta.com/p/renergie-lift-makeup-lightweight-liquid-foundation-spf-27-xlsImpprod3650154?sku=2561672,https://www.ulta.com/p/renergie-lift-makeup-lightweight-liquid-foundation-spf-27-xlsImpprod3650154,,2561672,2561672,2561672
350,https://www.ulta.com/p/irl-filter-finish-concealer-pimprod2036918?sku=2605173,https://www.ulta.com/p/irl-filter-finish-concealer-pimprod2036918,2605173,2605173,2605173,2605173
351,https://www.ulta.com/p/shape-tape-conceal-sculpt-duo-pimprod2041242?sku=2614529,https://www.ulta.com/p/shape-tape-conceal-sculpt-duo-pimprod2041242,,2614529,2614529,2614529
352,https://www.ulta.com/p/good-apple-lightweight-full-coverage-concealer-pimprod2030449?sku=2591736,https://www.ulta.com/p/good-apple-lightweight-full-coverage-concealer-pimprod2030449,2591736,2591736,2591736,2591736
353,https://www.ulta.com/p/power-plush-longwear-concealer-pimprod2041665?sku=2616197,https://www.ulta.com/p/power-plush-longwear-concealer-pimprod2041665,2616197,2616197,2616197,2616197
354,https://www.ulta.com/p/highlighting-concealing-pro-pencil-xlsImpprod10111044?sku=2273167,https://www.ulta.com/p/highlighting-concealing-pro-pencil-xlsImpprod10111044,2273167,2273167,2273167,2273167
355,https://www.ulta.com/p/skin-twin-creamy-concealer-pimprod2038185?sku=2606508,https://www.ulta.com/p/skin-twin-creamy-concealer-pimprod2038185,2606508,2606508,2606508,2606508
356,https://www.ulta.com/p/megaglo-makeup-stick-contour-xlsImpprod16731047?sku=2518198,https://www.ulta.com/p/megaglo-makeup-stick-contour-xlsImpprod16731047,,2518198,2518198,2518198
357,https://www.ulta.com/p/smoothers-moisturizing-concealer-stick-xlsImpprod2730183?sku=2161014,https://www.ulta.com/p/smoothers-moisturizing-concealer-stick-xlsImpprod2730183,,2161014,2161014,2161014
358,https://www.ulta.com/p/keep-me-covered-concealer-pimprod2037413?sku=2603009,https://www.ulta.com/p/keep-me-covered-concealer-pimprod2037413,2603009,2603009,2603009,2603009
359,https://www.ulta.com/p/trublend-undercover-concealer-pimprod2007549?sku=2604790,https://www.ulta.com/p/trublend-undercover-concealer-pimprod2007549,2604790,2604790,2604790,2604790
36,https://www.ulta.com/p/infallible-fresh-wear-24hr-foundation-pimprod2002481?sku=2538170,https://www.ulta.com/p/infallible-fresh-wear-24hr-foundation-pimprod2002481,2538170,2538170,2538170,2538170
360,https://www.ulta.com/p/travel-size-maracuja-creaseless-concealer-pimprod2013902?sku=2563085,https://www.ulta.com/p/travel-size-maracuja-creaseless-concealer-pimprod2013902,,2563085,2563085,2563085
361,https://www.ulta.com/p/bright-eyes-under-eye-stick-pimprod2043709?sku=2618288,https://www.ulta.com/p/bright-eyes-under-eye-stick-pimprod2043709,2618288,2618288,2618288,2618288
362,https://www.ulta.com/p/eye-bright-concealer-pimprod2022327?sku=2574724,https://www.ulta.com/p/eye-bright-concealer-pimprod2022327,,2574724,2574724,2574724
363,https://www.ulta.com/p/halo-healthy-glow-4-in-1-perfecting-pen-concealer-with-hyaluronic-acid-pimprod2040212?sku=2610391,https://www.ulta.com/p/halo-healthy-glow-4-in-1-perfecting-pen-concealer-with-hyaluronic-acid-pimprod2040212,2610391,2610391,2610391,2610391
364,https://www.ulta.com/p/circledelete-concealer-pimprod2004082?sku=2545045,https://www.ulta.com/p/circledelete-concealer-pimprod2004082,,2545045,2545045,2545045
365,https://www.ulta.com/p/bio-correct-concealer-pimprod2008578?sku=2569076,https://www.ulta.com/p/bio-correct-concealer-pimprod2008578,,2569076,2569076,2569076
366,https://www.ulta.com/p/hy-glam-correcting-concealer-pimprod2039342?sku=2609431,https://www.ulta.com/p/hy-glam-correcting-concealer-pimprod2039342,,2609431,2609431,2609431
367,https://www.ulta.com/p/nudefix-cream-concealer-pimprod2018231?sku=2568586,https://www.ulta.com/p/nudefix-cream-concealer-pimprod2018231,2568586,2568586,2568586,2568586
368,https://www.ulta.com/p/dreamlit-glow-creamy-undereye-concealer-pimprod2037575?sku=2604787,https://www.ulta.com/p/dreamlit-glow-creamy-undereye-concealer-pimprod2037575,2604787,2604787,2604787,2604787
369,https://www.ulta.com/p/staysurance-water-sealed-zero-smudge-concealer-pimprod2009447?sku=2555810,https://www.ulta.com/p/staysurance-water-sealed-zero-smudge-concealer-pimprod2009447,,2555810,2555810,2555810
370,https://www.ulta.com/p/full-coverage-concealer-pimprod2025043?sku=2581182,https://www.ulta.com/p/full-coverage-concealer-pimprod2025043,,2581182,2581182,2581182
371,https://www.ulta.com/p/nothing-see-soft-matte-creamy-concealer-pimprod2044295?sku=2622364,https://www.ulta.com/p/nothing-see-soft-matte-creamy-concealer-pimprod2044295,,2622364,2622364,2622364
372,https://www.ulta.com/p/get-real-serum-concealer-pimprod2037251?sku=2607237,https://www.ulta.com/p/get-real-serum-concealer-pimprod2037251,,2607237,2607237,2607237
373,https://www.ulta.com/p/le-correcteur-de-chanel-longwear-colour-corrector-pimprod2030115?sku=2585213,https://www.ulta.com/p/le-correcteur-de-chanel-longwear-colour-corrector-pimprod2030115,2585213,2585213,2585213,2585213
374,https://www.ulta.com/p/travel-size-shape-tape-glow-wand-liquid-highlighter-pimprod2012614?sku=2557000,https://www.ulta.com/p/travel-size-shape-tape-glow-wand-liquid-highlighter-pimprod2012614,,2557000,2557000,2557000
375,https://www.ulta.com/p/correction-concentrate-concealer-pimprod2040261?sku=2612669,https://www.ulta.com/p/correction-concentrate-concealer-pimprod2040261,2612669,2612669,2612669,2612669
376,https://www.ulta.com/p/colorstay-skin-awaken-concealer-pimprod2029801?sku=2590576,https://www.ulta.com/p/colorstay-skin-awaken-concealer-pimprod2029801,2590576,2590576,2590576,2590576
377,https://www.ulta.com/p/purematch-liquid-concealer-pimprod2042421?sku=2617588,https://www.ulta.com/p/purematch-liquid-concealer-pimprod2042421,,2617588,2617588,2617588
378,https://www.ulta.com/p/mini-nudefix-cream-concealer-pimprod2037935?sku=2605952,https://www.ulta.com/p/mini-nudefix-cream-concealer-pimprod2037935,,2605952,2605952,2605952
379,https://www.ulta.com/p/light-illusion-full-coverage-concealer-xlsImpprod17631331?sku=2524996,https://www.ulta.com/p/light-illusion-full-coverage-concealer-xlsImpprod17631331,,2524996,2524996,2524996
38,https://www.ulta.com/p/cc-airbrush-perfecting-powder-foundation-pimprod2005433?sku=2543894,https://www.ulta.com/p/cc-airbrush-perfecting-powder-foundation-pimprod2005433,2543894,2543894,2543894,2543894
380,https://www.ulta.com/p/universal-stick-concealer-pimprod2025044?sku=2581428,https://www.ulta.com/p/universal-stick-concealer-pimprod2025044,,2581428,2581428,2581428
381,https://www.ulta.com/p/active-light-under-eye-concealer-pimprod2004114?sku=2545120,https://www.ulta.com/p/active-light-under-eye-concealer-pimprod2004114,,2545120,2545120,2545120
382,https://www.ulta.com/p/pro-sculpt-concealer-palette-pimprod2040346?sku=2611142,https://www.ulta.com/p/pro-sculpt-concealer-palette-pimprod2040346,,2611142,2611142,2611142
383,https://www.ulta.com/p/honestly-bright-eyes-tinted-eye-cream-pimprod2017385?sku=2570957,https://www.ulta.com/p/honestly-bright-eyes-tinted-eye-cream-pimprod2017385,,2570957,2570957,2570957
384,https://www.ulta.com/p/stay-woke-concealer-pimprod2032974?sku=2593686,https://www.ulta.com/p/stay-woke-concealer-pimprod2032974,2593686,2593686,2593686,2593686
385,https://www.ulta.com/p/trick-treat-concealer-xlsImpprod15001111?sku=2537311,https://www.ulta.com/p/trick-treat-concealer-xlsImpprod15001111,,2537311,2537311,2537311
386,https://www.ulta.com/p/clean-fresh-hydrating-concealer-pimprod2015676?sku=2561984,https://www.ulta.com/p/clean-fresh-hydrating-concealer-pimprod2015676,,2561984,2561984,2561984
387,https://www.ulta.com/p/inner-glow-serum-concealer-pimprod2045980?sku=2621060,https://www.ulta.com/p/inner-glow-serum-concealer-pimprod2045980,,2621060,2621060,2621060
388,https://www.ulta.com/p/simply-ageless-triple-action-concealer-pimprod2033153?sku=2597532,https://www.ulta.com/p/simply-ageless-triple-action-concealer-pimprod2033153,,2597532,2597532,2597532
389,https://www.ulta.com/p/flawless-concealer-pimprod2022184?sku=2578393,https://www.ulta.com/p/flawless-concealer-pimprod2022184,,2578393,2578393,2578393
39,https://www.ulta.com/p/fit-me-matte-poreless-liquid-foundation-xlsImpprod11861007?sku=2282913,https://www.ulta.com/p/fit-me-matte-poreless-liquid-foundation-xlsImpprod11861007,2282913,2282913,2282913,2282913
390,https://www.ulta.com/p/complexion-crush-full-coverage-concealer-pimprod2046565?sku=2617686,https://www.ulta.com/p/complexion-crush-full-coverage-concealer-pimprod2046565,,2617686,2617686,2617686
391,https://www.ulta.com/p/brightening-concealer-pimprod2032552?sku=2597632,https://www.ulta.com/p/brightening-concealer-pimprod2032552,,2597632,2597632,2597632
392,https://www.ulta.com/p/clean-matte-concealer-pimprod2000387?sku=2533545,https://www.ulta.com/p/clean-matte-concealer-pimprod2000387,,2533545,2533545,2533545
393,https://www.ulta.com/p/enlighten-plus-under-eye-concealer-pimprod2022036?sku=2579049,https://www.ulta.com/p/enlighten-plus-under-eye-concealer-pimprod2022036,,2579049,2579049,2579049
394,https://www.ulta.com/p/i-am-magic-mini-concealer-pimprod2026783?sku=2587645,https://www.ulta.com/p/i-am-magic-mini-concealer-pimprod2026783,,2587645,2587645,2587645
395,https://www.ulta.com/p/pro-soft-focus-longwear-concealer-pimprod2013332?sku=2558409,https://www.ulta.com/p/pro-soft-focus-longwear-concealer-pimprod2013332,,2558409,2558409,2558409
396,https://www.ulta.com/p/complexion-rescue-brightening-under-eye-concealer-spf-25-pimprod2035656?sku=2599426,https://www.ulta.com/p/complexion-rescue-brightening-under-eye-concealer-spf-25-pimprod2035656,2599426,2599426,2599426,2599426
397,https://www.ulta.com/p/age-perfect-radiant-concealer-pimprod2017249?sku=2567559,https://www.ulta.com/p/age-perfect-radiant-concealer-pimprod2017249,,2567559,2567559,2567559
398,https://www.ulta.com/p/duet-perfecting-concealer-pimprod2014349?sku=2564447,https://www.ulta.com/p/duet-perfecting-concealer-pimprod2014349,,2564447,2564447,2564447
399,https://www.ulta.com/p/conceal-reveal-3-in-1-coverage-palette-pimprod2023469?sku=2607952,https://www.ulta.com/p/conceal-reveal-3-in-1-coverage-palette-pimprod2023469,2607952,2607952,2607952,2607952
40,https://www.ulta.com/p/celebration-full-coverage-powder-foundation-xlsImpprod5770253?sku=2264053,https://www.ulta.com/p/celebration-full-coverage-powder-foundation-xlsImpprod5770253,2264053,2264053,2264053,2264053
400,https://www.ulta.com/p/unseen-sunscreen-spf-40-pimprod2029930?sku=2589386,https://www.ulta.com/p/unseen-sunscreen-spf-40-pimprod2029930,2589386,2589386,2589386,2589386
401,https://www.ulta.com/p/original-photo-finish-smooth-blur-oil-free-primer-xlsImpprod3590041?sku=2233964,https://www.ulta.com/p/original-photo-finish-smooth-blur-oil-free-primer-xlsImpprod3590041,2233964,2233964,2233964,2233964
402,https://www.ulta.com/p/blurring-moisturizing-filter-primer-pimprod2024916?sku=2580280,https://www.ulta.com/p/blurring-moisturizing-filter-primer-pimprod2024916,,2580280,2580280,2580280
403,https://www.ulta.com/p/jelly-pop-dew-primer-pimprod2040698?sku=2614066,https://www.ulta.com/p/jelly-pop-dew-primer-pimprod2040698,,2614066,2614066,2614066
404,https://www.ulta.com/p/one-step-correct-brightening-correcting-primer-xlsImpprod2390219?sku=2568596,https://www.ulta.com/p/one-step-correct-brightening-correcting-primer-xlsImpprod2390219,2568596,2568596,2568596,2568596
405,https://www.ulta.com/p/power-grip-primer-pimprod2030073?sku=2591795,https://www.ulta.com/p/power-grip-primer-pimprod2030073,2591795,2591795,2591795,2591795
406,https://www.ulta.com/p/mini-vitamin-enriched-face-base-moisturizer-primer-with-vitamin-c-hyaluronic-acid-pimprod2025025?sku=2583729,https://www.ulta.com/p/mini-vitamin-enriched-face-base-moisturizer-primer-with-vitamin-c-hyaluronic-acid-pimprod2025025,2583729,2583729,2583729,2583729
407,https://www.ulta.com/p/plump-prep-vitamin-enriched-set-pimprod2043233?sku=2620841,https://www.ulta.com/p/plump-prep-vitamin-enriched-set-pimprod2043233,,2620841,2620841,2620841
408,https://www.ulta.com/p/vitamin-enriched-face-base-moisturizer-primer-with-vitamin-c-hyaluronic-acid-pimprod2025028?sku=2583728,https://www.ulta.com/p/vitamin-enriched-face-base-moisturizer-primer-with-vitamin-c-hyaluronic-acid-pimprod2025028,2583728,2583728,2583728,2583728
409,https://www.ulta.com/p/porefessional-pore-minimizing-primer-xlsImpprod2290003?sku=2219868,https://www.ulta.com/p/porefessional-pore-minimizing-primer-xlsImpprod2290003,2219868,2219868,2219868,2219868
410,https://www.ulta.com/p/power-grip-primer-4-niacinamide-pimprod2036637?sku=2604932,https://www.ulta.com/p/power-grip-primer-4-niacinamide-pimprod2036637,2604932,2604932,2604932,2604932
411,https://www.ulta.com/p/prep-prime-fix-primer-setting-spray-xlsImpprod15921204?sku=2510684,https://www.ulta.com/p/prep-prime-fix-primer-setting-spray-xlsImpprod15921204,2510684,2510684,2510684,2510684
412,https://www.ulta.com/p/futurist-aqua-brilliance-watery-glow-primer-pimprod2017021?sku=2568222,https://www.ulta.com/p/futurist-aqua-brilliance-watery-glow-primer-pimprod2017021,2568222,2568222,2568222,2568222
413,https://www.ulta.com/p/mineral-mattescreen-spf-40-pimprod2029941?sku=2589388,https://www.ulta.com/p/mineral-mattescreen-spf-40-pimprod2029941,2589388,2589388,2589388,2589388
414,https://www.ulta.com/p/photo-finish-control-mattifying-primer-pimprod2030521?sku=2588008,https://www.ulta.com/p/photo-finish-control-mattifying-primer-pimprod2030521,2588008,2588008,2588008,2588008
415,https://www.ulta.com/p/la-base-pro-oil-free-longwear-makeup-primer-xlsImpprod3650168?sku=2235646,https://www.ulta.com/p/la-base-pro-oil-free-longwear-makeup-primer-xlsImpprod3650168,2235646,2235646,2235646,2235646
416,https://www.ulta.com/p/travel-size-original-photo-finish-smooth-blur-oil-free-primer-pimprod2033047?sku=2588001,https://www.ulta.com/p/travel-size-original-photo-finish-smooth-blur-oil-free-primer-pimprod2033047,2588001,2588001,2588001,2588001
417,https://www.ulta.com/p/all-nighter-face-makeup-primer-pimprod2012121?sku=2556532,https://www.ulta.com/p/all-nighter-face-makeup-primer-pimprod2012121,2556532,2556532,2556532,2556532
418,https://www.ulta.com/p/porefessional-pore-minimizing-primer-mini-xlsImpprod10141042?sku=2274978,https://www.ulta.com/p/porefessional-pore-minimizing-primer-mini-xlsImpprod10141042,2274978,2274978,2274978,2274978
419,https://www.ulta.com/p/liquid-poreless-putty-primer-pimprod2042957?sku=2617744,https://www.ulta.com/p/liquid-poreless-putty-primer-pimprod2042957,2617744,2617744,2617744,2617744
42,https://www.ulta.com/p/amazonian-clay-16-hour-full-coverage-foundation-pimprod2025023?sku=2581434,https://www.ulta.com/p/amazonian-clay-16-hour-full-coverage-foundation-pimprod2025023,2581434,2581434,2581434,2581434
420,https://www.ulta.com/p/veil-mineral-primer-pimprod2020483?sku=2572601,https://www.ulta.com/p/veil-mineral-primer-pimprod2020483,2572601,2572601,2572601,2572601
421,https://www.ulta.com/p/double-wear-smooth-blur-primer-pimprod2043301?sku=2618892,https://www.ulta.com/p/double-wear-smooth-blur-primer-pimprod2043301,2618892,2618892,2618892,2618892
422,https://www.ulta.com/p/supersize-blurring-moisturizing-filter-primer-pimprod2024917?sku=2580960,https://www.ulta.com/p/supersize-blurring-moisturizing-filter-primer-pimprod2024917,,2580960,2580960,2580960
423,https://www.ulta.com/p/instant-smooth-perfecting-touch-makeup-primer-xlsImpprod11591261?sku=2200427,https://www.ulta.com/p/instant-smooth-perfecting-touch-makeup-primer-xlsImpprod11591261,2200427,2200427,2200427,2200427
424,https://www.ulta.com/p/blur-screen-spf-30-blurring-makeup-primer-pimprod2044365?sku=2623370,https://www.ulta.com/p/blur-screen-spf-30-blurring-makeup-primer-pimprod2044365,2623370,2623370,2623370,2623370
425,https://www.ulta.com/p/milk-tint-spf-43-tinted-primer-serum-pimprod2044125?sku=2624068,https://www.ulta.com/p/milk-tint-spf-43-tinted-primer-serum-pimprod2044125,2624068,2624068,2624068,2624068
426,https://www.ulta.com/p/instant-firmx-no-filter-primer-pimprod2036805?sku=2603439,https://www.ulta.com/p/instant-firmx-no-filter-primer-pimprod2036805,2603439,2603439,2603439,2603439
427,https://www.ulta.com/p/hueguard-3-in-1-mineral-sunscreen-moisturizer-primer-spf-30-pimprod2028585?sku=2588656,https://www.ulta.com/p/hueguard-3-in-1-mineral-sunscreen-moisturizer-primer-spf-30-pimprod2028585,2588656,2588656,2588656,2588656
428,https://www.ulta.com/p/invisible-uv-flawless-primer-spf-50-pimprod2043318?sku=2619504,https://www.ulta.com/p/invisible-uv-flawless-primer-spf-50-pimprod2043318,2619504,2619504,2619504,2619504
429,https://www.ulta.com/p/skinperfect-primer-spf-30-xlsImpprod4460037?sku=2247896,https://www.ulta.com/p/skinperfect-primer-spf-30-xlsImpprod4460037,2247896,2247896,2247896,2247896
43,https://www.ulta.com/p/airbrush-flawless-longwear-foundation-pimprod2044233?sku=2624530,https://www.ulta.com/p/airbrush-flawless-longwear-foundation-pimprod2044233,,2624530,2624530,2624530
430,https://www.ulta.com/p/marshmellow-smoothing-face-primer-pimprod2021267?sku=2572969,https://www.ulta.com/p/marshmellow-smoothing-face-primer-pimprod2021267,2572969,2572969,2572969,2572969
432,https://www.ulta.com/p/uv-expert-defense-spf-50-primer-moisturizer-pimprod2004242?sku=2541521,https://www.ulta.com/p/uv-expert-defense-spf-50-primer-moisturizer-pimprod2004242,2541521,2541521,2541521,2541521
433,https://www.ulta.com/p/plump-right-back-electrolytes-plumping-primer-serum-pimprod2029851?sku=2590545,https://www.ulta.com/p/plump-right-back-electrolytes-plumping-primer-serum-pimprod2029851,2590545,2590545,2590545,2590545
434,https://www.ulta.com/p/pro-filtr-hydrating-primer-pimprod2031459?sku=2592265,https://www.ulta.com/p/pro-filtr-hydrating-primer-pimprod2031459,2592265,2592265,2592265,2592265
435,https://www.ulta.com/p/your-skin-but-better-makeup-primer-oil-free-pimprod2022001?sku=2576557,https://www.ulta.com/p/your-skin-but-better-makeup-primer-oil-free-pimprod2022001,2576557,2576557,2576557,2576557
436,https://www.ulta.com/p/pores-no-more-pore-refiner-primer-xlsImpprod4200231?sku=2244354,https://www.ulta.com/p/pores-no-more-pore-refiner-primer-xlsImpprod4200231,,2244354,2244354,2244354
438,https://www.ulta.com/p/prime-time-original-pore-minimizing-primer-pimprod2036786?sku=2605423,https://www.ulta.com/p/prime-time-original-pore-minimizing-primer-pimprod2036786,2605423,2605423,2605423,2605423
439,https://www.ulta.com/p/studio-fix-mattifine-12hr-shine-control-primer-pimprod2027373?sku=2587732,https://www.ulta.com/p/studio-fix-mattifine-12hr-shine-control-primer-pimprod2027373,2587732,2587732,2587732,2587732
440,https://www.ulta.com/p/hangover-replenishing-face-primer-xlsImpprod10751024?sku=2276375,https://www.ulta.com/p/hangover-replenishing-face-primer-xlsImpprod10751024,2276375,2276375,2276375,2276375
441,https://www.ulta.com/p/vanish-airbrush-primer-pimprod2030240?sku=2592604,https://www.ulta.com/p/vanish-airbrush-primer-pimprod2030240,2592604,2592604,2592604,2592604
442,https://www.ulta.com/p/hangover-3-in-1-replenishing-primer-setting-spray-xlsImpprod16171207?sku=2513749,https://www.ulta.com/p/hangover-3-in-1-replenishing-primer-setting-spray-xlsImpprod16171207,2513749,2513749,2513749,2513749
443,https://www.ulta.com/p/studio-radiance-moisturizing-illuminating-primer-pimprod2032070?sku=2593996,https://www.ulta.com/p/studio-radiance-moisturizing-illuminating-primer-pimprod2032070,2593996,2593996,2593996,2593996
444,https://www.ulta.com/p/pro-filtr-mattifying-primer-pimprod2031470?sku=2592269,https://www.ulta.com/p/pro-filtr-mattifying-primer-pimprod2031470,2592269,2592269,2592269,2592269
445,https://www.ulta.com/p/line-blurfector-instant-wrinkle-blurring-primer-xlsImpprod17491023?sku=2521285,https://www.ulta.com/p/line-blurfector-instant-wrinkle-blurring-primer-xlsImpprod17491023,2521285,2521285,2521285,2521285
446,https://www.ulta.com/p/double-duty-beauty-base-tape-hydrating-primer-pimprod2002687?sku=2538321,https://www.ulta.com/p/double-duty-beauty-base-tape-hydrating-primer-pimprod2002687,,2538321,2538321,2538321
447,https://www.ulta.com/p/pore-filler-blurring-face-primer-pimprod2022021?sku=2572967,https://www.ulta.com/p/pore-filler-blurring-face-primer-pimprod2022021,2572967,2572967,2572967,2572967
448,https://www.ulta.com/p/pro-filtr-instant-retouch-primer-pimprod2031461?sku=2592267,https://www.ulta.com/p/pro-filtr-instant-retouch-primer-pimprod2031461,2592267,2592267,2592267,2592267
449,https://www.ulta.com/p/travel-size-timeless-smoothing-face-makeup-primer-pimprod2009673?sku=2554634,https://www.ulta.com/p/travel-size-timeless-smoothing-face-makeup-primer-pimprod2009673,2554634,2554634,2554634,2554634
45,https://www.ulta.com/p/tinted-moisturizer-natural-skin-perfector-broad-spectrum-spf-30-pimprod2012417?sku=2560092,https://www.ulta.com/p/tinted-moisturizer-natural-skin-perfector-broad-spectrum-spf-30-pimprod2012417,,2560092,2560092,2560092
450,https://www.ulta.com/p/even-better-pore-defying-primer-pimprod2038790?sku=2608125,https://www.ulta.com/p/even-better-pore-defying-primer-pimprod2038790,2608125,2608125,2608125,2608125
451,https://www.ulta.com/p/timeless-smoothing-face-makeup-primer-xlsImpprod10821084?sku=2276063,https://www.ulta.com/p/timeless-smoothing-face-makeup-primer-xlsImpprod10821084,2276063,2276063,2276063,2276063
452,https://www.ulta.com/p/travel-size-photo-finish-control-mattifying-primer-with-salicylic-acid-pimprod2032762?sku=2588009,https://www.ulta.com/p/travel-size-photo-finish-control-mattifying-primer-with-salicylic-acid-pimprod2032762,2588009,2588009,2588009,2588009
453,https://www.ulta.com/p/plump-prime-face-plumping-primer-serum-pimprod2016855?sku=2568794,https://www.ulta.com/p/plump-prime-face-plumping-primer-serum-pimprod2016855,2568794,2568794,2568794,2568794
454,https://www.ulta.com/p/photo-finish-primerizer-hydrating-primer-with-hyaluronic-acid-pimprod2030498?sku=2588004,https://www.ulta.com/p/photo-finish-primerizer-hydrating-primer-with-hyaluronic-acid-pimprod2030498,2588004,2588004,2588004,2588004
455,https://www.ulta.com/p/light-reflecting-hydrating-primer-pimprod2045435?sku=2624149,https://www.ulta.com/p/light-reflecting-hydrating-primer-pimprod2045435,,2624149,2624149,2624149
456,https://www.ulta.com/p/milk-primer-spf-35-3-in-1-daily-defense-sunscreen-makeup-perfecter-pimprod2024957?sku=2577634,https://www.ulta.com/p/milk-primer-spf-35-3-in-1-daily-defense-sunscreen-makeup-perfecter-pimprod2024957,,2577634,2577634,2577634
457,https://www.ulta.com/p/photo-finish-correct-anti-redness-primer-pimprod2030499?sku=2588006,https://www.ulta.com/p/photo-finish-correct-anti-redness-primer-pimprod2030499,2588006,2588006,2588006,2588006
458,https://www.ulta.com/p/facestudio-master-prime-blur-pore-minimize-primer-xlsImpprod18351169?sku=2529475,https://www.ulta.com/p/facestudio-master-prime-blur-pore-minimize-primer-xlsImpprod18351169,2529475,2529475,2529475,2529475
459,https://www.ulta.com/p/phyto-pigments-illuminating-primer-xlsImpprod13541035?sku=2295555,https://www.ulta.com/p/phyto-pigments-illuminating-primer-xlsImpprod13541035,2295555,2295555,2295555,2295555
46,https://www.ulta.com/p/superbalanced-makeup-foundation-xlsImpprod10791911?sku=2153598,https://www.ulta.com/p/superbalanced-makeup-foundation-xlsImpprod10791911,2153598,2153598,2153598,2153598
460,https://www.ulta.com/p/prep-prime-fix-primer-setting-spray-matte-finish-xlsImpprod18451211?sku=2527130,https://www.ulta.com/p/prep-prime-fix-primer-setting-spray-matte-finish-xlsImpprod18451211,2527130,2527130,2527130,2527130
461,https://www.ulta.com/p/prime-time-hydrate-glow-primer-pimprod2036902?sku=2605424,https://www.ulta.com/p/prime-time-hydrate-glow-primer-pimprod2036902,2605424,2605424,2605424,2605424
462,https://www.ulta.com/p/hello-fab-coconut-skin-smoothie-priming-moisturizer-pimprod2030928?sku=2589262,https://www.ulta.com/p/hello-fab-coconut-skin-smoothie-priming-moisturizer-pimprod2030928,2589262,2589262,2589262,2589262
463,https://www.ulta.com/p/forever-glow-veil-makeup-primer-pimprod2039054?sku=2611696,https://www.ulta.com/p/forever-glow-veil-makeup-primer-pimprod2039054,,2611696,2611696,2611696
464,https://www.ulta.com/p/poresaver-matte-makeup-primer-pimprod2007450?sku=2551259,https://www.ulta.com/p/poresaver-matte-makeup-primer-pimprod2007450,2551259,2551259,2551259,2551259
465,https://www.ulta.com/p/hy-gen-energizing-hydrating-primer-serum-pimprod2037973?sku=2606196,https://www.ulta.com/p/hy-gen-energizing-hydrating-primer-serum-pimprod2037973,2606196,2606196,2606196,2606196
466,https://www.ulta.com/p/bare-with-me-aloe-cucumber-extract-primer-setting-spray-pimprod2005920?sku=2542640,https://www.ulta.com/p/bare-with-me-aloe-cucumber-extract-primer-setting-spray-pimprod2005920,2542640,2542640,2542640,2542640
467,https://www.ulta.com/p/prep-prime-skin-xlsImpprod15921214?sku=2510725,https://www.ulta.com/p/prep-prime-skin-xlsImpprod15921214,2510725,2510725,2510725,2510725
468,https://www.ulta.com/p/pure-canvas-primer-blurring-pimprod2044915?sku=2622821,https://www.ulta.com/p/pure-canvas-primer-blurring-pimprod2044915,2622821,2622821,2622821,2622821
469,https://www.ulta.com/p/poreless-mattifying-vegan-face-makeup-primer-xlsImpprod15771025?sku=2507360,https://www.ulta.com/p/poreless-mattifying-vegan-face-makeup-primer-xlsImpprod15771025,2507360,2507360,2507360,2507360
47,https://www.ulta.com/p/almost-powder-makeup-broad-spectrum-spf-18-foundation-xlsImpprod10791895?sku=2160686,https://www.ulta.com/p/almost-powder-makeup-broad-spectrum-spf-18-foundation-xlsImpprod10791895,2160686,2160686,2160686,2160686
470,https://www.ulta.com/p/photo-finish-oil-free-pore-minimizing-primer-xlsImpprod10991261?sku=2276581,https://www.ulta.com/p/photo-finish-oil-free-pore-minimizing-primer-xlsImpprod10991261,2276581,2276581,2276581,2276581
471,https://www.ulta.com/p/face-tape-smoothing-primer-pimprod2033149?sku=2596680,https://www.ulta.com/p/face-tape-smoothing-primer-pimprod2033149,2596680,2596680,2596680,2596680
472,https://www.ulta.com/p/underglow-blurring-subtle-glow-primer-pimprod2035405?sku=2602140,https://www.ulta.com/p/underglow-blurring-subtle-glow-primer-pimprod2035405,,2602140,2602140,2602140
473,https://www.ulta.com/p/all-nighter-extra-glow-makeup-primer-pimprod2017479?sku=2567750,https://www.ulta.com/p/all-nighter-extra-glow-makeup-primer-pimprod2017479,2567750,2567750,2567750,2567750
474,https://www.ulta.com/p/wonderglow-face-primer-pimprod2043332?sku=2619577,https://www.ulta.com/p/wonderglow-face-primer-pimprod2043332,,2619577,2619577,2619577
475,https://www.ulta.com/p/travel-size-photo-finish-primerizer-hydrating-primer-with-hyaluronic-acid-pimprod2032761?sku=2588005,https://www.ulta.com/p/travel-size-photo-finish-primerizer-hydrating-primer-with-hyaluronic-acid-pimprod2032761,2588005,2588005,2588005,2588005
476,https://www.ulta.com/p/even-better-light-reflecting-primer-pimprod2038787?sku=2607978,https://www.ulta.com/p/even-better-light-reflecting-primer-pimprod2038787,2607978,2607978,2607978,2607978
477,https://www.ulta.com/p/poreless-face-primer-large-xlsImpprod17451035?sku=2520944,https://www.ulta.com/p/poreless-face-primer-large-xlsImpprod17451035,2520944,2520944,2520944,2520944
478,https://www.ulta.com/p/hello-good-stuff-glow-serum-primer-pimprod2033239?sku=2597549,https://www.ulta.com/p/hello-good-stuff-glow-serum-primer-pimprod2033239,2597549,2597549,2597549,2597549
479,https://www.ulta.com/p/travel-size-one-step-correct-brightening-correcting-primer-xlsImpprod16451215?sku=2513292,https://www.ulta.com/p/travel-size-one-step-correct-brightening-correcting-primer-xlsImpprod16451215,2513292,2513292,2513292,2513292
48,https://www.ulta.com/p/double-wear-stay-in-place-matte-powder-foundation-makeup-pimprod2031254?sku=2592082,https://www.ulta.com/p/double-wear-stay-in-place-matte-powder-foundation-makeup-pimprod2031254,2592082,2592082,2592082,2592082
480,https://www.ulta.com/p/prime-time-redness-reducing-primer-pimprod2036903?sku=2605426,https://www.ulta.com/p/prime-time-redness-reducing-primer-pimprod2036903,2605426,2605426,2605426,2605426
481,https://www.ulta.com/p/porefessional-hydrating-primer-mini-pimprod2029927?sku=2556822,https://www.ulta.com/p/porefessional-hydrating-primer-mini-pimprod2029927,2556822,2556822,2556822,2556822
482,https://www.ulta.com/p/redness-solutions-daily-protective-base-broad-spectrum-spf-15-primer-xlsImpprod10791831?sku=2157844,https://www.ulta.com/p/redness-solutions-daily-protective-base-broad-spectrum-spf-15-primer-xlsImpprod10791831,2157844,2157844,2157844,2157844
483,https://www.ulta.com/p/instant-smooth-perfecting-touch-makeup-primer-xlsImpprod11591261?sku=2200427,https://www.ulta.com/p/instant-smooth-perfecting-touch-makeup-primer-xlsImpprod11591261,2200427,2200427,2200427,2200427
484,https://www.ulta.com/p/prep-prime-natural-radiance-primer-xlsImpprod15921212?sku=2510688,https://www.ulta.com/p/prep-prime-natural-radiance-primer-xlsImpprod15921212,2510688,2510688,2510688,2510688
485,https://www.ulta.com/p/photo-finish-illuminate-glow-primer-pimprod2030497?sku=2588002,https://www.ulta.com/p/photo-finish-illuminate-glow-primer-pimprod2030497,2588002,2588002,2588002,2588002
486,https://www.ulta.com/p/travel-size-hangover-replenishing-face-primer-pimprod2031193?sku=2307398,https://www.ulta.com/p/travel-size-hangover-replenishing-face-primer-pimprod2031193,,2307398,2307398,2307398
487,https://www.ulta.com/p/even-better-all-over-primer-color-corrector-pimprod2033399?sku=2598022,https://www.ulta.com/p/even-better-all-over-primer-color-corrector-pimprod2033399,2598022,2598022,2598022,2598022
488,https://www.ulta.com/p/baby-skin-instant-pore-eraser-primer-xlsImpprod6370971?sku=2268948,https://www.ulta.com/p/baby-skin-instant-pore-eraser-primer-xlsImpprod6370971,2268948,2268948,2268948,2268948
489,https://www.ulta.com/p/pure-canvas-primer-illuminating-pimprod2044913?sku=2622819,https://www.ulta.com/p/pure-canvas-primer-illuminating-pimprod2044913,2622819,2622819,2622819,2622819
49,https://www.ulta.com/p/radiant-skin-brightening-serum-skin-tint-spf-30-pimprod2032850?sku=2598954,https://www.ulta.com/p/radiant-skin-brightening-serum-skin-tint-spf-30-pimprod2032850,,2598954,2598954,2598954
490,https://www.ulta.com/p/superfood-glow-priming-moisturiser-pimprod2022684?sku=2577527,https://www.ulta.com/p/superfood-glow-priming-moisturiser-pimprod2022684,2577527,2577527,2577527,2577527
491,https://www.ulta.com/p/velvet-skin-coat-makeup-primer-pimprod2004339?sku=2544346,https://www.ulta.com/p/velvet-skin-coat-makeup-primer-pimprod2004339,,2544346,2544346,2544346
492,https://www.ulta.com/p/smooth-affair-facial-primer-brightener-pimprod2004113?sku=2545118,https://www.ulta.com/p/smooth-affair-facial-primer-brightener-pimprod2004113,,2545118,2545118,2545118
493,https://www.ulta.com/p/4-in-1-correcting-primer-energize-rescue-xlsImpprod18031023?sku=2525975,https://www.ulta.com/p/4-in-1-correcting-primer-energize-rescue-xlsImpprod18031023,2525975,2525975,2525975,2525975
495,https://www.ulta.com/p/travel-size-photo-finish-oil-free-pore-minimizing-primer-pimprod2038142?sku=2531518,https://www.ulta.com/p/travel-size-photo-finish-oil-free-pore-minimizing-primer-pimprod2038142,2531518,2531518,2531518,2531518
496,https://www.ulta.com/p/travel-size-matte-face-primer-xlsImpprod18691171?sku=2528101,https://www.ulta.com/p/travel-size-matte-face-primer-xlsImpprod18691171,,2528101,2528101,2528101
497,https://www.ulta.com/p/blot-blur-matte-stick-pimprod2033793?sku=2598342,https://www.ulta.com/p/blot-blur-matte-stick-pimprod2033793,2598342,2598342,2598342,2598342
498,https://www.ulta.com/p/city-block-sheer-oil-free-daily-face-protector-broad-spectrum-spf-25-primer-xlsImpprod10791859?sku=2153905,https://www.ulta.com/p/city-block-sheer-oil-free-daily-face-protector-broad-spectrum-spf-25-primer-xlsImpprod10791859,2153905,2153905,2153905,2153905
499,https://www.ulta.com/p/studio-perfect-color-correcting-primer-in-green-xlsImpprod3280313?sku=2226206,https://www.ulta.com/p/studio-perfect-color-correcting-primer-in-green-xlsImpprod3280313,2226206,2226206,2226206,2226206
5,https://www.ulta.com/p/even-better-clinical-serum-foundation-broad-spectrum-spf-25-pimprod2021174?sku=2574625,https://www.ulta.com/p/even-better-clinical-serum-foundation-broad-spectrum-spf-25-pimprod2021174,2574625,2574625,2574625,2574625
50,https://www.ulta.com/p/ultra-le-teint-ultrawear-all-day-comfort-flawless-finish-foundation-pimprod2030114?sku=2585239,https://www.ulta.com/p/ultra-le-teint-ultrawear-all-day-comfort-flawless-finish-foundation-pimprod2030114,2585239,2585239,2585239,2585239
500,https://www.ulta.com/p/anti-wrinkle-miracle-worker-line-correcting-primer-pimprod2002777?sku=2535877,https://www.ulta.com/p/anti-wrinkle-miracle-worker-line-correcting-primer-pimprod2002777,2535877,2535877,2535877,2535877
501,https://www.ulta.com/p/brighten-up-smoothing-primer-gel-pimprod2014645?sku=2561085,https://www.ulta.com/p/brighten-up-smoothing-primer-gel-pimprod2014645,2561085,2561085,2561085,2561085
502,https://www.ulta.com/p/studio-perfect-face-primer-in-clear-xlsImpprod3280311?sku=2226205,https://www.ulta.com/p/studio-perfect-face-primer-in-clear-xlsImpprod3280311,2226205,2226205,2226205,2226205
503,https://www.ulta.com/p/travel-size-photo-finish-correct-anti-redness-primer-pimprod2032763?sku=2588007,https://www.ulta.com/p/travel-size-photo-finish-correct-anti-redness-primer-pimprod2032763,2588007,2588007,2588007,2588007
504,https://www.ulta.com/p/prime-time-daily-protecting-primer-mineral-spf-30-pimprod2036904?sku=2605427,https://www.ulta.com/p/prime-time-daily-protecting-primer-mineral-spf-30-pimprod2036904,2605427,2605427,2605427,2605427
505,https://www.ulta.com/p/forever-velvet-veil-matte-primer-pimprod2039055?sku=2611697,https://www.ulta.com/p/forever-velvet-veil-matte-primer-pimprod2039055,,2611697,2611697,2611697
506,https://www.ulta.com/p/skin-fetish-sublime-perfection-primer-pimprod2040529?sku=2613929,https://www.ulta.com/p/skin-fetish-sublime-perfection-primer-pimprod2040529,2613929,2613929,2613929,2613929
507,https://www.ulta.com/p/angel-veil-lightweight-skin-perfecting-vegan-primer-xlsImpprod10521187?sku=2276419,https://www.ulta.com/p/angel-veil-lightweight-skin-perfecting-vegan-primer-xlsImpprod10521187,2276419,2276419,2276419,2276419
508,https://www.ulta.com/p/pregame-daily-protective-primer-pimprod2036206?sku=2602250,https://www.ulta.com/p/pregame-daily-protective-primer-pimprod2036206,2602250,2602250,2602250,2602250
509,https://www.ulta.com/p/porefessional-lite-ultra-lightweight-face-primer-pimprod2029932?sku=2588477,https://www.ulta.com/p/porefessional-lite-ultra-lightweight-face-primer-pimprod2029932,2588477,2588477,2588477,2588477
51,https://www.ulta.com/p/teint-idole-ultra-wear-foundation-stick-pimprod2023126?sku=2577708,https://www.ulta.com/p/teint-idole-ultra-wear-foundation-stick-pimprod2023126,2577708,2577708,2577708,2577708
510,https://www.ulta.com/p/shine-killer-charcoal-infused-mattifying-primer-pimprod2022022?sku=2572977,https://www.ulta.com/p/shine-killer-charcoal-infused-mattifying-primer-pimprod2022022,2572977,2572977,2572977,2572977
511,https://www.ulta.com/p/travel-size-base-tape-hydrating-primer-pimprod2007206?sku=2552462,https://www.ulta.com/p/travel-size-base-tape-hydrating-primer-pimprod2007206,2552462,2552462,2552462,2552462
512,https://www.ulta.com/p/futurist-peptide-power-serum-primer-pimprod2042078?sku=2611275,https://www.ulta.com/p/futurist-peptide-power-serum-primer-pimprod2042078,2611275,2611275,2611275,2611275
513,https://www.ulta.com/p/supercharged-dewy-skin-primer-pimprod2021488?sku=2574046,https://www.ulta.com/p/supercharged-dewy-skin-primer-pimprod2021488,2574046,2574046,2574046,2574046
514,https://www.ulta.com/p/hydrating-face-primer-large-xlsImpprod17451019?sku=2520958,https://www.ulta.com/p/hydrating-face-primer-large-xlsImpprod17451019,2520958,2520958,2520958,2520958
515,https://www.ulta.com/p/la-base-illuminatrice-glowing-makeup-primer-pimprod2041623?sku=2614632,https://www.ulta.com/p/la-base-illuminatrice-glowing-makeup-primer-pimprod2041623,2614632,2614632,2614632,2614632
516,https://www.ulta.com/p/honeydew-me-up-plumping-dewy-face-primer-pimprod2022019?sku=2572964,https://www.ulta.com/p/honeydew-me-up-plumping-dewy-face-primer-pimprod2022019,2572964,2572964,2572964,2572964
517,https://www.ulta.com/p/insta-grip-jelly-primer-3-in-1-multi-tasking-primer-xlsImpprod18541006?sku=2529223,https://www.ulta.com/p/insta-grip-jelly-primer-3-in-1-multi-tasking-primer-xlsImpprod18541006,2529223,2529223,2529223,2529223
518,https://www.ulta.com/p/retinol-face-stick-with-encapsulated-retinol-pimprod2037907?sku=2607968,https://www.ulta.com/p/retinol-face-stick-with-encapsulated-retinol-pimprod2037907,,2607968,2607968,2607968
519,https://www.ulta.com/p/prime-of-your-life-smoothing-firming-treatment-primer-pimprod2024582?sku=2580284,https://www.ulta.com/p/prime-of-your-life-smoothing-firming-treatment-primer-pimprod2024582,2580284,2580284,2580284,2580284
52,https://www.ulta.com/p/your-skin-but-better-foundation-skincare-pimprod2017112?sku=2568657,https://www.ulta.com/p/your-skin-but-better-foundation-skincare-pimprod2017112,2568657,2568657,2568657,2568657
520,https://www.ulta.com/p/morphe-x-meredith-duxbury-foaming-face-primer-pimprod2040533?sku=2613440,https://www.ulta.com/p/morphe-x-meredith-duxbury-foaming-face-primer-pimprod2040533,,2613440,2613440,2613440
521,https://www.ulta.com/p/jumbo-vanish-airbrush-primer-pimprod2039057?sku=2610656,https://www.ulta.com/p/jumbo-vanish-airbrush-primer-pimprod2039057,,2610656,2610656,2610656
522,https://www.ulta.com/p/facestudio-master-prime-blur-redness-control-primer-xlsImpprod11861005?sku=2282890,https://www.ulta.com/p/facestudio-master-prime-blur-redness-control-primer-xlsImpprod11861005,2282890,2282890,2282890,2282890
523,https://www.ulta.com/p/4-in-1-correcting-primer-redness-reducer-xlsImpprod18931482?sku=2531397,https://www.ulta.com/p/4-in-1-correcting-primer-redness-reducer-xlsImpprod18931482,2531397,2531397,2531397,2531397
525,https://www.ulta.com/p/prime-lab-up-24h-pore-minimizer-pimprod2036471?sku=2603537,https://www.ulta.com/p/prime-lab-up-24h-pore-minimizer-pimprod2036471,2603537,2603537,2603537,2603537
526,https://www.ulta.com/p/vegan-collagen-skin-solve-hydrating-blurring-primer-pimprod2025087?sku=2582149,https://www.ulta.com/p/vegan-collagen-skin-solve-hydrating-blurring-primer-pimprod2025087,2582149,2582149,2582149,2582149
527,https://www.ulta.com/p/no-makeup-instant-blur-xlsImpprod17101023?sku=2541771,https://www.ulta.com/p/no-makeup-instant-blur-xlsImpprod17101023,,2541771,2541771,2541771
528,https://www.ulta.com/p/matte-cream-mattifying-blurring-primer-pimprod2044585?sku=2624329,https://www.ulta.com/p/matte-cream-mattifying-blurring-primer-pimprod2044585,,2624329,2624329,2624329
529,https://www.ulta.com/p/banana-bright-illuminating-face-primer-with-vitamin-c-pimprod2042294?sku=2617225,https://www.ulta.com/p/banana-bright-illuminating-face-primer-with-vitamin-c-pimprod2042294,2617225,2617225,2617225,2617225
53,https://www.ulta.com/p/hy-glam-powder-foundation-pimprod2044289?sku=2624364,https://www.ulta.com/p/hy-glam-powder-foundation-pimprod2044289,2624364,2624364,2624364,2624364
530,https://www.ulta.com/p/spf-bff-spf30-face-primer-pimprod2021177?sku=2573978,https://www.ulta.com/p/spf-bff-spf30-face-primer-pimprod2021177,2573978,2573978,2573978,2573978
531,https://www.ulta.com/p/4-in-1-correcting-primer-dark-spot-corrector-xlsImpprod18931476?sku=2531216,https://www.ulta.com/p/4-in-1-correcting-primer-dark-spot-corrector-xlsImpprod18931476,2531216,2531216,2531216,2531216
532,https://www.ulta.com/p/tone-adjusting-face-primer-xlsImpprod17451045?sku=2520963,https://www.ulta.com/p/tone-adjusting-face-primer-xlsImpprod17451045,2520963,2520963,2520963,2520963
533,https://www.ulta.com/p/pro-collagen-insta-smooth-primer-pimprod2022674?sku=2577521,https://www.ulta.com/p/pro-collagen-insta-smooth-primer-pimprod2022674,2577521,2577521,2577521,2577521
534,https://www.ulta.com/p/porefessional-lite-ultra-lightweight-face-primer-mini-pimprod2029931?sku=2588476,https://www.ulta.com/p/porefessional-lite-ultra-lightweight-face-primer-mini-pimprod2029931,2588476,2588476,2588476,2588476
535,https://www.ulta.com/p/equalizer-soft-focus-foundation-primer-pimprod2024716?sku=2581142,https://www.ulta.com/p/equalizer-soft-focus-foundation-primer-pimprod2024716,2581142,2581142,2581142,2581142
536,https://www.ulta.com/p/hydro-boost-glow-primer-serum-pimprod2017020?sku=2570097,https://www.ulta.com/p/hydro-boost-glow-primer-serum-pimprod2017020,2570097,2570097,2570097,2570097
537,https://www.ulta.com/p/smooth-affair-mattifying-face-primer-pimprod2033620?sku=2600210,https://www.ulta.com/p/smooth-affair-mattifying-face-primer-pimprod2033620,,2600210,2600210,2600210
538,https://www.ulta.com/p/bare-with-me-aloe-cucumber-extract-hydrating-jelly-primer-pimprod2005921?sku=2542633,https://www.ulta.com/p/bare-with-me-aloe-cucumber-extract-hydrating-jelly-primer-pimprod2005921,2542633,2542633,2542633,2542633
539,https://www.ulta.com/p/photo-finish-resurface-primer-with-glycolic-acid-pimprod2044509?sku=2621549,https://www.ulta.com/p/photo-finish-resurface-primer-with-glycolic-acid-pimprod2044509,,2621549,2621549,2621549
54,https://www.ulta.com/p/studio-radiance-serum-powered-foundation-pimprod2040797?sku=2613961,https://www.ulta.com/p/studio-radiance-serum-powered-foundation-pimprod2040797,,2613961,2613961,2613961
540,https://www.ulta.com/p/jelly-grip-hydrating-primer-pimprod2045823?sku=2625436,https://www.ulta.com/p/jelly-grip-hydrating-primer-pimprod2045823,,2625436,2625436,2625436
541,https://www.ulta.com/p/pink-primer-care-pimprod2019024?sku=2572838,https://www.ulta.com/p/pink-primer-care-pimprod2019024,,2572838,2572838,2572838
543,https://www.ulta.com/p/prepbrighten-rose-face-oil-xlsImpprod18921007?sku=2536451,https://www.ulta.com/p/prepbrighten-rose-face-oil-xlsImpprod18921007,,2536451,2536451,2536451
544,https://www.ulta.com/p/max-clear-invisible-priming-sunscreen-broad-spectrum-spf-45-pimprod2029956?sku=2579753,https://www.ulta.com/p/max-clear-invisible-priming-sunscreen-broad-spectrum-spf-45-pimprod2029956,,2579753,2579753,2579753
545,https://www.ulta.com/p/lock-it-pore-refining-primer-pimprod2037870?sku=2604558,https://www.ulta.com/p/lock-it-pore-refining-primer-pimprod2037870,2604558,2604558,2604558,2604558
546,https://www.ulta.com/p/travel-size-photo-finish-illuminate-glow-primer-pimprod2032764?sku=2588003,https://www.ulta.com/p/travel-size-photo-finish-illuminate-glow-primer-pimprod2032764,2588003,2588003,2588003,2588003
547,https://www.ulta.com/p/sweet-dreams-eye-face-makeup-prep-set-pimprod2039721?sku=2604540,https://www.ulta.com/p/sweet-dreams-eye-face-makeup-prep-set-pimprod2039721,2604540,2604540,2604540,2604540
548,https://www.ulta.com/p/no-pore-zone-mattifying-face-primer-pimprod2021176?sku=2573977,https://www.ulta.com/p/no-pore-zone-mattifying-face-primer-pimprod2021176,2573977,2573977,2573977,2573977
549,https://www.ulta.com/p/acne-fighting-putty-primer-pimprod2025578?sku=2582577,https://www.ulta.com/p/acne-fighting-putty-primer-pimprod2025578,2582577,2582577,2582577,2582577
55,https://www.ulta.com/p/veil-hydrating-skin-tint-pimprod2040571?sku=2611435,https://www.ulta.com/p/veil-hydrating-skin-tint-pimprod2040571,2611435,2611435,2611435,2611435
550,https://www.ulta.com/p/lunar-magic-blurring-primer-pimprod2034167?sku=2598605,https://www.ulta.com/p/lunar-magic-blurring-primer-pimprod2034167,,2598605,2598605,2598605
551,https://www.ulta.com/p/mini-pure-canvas-primer-blurring-pimprod2044916?sku=2624822,https://www.ulta.com/p/mini-pure-canvas-primer-blurring-pimprod2044916,,2624822,2624822,2624822
553,https://www.ulta.com/p/matte-putty-primer-pimprod2013157?sku=2558545,https://www.ulta.com/p/matte-putty-primer-pimprod2013157,2558545,2558545,2558545,2558545
554,https://www.ulta.com/p/skin-quench-hydrating-face-primer-pimprod2021178?sku=2573979,https://www.ulta.com/p/skin-quench-hydrating-face-primer-pimprod2021178,2573979,2573979,2573979,2573979
555,https://www.ulta.com/p/bright-maker-brightening-primer-pimprod2021266?sku=2583782,https://www.ulta.com/p/bright-maker-brightening-primer-pimprod2021266,,2583782,2583782,2583782
556,https://www.ulta.com/p/prime-lab-up-24h-matte-setter-pimprod2036495?sku=2603562,https://www.ulta.com/p/prime-lab-up-24h-matte-setter-pimprod2036495,2603562,2603562,2603562,2603562
557,https://www.ulta.com/p/velvet-smooth-pore-refining-primer-pimprod2043954?sku=2623403,https://www.ulta.com/p/velvet-smooth-pore-refining-primer-pimprod2043954,,2623403,2623403,2623403
558,https://www.ulta.com/p/mind-over-matte-r-oil-blotting-stick-pimprod2040236?sku=2613114,https://www.ulta.com/p/mind-over-matte-r-oil-blotting-stick-pimprod2040236,,2613114,2613114,2613114
559,https://www.ulta.com/p/mini-prime-time-original-pore-minimizing-primer-pimprod2039236?sku=2609685,https://www.ulta.com/p/mini-prime-time-original-pore-minimizing-primer-pimprod2039236,2609685,2609685,2609685,2609685
56,https://www.ulta.com/p/dior-forever-foundation-fluid-matte-pimprod2036825?sku=2604875,https://www.ulta.com/p/dior-forever-foundation-fluid-matte-pimprod2036825,,2604875,2604875,2604875
560,https://www.ulta.com/p/moisturizing-primer-spray-xlsImpprod18691111?sku=2569353,https://www.ulta.com/p/moisturizing-primer-spray-xlsImpprod18691111,,2569353,2569353,2569353
561,https://www.ulta.com/p/pore-filler-primer-targeted-blurring-stick-pimprod2026268?sku=2583801,https://www.ulta.com/p/pore-filler-primer-targeted-blurring-stick-pimprod2026268,2583801,2583801,2583801,2583801
563,https://www.ulta.com/p/perfecting-blendrops-spf-40-priming-drops-pimprod2043860?sku=2620681,https://www.ulta.com/p/perfecting-blendrops-spf-40-priming-drops-pimprod2043860,,2620681,2620681,2620681
564,https://www.ulta.com/p/stay-cool-primer-stick-pimprod2046134?sku=2622901,https://www.ulta.com/p/stay-cool-primer-stick-pimprod2046134,,2622901,2622901,2622901
565,https://www.ulta.com/p/pretty-fresh-hydrating-hyaluronic-acid-primer-pimprod2013392?sku=2561410,https://www.ulta.com/p/pretty-fresh-hydrating-hyaluronic-acid-primer-pimprod2013392,2561410,2561410,2561410,2561410
566,https://www.ulta.com/p/n1-de-chanel-skin-enhancer-boosts-radiance-evens-perfects-pimprod2040497?sku=2611609,https://www.ulta.com/p/n1-de-chanel-skin-enhancer-boosts-radiance-evens-perfects-pimprod2040497,2611609,2611609,2611609,2611609
567,https://www.ulta.com/p/on-set-essentials-primer-setting-spray-trio-pimprod2036836?sku=2606440,https://www.ulta.com/p/on-set-essentials-primer-setting-spray-trio-pimprod2036836,2606440,2606440,2606440,2606440
568,https://www.ulta.com/p/simply-ageless-anti-aging-foundation-primer-xlsImpprod2300047?sku=2218412,https://www.ulta.com/p/simply-ageless-anti-aging-foundation-primer-xlsImpprod2300047,2218412,2218412,2218412,2218412
569,https://www.ulta.com/p/smooth-affair-illuminating-glow-face-primer-pimprod2025253?sku=2585582,https://www.ulta.com/p/smooth-affair-illuminating-glow-face-primer-pimprod2025253,,2585582,2585582,2585582
57,https://www.ulta.com/p/stay-matte-oil-free-makeup-foundation-xlsImpprod10791929?sku=2247037,https://www.ulta.com/p/stay-matte-oil-free-makeup-foundation-xlsImpprod10791929,2247037,2247037,2247037,2247037
570,https://www.ulta.com/p/hyaluronic-boost-primer-serum-pimprod2039743?sku=2599421,https://www.ulta.com/p/hyaluronic-boost-primer-serum-pimprod2039743,,2599421,2599421,2599421
571,https://www.ulta.com/p/putty-primer-trio-pimprod2019795?sku=2571848,https://www.ulta.com/p/putty-primer-trio-pimprod2019795,2571848,2571848,2571848,2571848
572,https://www.ulta.com/p/facestudio-master-prime-blur-smooth-primer-xlsImpprod11861001?sku=2282888,https://www.ulta.com/p/facestudio-master-prime-blur-smooth-primer-xlsImpprod11861001,2282888,2282888,2282888,2282888
573,https://www.ulta.com/p/glowy-vitamin-c-skin-solve-face-primer-pimprod2037568?sku=2604781,https://www.ulta.com/p/glowy-vitamin-c-skin-solve-face-primer-pimprod2037568,2604781,2604781,2604781,2604781
574,https://www.ulta.com/p/poreless-face-primer-small-xlsImpprod18821131?sku=2534876,https://www.ulta.com/p/poreless-face-primer-small-xlsImpprod18821131,2534876,2534876,2534876,2534876
575,https://www.ulta.com/p/prime-lab-up-24h-redness-eraser-pimprod2036472?sku=2603538,https://www.ulta.com/p/prime-lab-up-24h-redness-eraser-pimprod2036472,2603538,2603538,2603538,2603538
576,https://www.ulta.com/p/bronzing-blendrops-spf-40-priming-drops-pimprod2043859?sku=2620574,https://www.ulta.com/p/bronzing-blendrops-spf-40-priming-drops-pimprod2043859,,2620574,2620574,2620574
577,https://www.ulta.com/p/all-about-blur-blurring-smoothing-primer-pimprod2036960?sku=2603688,https://www.ulta.com/p/all-about-blur-blurring-smoothing-primer-pimprod2036960,2603688,2603688,2603688,2603688
579,https://www.ulta.com/p/luminous-putty-primer-pimprod2013143?sku=2558546,https://www.ulta.com/p/luminous-putty-primer-pimprod2013143,2558546,2558546,2558546,2558546
58,https://www.ulta.com/p/charlottes-beautiful-skin-foundation-pimprod2043365?sku=2619495,https://www.ulta.com/p/charlottes-beautiful-skin-foundation-pimprod2043365,2619495,2619495,2619495,2619495
580,https://www.ulta.com/p/travel-size-n-28-primer-serum-pimprod2020468?sku=2576209,https://www.ulta.com/p/travel-size-n-28-primer-serum-pimprod2020468,,2576209,2576209,2576209
581,https://www.ulta.com/p/bright-side-illuminating-face-primer-pimprod2021057?sku=2573980,https://www.ulta.com/p/bright-side-illuminating-face-primer-pimprod2021057,2573980,2573980,2573980,2573980
582,https://www.ulta.com/p/supernova-celestial-skin-elixir-xlsImpprod18981027?sku=2533044,https://www.ulta.com/p/supernova-celestial-skin-elixir-xlsImpprod18981027,,2533044,2533044,2533044
583,https://www.ulta.com/p/pore-blur-primer-pimprod2006381?sku=2542378,https://www.ulta.com/p/pore-blur-primer-pimprod2006381,2542378,2542378,2542378,2542378
584,https://www.ulta.com/p/travel-size-photo-finish-resurface-primer-with-glycolic-acid-pimprod2044511?sku=2621550,https://www.ulta.com/p/travel-size-photo-finish-resurface-primer-with-glycolic-acid-pimprod2044511,,2621550,2621550,2621550
585,https://www.ulta.com/p/illuminizing-blendrops-spf-40-priming-drops-pimprod2043861?sku=2620685,https://www.ulta.com/p/illuminizing-blendrops-spf-40-priming-drops-pimprod2043861,,2620685,2620685,2620685
586,https://www.ulta.com/p/hydrating-face-primer-small-xlsImpprod14521173?sku=2500464,https://www.ulta.com/p/hydrating-face-primer-small-xlsImpprod14521173,2500464,2500464,2500464,2500464
587,https://www.ulta.com/p/blemish-control-face-primer-xlsImpprod17451013?sku=2520969,https://www.ulta.com/p/blemish-control-face-primer-xlsImpprod17451013,2520969,2520969,2520969,2520969
588,https://www.ulta.com/p/soft-blur-poreless-face-primer-pimprod2046618?sku=2617481,https://www.ulta.com/p/soft-blur-poreless-face-primer-pimprod2046618,,2617481,2617481,2617481
589,https://www.ulta.com/p/pro-prep-hd-face-primer-xlsImpprod15711033?sku=2504751,https://www.ulta.com/p/pro-prep-hd-face-primer-xlsImpprod15711033,2504751,2504751,2504751,2504751
59,https://www.ulta.com/p/more-than-a-pretty-face-skin-caring-foundation-pimprod2040619?sku=2615146,https://www.ulta.com/p/more-than-a-pretty-face-skin-caring-foundation-pimprod2040619,,2615146,2615146,2615146
590,https://www.ulta.com/p/glow-first-priming-serum-pimprod2038176?sku=2606445,https://www.ulta.com/p/glow-first-priming-serum-pimprod2038176,2606445,2606445,2606445,2606445
591,https://www.ulta.com/p/trublend-skin-enhancer-velvet-blur-primer-pimprod2045350?sku=2625953,https://www.ulta.com/p/trublend-skin-enhancer-velvet-blur-primer-pimprod2045350,2625953,2625953,2625953,2625953
592,https://www.ulta.com/p/pro-skin-glass-skin-primer-pimprod2013111?sku=2558400,https://www.ulta.com/p/pro-skin-glass-skin-primer-pimprod2013111,,2558400,2558400,2558400
593,https://www.ulta.com/p/trublend-base-business-face-primer-pimprod2000392?sku=2537277,https://www.ulta.com/p/trublend-base-business-face-primer-pimprod2000392,,2537277,2537277,2537277
594,https://www.ulta.com/p/brilliant-base-illuminating-primer-pimprod2037594?sku=2595006,https://www.ulta.com/p/brilliant-base-illuminating-primer-pimprod2037594,2595006,2595006,2595006,2595006
595,https://www.ulta.com/p/no-makeup-instant-blur-priming-moisturizer-pimprod2040765?sku=2614701,https://www.ulta.com/p/no-makeup-instant-blur-priming-moisturizer-pimprod2040765,,2614701,2614701,2614701
596,https://www.ulta.com/p/all-about-blur-even-skin-balm-pimprod2043697?sku=2618292,https://www.ulta.com/p/all-about-blur-even-skin-balm-pimprod2043697,2618292,2618292,2618292,2618292
597,https://www.ulta.com/p/instant-finish-tinted-primer-pimprod2043742?sku=2618824,https://www.ulta.com/p/instant-finish-tinted-primer-pimprod2043742,2618824,2618824,2618824,2618824
598,https://www.ulta.com/p/4-in-1-correcting-primer-anti-blemish-mattify-pimprod2009158?sku=2550942,https://www.ulta.com/p/4-in-1-correcting-primer-anti-blemish-mattify-pimprod2009158,2550942,2550942,2550942,2550942
599,https://www.ulta.com/p/revolution-pro-blur-stick-universal-face-primer-pimprod2007566?sku=2547114,https://www.ulta.com/p/revolution-pro-blur-stick-universal-face-primer-pimprod2007566,2547114,2547114,2547114,2547114
6,https://www.ulta.com/p/teint-idole-ultra-wear-24h-full-coverage-foundation-pimprod2039028?sku=2608119,https://www.ulta.com/p/teint-idole-ultra-wear-24h-full-coverage-foundation-pimprod2039028,2608119,2608119,2608119,2608119
60,https://www.ulta.com/p/good-apple-full-coverage-transfer-proof-serum-foundation-pimprod2037872?sku=2604575,https://www.ulta.com/p/good-apple-full-coverage-transfer-proof-serum-foundation-pimprod2037872,2604575,2604575,2604575,2604575
600,https://www.ulta.com/p/porefessional-pore-minimizing-primer-limited-edition-pimprod2042981?sku=2620847,https://www.ulta.com/p/porefessional-pore-minimizing-primer-limited-edition-pimprod2042981,,2620847,2620847,2620847
601,https://www.ulta.com/p/dewy-barrier-hydrating-stick-pimprod2043594?sku=2620590,https://www.ulta.com/p/dewy-barrier-hydrating-stick-pimprod2043594,,2620590,2620590,2620590
602,https://www.ulta.com/p/dewy-canvas-prep-moisturizer-primer-pimprod2022754?sku=2579579,https://www.ulta.com/p/dewy-canvas-prep-moisturizer-primer-pimprod2022754,,2579579,2579579,2579579
603,https://www.ulta.com/p/all-about-blur-instant-blurring-stick-pimprod2036961?sku=2603689,https://www.ulta.com/p/all-about-blur-instant-blurring-stick-pimprod2036961,2603689,2603689,2603689,2603689
605,https://www.ulta.com/p/trublend-skin-enhancer-plush-plump-primer-pimprod2045349?sku=2625952,https://www.ulta.com/p/trublend-skin-enhancer-plush-plump-primer-pimprod2045349,2625952,2625952,2625952,2625952
606,https://www.ulta.com/p/prime-focus-impossible-primer-pimprod2021903?sku=2574457,https://www.ulta.com/p/prime-focus-impossible-primer-pimprod2021903,,2574457,2574457,2574457
607,https://www.ulta.com/p/hydro-hero-primer-pimprod2037368?sku=2602996,https://www.ulta.com/p/hydro-hero-primer-pimprod2037368,2602996,2602996,2602996,2602996
608,https://www.ulta.com/p/prime-focus-pore-minimizing-primer-serum-pimprod2030777?sku=2589824,https://www.ulta.com/p/prime-focus-pore-minimizing-primer-serum-pimprod2030777,,2589824,2589824,2589824
609,https://www.ulta.com/p/pro-skin-mattifying-primer-pimprod2013112?sku=2558428,https://www.ulta.com/p/pro-skin-mattifying-primer-pimprod2013112,,2558428,2558428,2558428
61,https://www.ulta.com/p/acne-solutions-liquid-makeup-foundation-pimprod2043524?sku=2619813,https://www.ulta.com/p/acne-solutions-liquid-makeup-foundation-pimprod2043524,2619813,2619813,2619813,2619813
610,https://www.ulta.com/p/mattifying-face-primer-xlsImpprod15971029?sku=2509749,https://www.ulta.com/p/mattifying-face-primer-xlsImpprod15971029,,2509749,2509749,2509749
612,https://www.ulta.com/p/poreless-partner-primer-pimprod2037370?sku=2602997,https://www.ulta.com/p/poreless-partner-primer-pimprod2037370,2602997,2602997,2602997,2602997
613,https://www.ulta.com/p/matte-face-base-pimprod2020362?sku=2576111,https://www.ulta.com/p/matte-face-base-pimprod2020362,,2576111,2576111,2576111
614,https://www.ulta.com/p/glow-baby-anywhere-brightening-vitamin-c-balm-pimprod2033409?sku=2597881,https://www.ulta.com/p/glow-baby-anywhere-brightening-vitamin-c-balm-pimprod2033409,2597881,2597881,2597881,2597881
615,https://www.ulta.com/p/bio-brightener-priming-serum-pimprod2032453?sku=2596721,https://www.ulta.com/p/bio-brightener-priming-serum-pimprod2032453,,2596721,2596721,2596721
616,https://www.ulta.com/p/photo-focus-face-primer-xlsImpprod16731067?sku=2518307,https://www.ulta.com/p/photo-focus-face-primer-xlsImpprod16731067,,2518307,2518307,2518307
617,https://www.ulta.com/p/c-brightening-putty-primer-pimprod2033242?sku=2597546,https://www.ulta.com/p/c-brightening-putty-primer-pimprod2033242,2597546,2597546,2597546,2597546
618,https://www.ulta.com/p/pro-prep-hd-color-correcting-face-primer-xlsImpprod18871043?sku=2566864,https://www.ulta.com/p/pro-prep-hd-color-correcting-face-primer-xlsImpprod18871043,,2566864,2566864,2566864
619,https://www.ulta.com/p/kind-glaze-dewy-glow-layer-face-primer-pimprod2037572?sku=2604784,https://www.ulta.com/p/kind-glaze-dewy-glow-layer-face-primer-pimprod2037572,2604784,2604784,2604784,2604784
62,https://www.ulta.com/p/teint-idole-ultra-wear-care-glow-foundation-pimprod2033657?sku=2598637,https://www.ulta.com/p/teint-idole-ultra-wear-care-glow-foundation-pimprod2033657,2598637,2598637,2598637,2598637
620,https://www.ulta.com/p/skin-smoothie-power-matte-primer-pimprod2037247?sku=2607233,https://www.ulta.com/p/skin-smoothie-power-matte-primer-pimprod2037247,,2607233,2607233,2607233
621,https://www.ulta.com/p/trublend-skin-enhancer-sticky-grip-primer-pimprod2045352?sku=2625955,https://www.ulta.com/p/trublend-skin-enhancer-sticky-grip-primer-pimprod2045352,2625955,2625955,2625955,2625955
622,https://www.ulta.com/p/studio-perfect-color-correcting-primer-in-lavender-xlsImpprod3280315?sku=2226207,https://www.ulta.com/p/studio-perfect-color-correcting-primer-in-lavender-xlsImpprod3280315,2226207,2226207,2226207,2226207
623,https://www.ulta.com/p/prime-focus-brightening-primer-serum-pimprod2030776?sku=2589823,https://www.ulta.com/p/prime-focus-brightening-primer-serum-pimprod2030776,,2589823,2589823,2589823
624,https://www.ulta.com/p/skin-smoothie-hydro-pop-primer-pimprod2037246?sku=2607232,https://www.ulta.com/p/skin-smoothie-hydro-pop-primer-pimprod2037246,,2607232,2607232,2607232
625,https://www.ulta.com/p/all-a-blur-pore-perfecting-stick-pimprod2037798?sku=2604612,https://www.ulta.com/p/all-a-blur-pore-perfecting-stick-pimprod2037798,2604612,2604612,2604612,2604612
626,https://www.ulta.com/p/matte-veil-matte-face-primer-pimprod2046542?sku=2617151,https://www.ulta.com/p/matte-veil-matte-face-primer-pimprod2046542,,2617151,2617151,2617151
627,https://www.ulta.com/p/wake-up-beautiful-anywhere-de-puff-calm-balm-pimprod2033412?sku=2597882,https://www.ulta.com/p/wake-up-beautiful-anywhere-de-puff-calm-balm-pimprod2033412,2597882,2597882,2597882,2597882
628,https://www.ulta.com/p/prime-glow-face-illuminator-licorice-extract-pink-pimprod2014254?sku=2564795,https://www.ulta.com/p/prime-glow-face-illuminator-licorice-extract-pink-pimprod2014254,,2564795,2564795,2564795
629,https://www.ulta.com/p/prime-focus-glass-correct-primer-green-pimprod2021905?sku=2574455,https://www.ulta.com/p/prime-focus-glass-correct-primer-green-pimprod2021905,,2574455,2574455,2574455
63,https://www.ulta.com/p/leg-body-makeup-xlsImpprod16041799?sku=2509368,https://www.ulta.com/p/leg-body-makeup-xlsImpprod16041799,2509368,2509368,2509368,2509368
630,https://www.ulta.com/p/photoready-rose-glow-face-gloss-pimprod2021699?sku=2574503,https://www.ulta.com/p/photoready-rose-glow-face-gloss-pimprod2021699,,2574503,2574503,2574503
631,https://www.ulta.com/p/erase-base-blemish-control-primer-pimprod2037551?sku=2605151,https://www.ulta.com/p/erase-base-blemish-control-primer-pimprod2037551,2605151,2605151,2605151,2605151
632,https://www.ulta.com/p/hydra-touch-centella-extract-infused-hydrating-primer-pimprod2022020?sku=2583783,https://www.ulta.com/p/hydra-touch-centella-extract-infused-hydrating-primer-pimprod2022020,,2583783,2583783,2583783
633,https://www.ulta.com/p/colour-correct-primer-pimprod2006380?sku=2542387,https://www.ulta.com/p/colour-correct-primer-pimprod2006380,2542387,2542387,2542387,2542387
634,https://www.ulta.com/p/hydrate-primer-pimprod2006378?sku=2542376,https://www.ulta.com/p/hydrate-primer-pimprod2006378,2542376,2542376,2542376,2542376
635,https://www.ulta.com/p/angel-aura-face-serum-primer-pimprod2034580?sku=2601537,https://www.ulta.com/p/angel-aura-face-serum-primer-pimprod2034580,,2601537,2601537,2601537
636,https://www.ulta.com/p/redness-reducer-primer-pimprod2037372?sku=2602998,https://www.ulta.com/p/redness-reducer-primer-pimprod2037372,2602998,2602998,2602998,2602998
637,https://www.ulta.com/p/red-rescue-color-correcting-face-primer-pimprod2046604?sku=2617158,https://www.ulta.com/p/red-rescue-color-correcting-face-primer-pimprod2046604,,2617158,2617158,2617158
638,https://www.ulta.com/p/matte-greens-skin-solve-face-primer-pimprod2037569?sku=2604782,https://www.ulta.com/p/matte-greens-skin-solve-face-primer-pimprod2037569,2604782,2604782,2604782,2604782
639,https://www.ulta.com/p/photoready-rose-glow-face-mist-pimprod2021698?sku=2574548,https://www.ulta.com/p/photoready-rose-glow-face-mist-pimprod2021698,,2574548,2574548,2574548
64,https://www.ulta.com/p/real-flawless-weightless-perfecting-waterproof-foundation-pimprod2038437?sku=2608627,https://www.ulta.com/p/real-flawless-weightless-perfecting-waterproof-foundation-pimprod2038437,2608627,2608627,2608627,2608627
640,https://www.ulta.com/p/skin-smoothie-radiant-glow-primer-pimprod2037248?sku=2607234,https://www.ulta.com/p/skin-smoothie-radiant-glow-primer-pimprod2037248,,2607234,2607234,2607234
641,https://www.ulta.com/p/hello-good-stuff-skin-refining-primer-pimprod2033240?sku=2597534,https://www.ulta.com/p/hello-good-stuff-skin-refining-primer-pimprod2033240,,2597534,2597534,2597534
642,https://www.ulta.com/p/instant-skin-brightening-tone-up-h2o-shield-primer-pimprod2031191?sku=2594562,https://www.ulta.com/p/instant-skin-brightening-tone-up-h2o-shield-primer-pimprod2031191,,2594562,2594562,2594562
643,https://www.ulta.com/p/girlfriend-skincare-makeup-primer-pimprod2011282?sku=2558183,https://www.ulta.com/p/girlfriend-skincare-makeup-primer-pimprod2011282,,2558183,2558183,2558183
644,https://www.ulta.com/p/dewy-glaze-hydrating-face-primer-pimprod2046612?sku=2617149,https://www.ulta.com/p/dewy-glaze-hydrating-face-primer-pimprod2046612,,2617149,2617149,2617149
645,https://www.ulta.com/p/blurring-putty-primer-poreless-pimprod2043730?sku=2619159,https://www.ulta.com/p/blurring-putty-primer-poreless-pimprod2043730,2619159,2619159,2619159,2619159
646,https://www.ulta.com/p/lets-chill-hydrating-primer-stick-pimprod2043729?sku=2618826,https://www.ulta.com/p/lets-chill-hydrating-primer-stick-pimprod2043729,2618826,2618826,2618826,2618826
647,https://www.ulta.com/p/prime-time-makeup-primer-spray-xlsImpprod17721243?sku=2526409,https://www.ulta.com/p/prime-time-makeup-primer-spray-xlsImpprod17721243,,2526409,2526409,2526409
648,https://www.ulta.com/p/cool-glow-face-primer-pimprod2046197?sku=2623137,https://www.ulta.com/p/cool-glow-face-primer-pimprod2046197,,2623137,2623137,2623137
649,https://www.ulta.com/p/priming-serum-24h-hydrating-solid-smoothing-primer-pimprod2034625?sku=2598662,https://www.ulta.com/p/priming-serum-24h-hydrating-solid-smoothing-primer-pimprod2034625,2598662,2598662,2598662,2598662
65,https://www.ulta.com/p/filter-effect-soft-focus-foundation-pimprod2022516?sku=2577758,https://www.ulta.com/p/filter-effect-soft-focus-foundation-pimprod2022516,,2577758,2577758,2577758
650,https://www.ulta.com/p/illuminating-primer-oil-pimprod2037553?sku=2604013,https://www.ulta.com/p/illuminating-primer-oil-pimprod2037553,2604013,2604013,2604013,2604013
651,https://www.ulta.com/p/prime-lab-up-24h-dullness-reducer-pimprod2036473?sku=2603539,https://www.ulta.com/p/prime-lab-up-24h-dullness-reducer-pimprod2036473,2603539,2603539,2603539,2603539
652,https://www.ulta.com/p/prime-glow-face-illuminator-coconut-extract-blue-pimprod2014251?sku=2564796,https://www.ulta.com/p/prime-glow-face-illuminator-coconut-extract-blue-pimprod2014251,,2564796,2564796,2564796
656,https://www.ulta.com/p/double-duty-beauty-shape-tape-pore-prime-balm-pimprod2002692?sku=2538316,https://www.ulta.com/p/double-duty-beauty-shape-tape-pore-prime-balm-pimprod2002692,,2538316,2538316,2538316
657,https://www.ulta.com/p/supernova-celestial-priming-whip-pimprod2030712?sku=2594849,https://www.ulta.com/p/supernova-celestial-priming-whip-pimprod2030712,,2594849,2594849,2594849
658,https://www.ulta.com/p/trippin-smooth-primer-pimprod2033294?sku=2597862,https://www.ulta.com/p/trippin-smooth-primer-pimprod2033294,2597862,2597862,2597862,2597862
659,https://www.ulta.com/p/travel-size-matte-cream-mattifying-blurring-primer-pimprod2044589?sku=2624580,https://www.ulta.com/p/travel-size-matte-cream-mattifying-blurring-primer-pimprod2044589,,2624580,2624580,2624580
66,https://www.ulta.com/p/instant-age-rewind-instant-perfector-4-in-1-glow-makeup-pimprod2025160?sku=2596456,https://www.ulta.com/p/instant-age-rewind-instant-perfector-4-in-1-glow-makeup-pimprod2025160,2596456,2596456,2596456,2596456
660,https://www.ulta.com/p/porefessional-matte-pore-minimizing-primer-pimprod2046073?sku=2628402,https://www.ulta.com/p/porefessional-matte-pore-minimizing-primer-pimprod2046073,,2628402,2628402,2628402
661,https://www.ulta.com/p/colorstay-prep-protect-primer-xlsImpprod18391069?sku=2527755,https://www.ulta.com/p/colorstay-prep-protect-primer-xlsImpprod18391069,,2527755,2527755,2527755
662,https://www.ulta.com/p/buttermelt-pressed-powder-blush-pimprod2045333?sku=2624632,https://www.ulta.com/p/buttermelt-pressed-powder-blush-pimprod2045333,2624632,2624632,2624632,2624632
663,https://www.ulta.com/p/liquid-lip-blush-cheek-tint-pimprod2008308?sku=2547730,https://www.ulta.com/p/liquid-lip-blush-cheek-tint-pimprod2008308,2547730,2547730,2547730,2547730
664,https://www.ulta.com/p/limited-edition-pop-lip-cheek-oil-in-black-honey-pimprod2045574?sku=2626706,https://www.ulta.com/p/limited-edition-pop-lip-cheek-oil-in-black-honey-pimprod2045574,,2626706,2626706,2626706
665,https://www.ulta.com/p/camo-liquid-blush-pimprod2042954?sku=2617738,https://www.ulta.com/p/camo-liquid-blush-pimprod2042954,2617738,2617738,2617738,2617738
666,https://www.ulta.com/p/blush-pimprod2044741?sku=2621261,https://www.ulta.com/p/blush-pimprod2044741,2621261,2621261,2621261,2621261
667,https://www.ulta.com/p/blushed-duo-pimprod2025280?sku=2583745,https://www.ulta.com/p/blushed-duo-pimprod2025280,,2583745,2583745,2583745
668,https://www.ulta.com/p/rosy-glow-blush-pimprod2039824?sku=2612199,https://www.ulta.com/p/rosy-glow-blush-pimprod2039824,2612199,2612199,2612199,2612199
669,https://www.ulta.com/p/on-glow-blush-tinted-moisture-stick-pimprod2032976?sku=2598116,https://www.ulta.com/p/on-glow-blush-tinted-moisture-stick-pimprod2032976,2598116,2598116,2598116,2598116
67,https://www.ulta.com/p/even-better-refresh-hydrating-repairing-makeup-foundation-pimprod2004194?sku=2541677,https://www.ulta.com/p/even-better-refresh-hydrating-repairing-makeup-foundation-pimprod2004194,2541677,2541677,2541677,2541677
670,https://www.ulta.com/p/huephoric-rush-3-in-1-silk-blush-pimprod2045434?sku=2625272,https://www.ulta.com/p/huephoric-rush-3-in-1-silk-blush-pimprod2045434,,2625272,2625272,2625272
671,https://www.ulta.com/p/baked-blush-radiant-powder-blush-xlsImpprod17081057?sku=2519994,https://www.ulta.com/p/baked-blush-radiant-powder-blush-xlsImpprod17081057,2519994,2519994,2519994,2519994
672,https://www.ulta.com/p/blushed-liquid-blush-pimprod2038948?sku=2609909,https://www.ulta.com/p/blushed-liquid-blush-pimprod2038948,,2609909,2609909,2609909
673,https://www.ulta.com/p/mineralize-blush-xlsImpprod15921186?sku=2519160,https://www.ulta.com/p/mineralize-blush-xlsImpprod15921186,2519160,2519160,2519160,2519160
674,https://www.ulta.com/p/wanderful-world-silky-soft-powder-blush-mini-xlsImpprod13741141?sku=2595635,https://www.ulta.com/p/wanderful-world-silky-soft-powder-blush-mini-xlsImpprod13741141,2595635,2595635,2595635,2595635
675,https://www.ulta.com/p/cheek-pop-blush-xlsImpprod10791941?sku=2271486,https://www.ulta.com/p/cheek-pop-blush-xlsImpprod10791941,2271486,2271486,2271486,2271486
676,https://www.ulta.com/p/powder-blush-xlsImpprod15921200?sku=2510860,https://www.ulta.com/p/powder-blush-xlsImpprod15921200,,2510860,2510860,2510860
677,https://www.ulta.com/p/halo-glow-blush-beauty-wand-pimprod2038825?sku=2609251,https://www.ulta.com/p/halo-glow-blush-beauty-wand-pimprod2038825,2609251,2609251,2609251,2609251
678,https://www.ulta.com/p/afterglow-liquid-blush-pimprod2039276?sku=2617037,https://www.ulta.com/p/afterglow-liquid-blush-pimprod2039276,2617037,2617037,2617037,2617037
679,https://www.ulta.com/p/cloud-crush-blurring-blush-pimprod2036986?sku=2603637,https://www.ulta.com/p/cloud-crush-blurring-blush-pimprod2036986,2603637,2603637,2603637,2603637
68,https://www.ulta.com/p/infallible-24h-fresh-wear-foundation-in-a-powder-pimprod2021871?sku=2575170,https://www.ulta.com/p/infallible-24h-fresh-wear-foundation-in-a-powder-pimprod2021871,2575170,2575170,2575170,2575170
680,https://www.ulta.com/p/shape-tape-glow-blush-bar-pimprod2044745?sku=2622622,https://www.ulta.com/p/shape-tape-glow-blush-bar-pimprod2044745,2622622,2622622,2622622,2622622
681,https://www.ulta.com/p/gen-nude-blonzer-blush-bronzer-pimprod2031864?sku=2594966,https://www.ulta.com/p/gen-nude-blonzer-blush-bronzer-pimprod2031864,2594966,2594966,2594966,2594966
682,https://www.ulta.com/p/cheeks-out-freestyle-cream-blush-pimprod2031376?sku=2592449,https://www.ulta.com/p/cheeks-out-freestyle-cream-blush-pimprod2031376,2592449,2592449,2592449,2592449
683,https://www.ulta.com/p/what-a-tint-lip-cheek-tint-pimprod2037375?sku=2603018,https://www.ulta.com/p/what-a-tint-lip-cheek-tint-pimprod2037375,2603018,2603018,2603018,2603018
684,https://www.ulta.com/p/glow-play-cushiony-blush-pimprod2046212?sku=2626256,https://www.ulta.com/p/glow-play-cushiony-blush-pimprod2046212,,2626256,2626256,2626256
685,https://www.ulta.com/p/amazonian-clay-12-hour-blush-pimprod2043868?sku=2618995,https://www.ulta.com/p/amazonian-clay-12-hour-blush-pimprod2043868,2618995,2618995,2618995,2618995
686,https://www.ulta.com/p/blush-subtil-oil-free-powder-blush-xlsImpprod3650106?sku=2235623,https://www.ulta.com/p/blush-subtil-oil-free-powder-blush-xlsImpprod3650106,2235623,2235623,2235623,2235623
687,https://www.ulta.com/p/blurring-serum-blush-pimprod2045615?sku=2624270,https://www.ulta.com/p/blurring-serum-blush-pimprod2045615,,2624270,2624270,2624270
688,https://www.ulta.com/p/mini-hollywood-blush-glow-palette-pimprod2043348?sku=2619555,https://www.ulta.com/p/mini-hollywood-blush-glow-palette-pimprod2043348,2619555,2619555,2619555,2619555
689,https://www.ulta.com/p/wanderful-world-silky-soft-powder-blush-xlsImpprod820350?sku=2595623,https://www.ulta.com/p/wanderful-world-silky-soft-powder-blush-xlsImpprod820350,2595623,2595623,2595623,2595623
69,https://www.ulta.com/p/always-on-skin-balancing-foundation-with-hyaluronic-acid-adaptogens-pimprod2040206?sku=2610447,https://www.ulta.com/p/always-on-skin-balancing-foundation-with-hyaluronic-acid-adaptogens-pimprod2040206,2610447,2610447,2610447,2610447
690,https://www.ulta.com/p/matte-beauty-blush-wand-pimprod2043369?sku=2619515,https://www.ulta.com/p/matte-beauty-blush-wand-pimprod2043369,2619515,2619515,2619515,2619515
691,https://www.ulta.com/p/blush-tape-liquid-blush-pimprod2038505?sku=2610305,https://www.ulta.com/p/blush-tape-liquid-blush-pimprod2038505,2610305,2610305,2610305,2610305
692,https://www.ulta.com/p/multiple-cream-blush-lip-eye-stick-xlsImpprod15081846?sku=2503563,https://www.ulta.com/p/multiple-cream-blush-lip-eye-stick-xlsImpprod15081846,2503563,2503563,2503563,2503563
693,https://www.ulta.com/p/glowing-cheeks-blush-highlight-duo-pimprod2045034?sku=2622793,https://www.ulta.com/p/glowing-cheeks-blush-highlight-duo-pimprod2045034,2622793,2622793,2622793,2622793
694,https://www.ulta.com/p/sunkisser-multi-use-liquid-blush-pimprod2045294?sku=2624893,https://www.ulta.com/p/sunkisser-multi-use-liquid-blush-pimprod2045294,2624893,2624893,2624893,2624893
695,https://www.ulta.com/p/chubby-stick-cheek-colour-balm-blush-xlsImpprod11061002?sku=2276489,https://www.ulta.com/p/chubby-stick-cheek-colour-balm-blush-xlsImpprod11061002,2276489,2276489,2276489,2276489
696,https://www.ulta.com/p/pot-rouge-blush-lips-cheeks-pimprod2038538?sku=2583677,https://www.ulta.com/p/pot-rouge-blush-lips-cheeks-pimprod2038538,2583677,2583677,2583677,2583677
697,https://www.ulta.com/p/gen-nude-powder-blush-pimprod2034150?sku=2599451,https://www.ulta.com/p/gen-nude-powder-blush-pimprod2034150,2599451,2599451,2599451,2599451
698,https://www.ulta.com/p/cream-stick-blush-with-brush-applicator-pimprod2026378?sku=2583309,https://www.ulta.com/p/cream-stick-blush-with-brush-applicator-pimprod2026378,2583309,2583309,2583309,2583309
699,https://www.ulta.com/p/pressed-powder-blush-pimprod2038305?sku=2609193,https://www.ulta.com/p/pressed-powder-blush-pimprod2038305,2609193,2609193,2609193,2609193
7,https://www.ulta.com/p/studio-fix-powder-plus-foundation-makeup-xlsImpprod15921242?sku=2510813,https://www.ulta.com/p/studio-fix-powder-plus-foundation-makeup-xlsImpprod15921242,2510813,2510813,2510813,2510813
70,https://www.ulta.com/p/les-beiges-water-fresh-tint-pimprod2030055?sku=2574253,https://www.ulta.com/p/les-beiges-water-fresh-tint-pimprod2030055,2574253,2574253,2574253,2574253
700,https://www.ulta.com/p/lumi-le-liquid-blush-pimprod2045480?sku=2625628,https://www.ulta.com/p/lumi-le-liquid-blush-pimprod2045480,2625628,2625628,2625628,2625628
701,https://www.ulta.com/p/cheek-chic-blush-pimprod2043378?sku=2619322,https://www.ulta.com/p/cheek-chic-blush-pimprod2043378,2619322,2619322,2619322,2619322
702,https://www.ulta.com/p/hot-cheeks-velour-blushlighter-pimprod2045516?sku=2625693,https://www.ulta.com/p/hot-cheeks-velour-blushlighter-pimprod2045516,,2625693,2625693,2625693
703,https://www.ulta.com/p/blushing-blush-powder-blush-xlsImpprod10791937?sku=2153764,https://www.ulta.com/p/blushing-blush-powder-blush-xlsImpprod10791937,2153764,2153764,2153764,2153764
704,https://www.ulta.com/p/glow-with-confidence-sun-cream-blush-pimprod2045180?sku=2621808,https://www.ulta.com/p/glow-with-confidence-sun-cream-blush-pimprod2045180,2621808,2621808,2621808,2621808
705,https://www.ulta.com/p/gen-nude-highlighting-blush-pimprod2039778?sku=2611433,https://www.ulta.com/p/gen-nude-highlighting-blush-pimprod2039778,2611433,2611433,2611433,2611433
706,https://www.ulta.com/p/halo-sculpt-glow-face-palette-with-vitamin-e-pimprod2042910?sku=2618546,https://www.ulta.com/p/halo-sculpt-glow-face-palette-with-vitamin-e-pimprod2042910,2618546,2618546,2618546,2618546
707,https://www.ulta.com/p/n1-de-chanel-lip-cheek-balm-pimprod2029892?sku=2589667,https://www.ulta.com/p/n1-de-chanel-lip-cheek-balm-pimprod2029892,2589667,2589667,2589667,2589667
708,https://www.ulta.com/p/polite-pops-powder-blush-stick-pimprod2044285?sku=2620618,https://www.ulta.com/p/polite-pops-powder-blush-stick-pimprod2044285,,2620618,2620618,2620618
709,https://www.ulta.com/p/cheek-kiss-cream-blush-pimprod2021060?sku=2573984,https://www.ulta.com/p/cheek-kiss-cream-blush-pimprod2021060,2573984,2573984,2573984,2573984
71,https://www.ulta.com/p/celebration-foundation-illumination-xlsImpprod6420042?sku=2269897,https://www.ulta.com/p/celebration-foundation-illumination-xlsImpprod6420042,2269897,2269897,2269897,2269897
710,https://www.ulta.com/p/blushed-liquid-blushlighter-pimprod2043833?sku=2618633,https://www.ulta.com/p/blushed-liquid-blushlighter-pimprod2043833,,2618633,2618633,2618633
711,https://www.ulta.com/p/nudies-matte-all-over-face-blush-color-xlsImpprod15581029?sku=2584256,https://www.ulta.com/p/nudies-matte-all-over-face-blush-color-xlsImpprod15581029,2584256,2584256,2584256,2584256
712,https://www.ulta.com/p/soft-pressed-powder-blusher-xlsImpprod10791935?sku=2223180,https://www.ulta.com/p/soft-pressed-powder-blusher-xlsImpprod10791935,2223180,2223180,2223180,2223180
713,https://www.ulta.com/p/monochromatic-multi-stick-pimprod2040759?sku=2614086,https://www.ulta.com/p/monochromatic-multi-stick-pimprod2040759,2614086,2614086,2614086,2614086
714,https://www.ulta.com/p/hypernova-satin-matte-blush-pimprod2044063?sku=2613119,https://www.ulta.com/p/hypernova-satin-matte-blush-pimprod2044063,,2613119,2613119,2613119
715,https://www.ulta.com/p/pressed-powder-blush-pimprod2026554?sku=2583982,https://www.ulta.com/p/pressed-powder-blush-pimprod2026554,2583982,2583982,2583982,2583982
716,https://www.ulta.com/p/ambient-lighting-blush-pimprod2020426?sku=2575935,https://www.ulta.com/p/ambient-lighting-blush-pimprod2020426,,2575935,2575935,2575935
717,https://www.ulta.com/p/joues-contraste-powder-blush-pimprod2030016?sku=2579895,https://www.ulta.com/p/joues-contraste-powder-blush-pimprod2030016,2579895,2579895,2579895,2579895
718,https://www.ulta.com/p/complexion-rescue-liquid-blonzer-blush-bronzer-pimprod2044820?sku=2623836,https://www.ulta.com/p/complexion-rescue-liquid-blonzer-blush-bronzer-pimprod2044820,2623836,2623836,2623836,2623836
72,https://www.ulta.com/p/beyond-perfecting-powder-foundation-concealer-xlsImpprod12991071?sku=2291649,https://www.ulta.com/p/beyond-perfecting-powder-foundation-concealer-xlsImpprod12991071,2291649,2291649,2291649,2291649
720,https://www.ulta.com/p/just-kissed-lip-cheek-stain-pimprod2004095?sku=2544987,https://www.ulta.com/p/just-kissed-lip-cheek-stain-pimprod2004095,,2544987,2544987,2544987
721,https://www.ulta.com/p/too-cheeky-lip-cheek-color-stick-pimprod2015889?sku=2556122,https://www.ulta.com/p/too-cheeky-lip-cheek-color-stick-pimprod2015889,,2556122,2556122,2556122
723,https://www.ulta.com/p/lip-cheek-glow-pimprod2043349?sku=2619522,https://www.ulta.com/p/lip-cheek-glow-pimprod2043349,2619522,2619522,2619522,2619522
724,https://www.ulta.com/p/hydrating-blush-stix-pimprod2009396?sku=2550458,https://www.ulta.com/p/hydrating-blush-stix-pimprod2009396,,2550458,2550458,2550458
725,https://www.ulta.com/p/hot-shot-blush-drops-pimprod2046120?sku=2627537,https://www.ulta.com/p/hot-shot-blush-drops-pimprod2046120,,2627537,2627537,2627537
726,https://www.ulta.com/p/blush-color-infusion-pimprod2012418?sku=2560026,https://www.ulta.com/p/blush-color-infusion-pimprod2012418,,2560026,2560026,2560026
727,https://www.ulta.com/p/powder-blush-stick-pimprod2045159?sku=2623998,https://www.ulta.com/p/powder-blush-stick-pimprod2045159,,2623998,2623998,2623998
728,https://www.ulta.com/p/blush-bronze-hydro-blur-cheek-duo-pimprod2042663?sku=2617460,https://www.ulta.com/p/blush-bronze-hydro-blur-cheek-duo-pimprod2042663,2617460,2617460,2617460,2617460
729,https://www.ulta.com/p/byo-blush-color-changing-blush-oil-pimprod2036209?sku=2602248,https://www.ulta.com/p/byo-blush-color-changing-blush-oil-pimprod2036209,2602248,2602248,2602248,2602248
73,https://www.ulta.com/p/les-beiges-healthy-glow-foundation-hydration-longwear-pimprod2030080?sku=2571508,https://www.ulta.com/p/les-beiges-healthy-glow-foundation-hydration-longwear-pimprod2030080,2571508,2571508,2571508,2571508
731,https://www.ulta.com/p/powder-blush-palette-xlsImpprod14521197?sku=2535584,https://www.ulta.com/p/powder-blush-palette-xlsImpprod14521197,2535584,2535584,2535584,2535584
732,https://www.ulta.com/p/maneater-blush-glow-cheek-plump-pimprod2028223?sku=2586348,https://www.ulta.com/p/maneater-blush-glow-cheek-plump-pimprod2028223,,2586348,2586348,2586348
733,https://www.ulta.com/p/rouge-blush-pimprod2040322?sku=2612232,https://www.ulta.com/p/rouge-blush-pimprod2040322,,2612232,2612232,2612232
734,https://www.ulta.com/p/face-palette-all-in-one-bronzer-highlight-blush-pimprod2024358?sku=2576830,https://www.ulta.com/p/face-palette-all-in-one-bronzer-highlight-blush-pimprod2024358,,2576830,2576830,2576830
735,https://www.ulta.com/p/skin-fetish-divine-blush-pimprod2040437?sku=2613913,https://www.ulta.com/p/skin-fetish-divine-blush-pimprod2040437,2613913,2613913,2613913,2613913
736,https://www.ulta.com/p/dandelion-twinkle-soft-nude-pink-powder-highlighter-mini-xlsImpprod17971039?sku=2595645,https://www.ulta.com/p/dandelion-twinkle-soft-nude-pink-powder-highlighter-mini-xlsImpprod17971039,2595645,2595645,2595645,2595645
737,https://www.ulta.com/p/all-inclusive-eye-cheek-face-palette-pimprod2030331?sku=2590468,https://www.ulta.com/p/all-inclusive-eye-cheek-face-palette-pimprod2030331,,2590468,2590468,2590468
738,https://www.ulta.com/p/ambient-lighting-palette-pimprod2020448?sku=2572721,https://www.ulta.com/p/ambient-lighting-palette-pimprod2020448,2572721,2572721,2572721,2572721
739,https://www.ulta.com/p/les-beiges-water-fresh-blush-pimprod2037598?sku=2595875,https://www.ulta.com/p/les-beiges-water-fresh-blush-pimprod2037598,2595875,2595875,2595875,2595875
740,https://www.ulta.com/p/cheek-squad-cream-face-trio-pimprod2037175?sku=2599123,https://www.ulta.com/p/cheek-squad-cream-face-trio-pimprod2037175,,2599123,2599123,2599123
741,https://www.ulta.com/p/8m-medium-vibes-complexion-pro-face-palette-pimprod2016752?sku=2567766,https://www.ulta.com/p/8m-medium-vibes-complexion-pro-face-palette-pimprod2016752,,2567766,2567766,2567766
742,https://www.ulta.com/p/superdewy-liquid-blush-pimprod2024993?sku=2583413,https://www.ulta.com/p/superdewy-liquid-blush-pimprod2024993,,2583413,2583413,2583413
743,https://www.ulta.com/p/cheeky-clean-cream-blush-pimprod2038181?sku=2606449,https://www.ulta.com/p/cheeky-clean-cream-blush-pimprod2038181,2606449,2606449,2606449,2606449
744,https://www.ulta.com/p/bye-bye-pores-blush-xlsImpprod16281007?sku=2514621,https://www.ulta.com/p/bye-bye-pores-blush-xlsImpprod16281007,2514621,2514621,2514621,2514621
745,https://www.ulta.com/p/nudies-bloom-all-over-dewy-face-color-pimprod2005786?sku=2585202,https://www.ulta.com/p/nudies-bloom-all-over-dewy-face-color-pimprod2005786,2585202,2585202,2585202,2585202
746,https://www.ulta.com/p/pure-nude-baked-blush-pimprod2037419?sku=2603025,https://www.ulta.com/p/pure-nude-baked-blush-pimprod2037419,2603025,2603025,2603025,2603025
747,https://www.ulta.com/p/blush-pimprod2042919?sku=2615813,https://www.ulta.com/p/blush-pimprod2042919,,2615813,2615813,2615813
748,https://www.ulta.com/p/eclipse-cheek-lip-stick-pimprod2032207?sku=2595436,https://www.ulta.com/p/eclipse-cheek-lip-stick-pimprod2032207,,2595436,2595436,2595436
749,https://www.ulta.com/p/nudescreen-blush-tint-spf-30-pimprod2043960?sku=2620585,https://www.ulta.com/p/nudescreen-blush-tint-spf-30-pimprod2043960,,2620585,2620585,2620585
75,https://www.ulta.com/p/medium-coverage-natural-finish-luminous-foundation-pimprod2008586?sku=2551421,https://www.ulta.com/p/medium-coverage-natural-finish-luminous-foundation-pimprod2008586,2551421,2551421,2551421,2551421
750,https://www.ulta.com/p/clay-play-go-cheek-palette-pimprod2033147?sku=2596620,https://www.ulta.com/p/clay-play-go-cheek-palette-pimprod2033147,,2596620,2596620,2596620
751,https://www.ulta.com/p/plump-shot-collagen-peptides-advanced-plumping-cream-blush-pimprod2043234?sku=2618550,https://www.ulta.com/p/plump-shot-collagen-peptides-advanced-plumping-cream-blush-pimprod2043234,2618550,2618550,2618550,2618550
752,https://www.ulta.com/p/dreamstick-cream-blush-pimprod2033817?sku=2600659,https://www.ulta.com/p/dreamstick-cream-blush-pimprod2033817,,2600659,2600659,2600659
753,https://www.ulta.com/p/fit-me-blush-xlsImpprod16211171?sku=2510253,https://www.ulta.com/p/fit-me-blush-xlsImpprod16211171,2510253,2510253,2510253,2510253
754,https://www.ulta.com/p/velvet-touch-creamy-stick-blush-pimprod2032250?sku=2576104,https://www.ulta.com/p/velvet-touch-creamy-stick-blush-pimprod2032250,,2576104,2576104,2576104
755,https://www.ulta.com/p/loose-mineral-blush-pimprod2034497?sku=2599467,https://www.ulta.com/p/loose-mineral-blush-pimprod2034497,2599467,2599467,2599467,2599467
756,https://www.ulta.com/p/cheeky-rose-liquid-blush-pimprod2042625?sku=2618682,https://www.ulta.com/p/cheeky-rose-liquid-blush-pimprod2042625,2618682,2618682,2618682,2618682
757,https://www.ulta.com/p/my-mini-dream-glow-blush-pimprod2042602?sku=2620729,https://www.ulta.com/p/my-mini-dream-glow-blush-pimprod2042602,2620729,2620729,2620729,2620729
758,https://www.ulta.com/p/8r-thats-rich-complexion-pro-face-palette-pimprod2016718?sku=2567618,https://www.ulta.com/p/8r-thats-rich-complexion-pro-face-palette-pimprod2016718,,2567618,2567618,2567618
759,https://www.ulta.com/p/quad-goals-multi-palette-pimprod2026433?sku=2585074,https://www.ulta.com/p/quad-goals-multi-palette-pimprod2026433,2585074,2585074,2585074,2585074
76,https://www.ulta.com/p/purepressed-base-mineral-foundation-refill-pimprod2033383?sku=2595189,https://www.ulta.com/p/purepressed-base-mineral-foundation-refill-pimprod2033383,,2595189,2595189,2595189
760,https://www.ulta.com/p/8d-deep-glam-complexion-pro-face-palette-pimprod2016755?sku=2567767,https://www.ulta.com/p/8d-deep-glam-complexion-pro-face-palette-pimprod2016755,,2567767,2567767,2567767
761,https://www.ulta.com/p/pokemon-x-colourpop-instant-crush-cream-blush-pimprod2045285?sku=2624663,https://www.ulta.com/p/pokemon-x-colourpop-instant-crush-cream-blush-pimprod2045285,2624663,2624663,2624663,2624663
762,https://www.ulta.com/p/matte-satin-blush-trios-palette-xlsImpprod16211247?sku=2510398,https://www.ulta.com/p/matte-satin-blush-trios-palette-xlsImpprod16211247,,2510398,2510398,2510398
763,https://www.ulta.com/p/divine-cream-blush-legendary-glow-colour-balm-pimprod2040432?sku=2613842,https://www.ulta.com/p/divine-cream-blush-legendary-glow-colour-balm-pimprod2040432,2613842,2613842,2613842,2613842
764,https://www.ulta.com/p/infallible-24h-fresh-wear-soft-matte-blush-pimprod2039299?sku=2610772,https://www.ulta.com/p/infallible-24h-fresh-wear-soft-matte-blush-pimprod2039299,2610772,2610772,2610772,2610772
765,https://www.ulta.com/p/rose-powder-blush-xlsImpprod18001081?sku=2529585,https://www.ulta.com/p/rose-powder-blush-xlsImpprod18001081,,2529585,2529585,2529585
766,https://www.ulta.com/p/flower-pots-powder-blush-xlsImpprod17531283?sku=2596333,https://www.ulta.com/p/flower-pots-powder-blush-xlsImpprod17531283,,2596333,2596333,2596333
767,https://www.ulta.com/p/value-size-liquid-lip-blush-cheek-tint-pimprod2043819?sku=2620380,https://www.ulta.com/p/value-size-liquid-lip-blush-cheek-tint-pimprod2043819,2620380,2620380,2620380,2620380
768,https://www.ulta.com/p/cotton-candy-skies-midi-palette-pimprod2042792?sku=2620021,https://www.ulta.com/p/cotton-candy-skies-midi-palette-pimprod2042792,,2620021,2620021,2620021
769,https://www.ulta.com/p/baby-got-blush-pimprod2037387?sku=2603000,https://www.ulta.com/p/baby-got-blush-pimprod2037387,2603000,2603000,2603000,2603000
77,https://www.ulta.com/p/4-in-1-tinted-moisturizer-broad-spectrum-spf-20-xlsImpprod4310009?sku=2241131,https://www.ulta.com/p/4-in-1-tinted-moisturizer-broad-spectrum-spf-20-xlsImpprod4310009,2241131,2241131,2241131,2241131
770,https://www.ulta.com/p/convertible-color-lip-cheek-cream-blush-VP12620?sku=2153892,https://www.ulta.com/p/convertible-color-lip-cheek-cream-blush-VP12620,2153892,2153892,2153892,2153892
771,https://www.ulta.com/p/butter-dream-team-palette-pimprod2030858?sku=2593962,https://www.ulta.com/p/butter-dream-team-palette-pimprod2030858,,2593962,2593962,2593962
772,https://www.ulta.com/p/roses-n-honey-3-piece-mini-nudies-kit-pimprod2032372?sku=2596462,https://www.ulta.com/p/roses-n-honey-3-piece-mini-nudies-kit-pimprod2032372,2596462,2596462,2596462,2596462
773,https://www.ulta.com/p/complexion-rescue-liquid-highlighting-blush-pimprod2045186?sku=2623838,https://www.ulta.com/p/complexion-rescue-liquid-highlighting-blush-pimprod2045186,2623838,2623838,2623838,2623838
774,https://www.ulta.com/p/purepressed-blush-pimprod2032200?sku=2596240,https://www.ulta.com/p/purepressed-blush-pimprod2032200,,2596240,2596240,2596240
775,https://www.ulta.com/p/extra-dimension-hybrid-cream-powder-blush-xlsImpprod15921114?sku=2510923,https://www.ulta.com/p/extra-dimension-hybrid-cream-powder-blush-xlsImpprod15921114,,2510923,2510923,2510923
776,https://www.ulta.com/p/sweet-cheeks-soft-cheek-tint-blush-pimprod2016401?sku=2565838,https://www.ulta.com/p/sweet-cheeks-soft-cheek-tint-blush-pimprod2016401,,2565838,2565838,2565838
778,https://www.ulta.com/p/twinkle-beach-mini-blush-highlighter-palette-value-set-pimprod2043817?sku=2620489,https://www.ulta.com/p/twinkle-beach-mini-blush-highlighter-palette-value-set-pimprod2043817,2620489,2620489,2620489,2620489
779,https://www.ulta.com/p/unlimited-blush-pimprod2032252?sku=2595747,https://www.ulta.com/p/unlimited-blush-pimprod2032252,,2595747,2595747,2595747
78,https://www.ulta.com/p/4-in-1-love-your-selfie-longwear-foundation-concealer-pimprod2005671?sku=2544510,https://www.ulta.com/p/4-in-1-love-your-selfie-longwear-foundation-concealer-pimprod2005671,2544510,2544510,2544510,2544510
780,https://www.ulta.com/p/true-match-super-blendable-blush-VP10730?sku=2114143,https://www.ulta.com/p/true-match-super-blendable-blush-VP10730,2114143,2114143,2114143,2114143
781,https://www.ulta.com/p/nudies-matte-glow-core-all-over-face-blush-color-pimprod2040696?sku=2613360,https://www.ulta.com/p/nudies-matte-glow-core-all-over-face-blush-color-pimprod2040696,2613360,2613360,2613360,2613360
782,https://www.ulta.com/p/berry-pop-cheek-trio-pimprod2042907?sku=2620853,https://www.ulta.com/p/berry-pop-cheek-trio-pimprod2042907,,2620853,2620853,2620853
783,https://www.ulta.com/p/good-apple-blush-balm-duo-pimprod2043903?sku=2621127,https://www.ulta.com/p/good-apple-blush-balm-duo-pimprod2043903,,2621127,2621127,2621127
784,https://www.ulta.com/p/pure-color-envy-sculpting-blush-pimprod2030735?sku=2591724,https://www.ulta.com/p/pure-color-envy-sculpting-blush-pimprod2030735,2591724,2591724,2591724,2591724
785,https://www.ulta.com/p/multi-use-blush-bronze-highlight-cream-palette-pimprod2043657?sku=2620845,https://www.ulta.com/p/multi-use-blush-bronze-highlight-cream-palette-pimprod2043657,,2620845,2620845,2620845
786,https://www.ulta.com/p/cheek-freak-blush-balm-pimprod2034815?sku=2599827,https://www.ulta.com/p/cheek-freak-blush-balm-pimprod2034815,,2599827,2599827,2599827
787,https://www.ulta.com/p/primer-infused-blush-pimprod2003079?sku=2538875,https://www.ulta.com/p/primer-infused-blush-pimprod2003079,2538875,2538875,2538875,2538875
788,https://www.ulta.com/p/intense-matte-lip-cheek-pencil-xlsImpprod15581011?sku=2508147,https://www.ulta.com/p/intense-matte-lip-cheek-pencil-xlsImpprod15581011,2508147,2508147,2508147,2508147
789,https://www.ulta.com/p/soft-natural-nudes-3-piece-mini-kit-pimprod2034341?sku=2599713,https://www.ulta.com/p/soft-natural-nudes-3-piece-mini-kit-pimprod2034341,,2599713,2599713,2599713
79,https://www.ulta.com/p/good-apple-skin-perfecting-hydrating-foundation-balm-pimprod2022990?sku=2577085,https://www.ulta.com/p/good-apple-skin-perfecting-hydrating-foundation-balm-pimprod2022990,2577085,2577085,2577085,2577085
790,https://www.ulta.com/p/cheek-fluff-soft-blur-cream-blush-pimprod2040539?sku=2611505,https://www.ulta.com/p/cheek-fluff-soft-blur-cream-blush-pimprod2040539,,2611505,2611505,2611505
791,https://www.ulta.com/p/100-natural-all-aglow-lip-cheek-stick-xlsImpprod19031007?sku=2537402,https://www.ulta.com/p/100-natural-all-aglow-lip-cheek-stick-xlsImpprod19031007,,2537402,2537402,2537402
792,https://www.ulta.com/p/blush-crush-pimprod2045837?sku=2625486,https://www.ulta.com/p/blush-crush-pimprod2045837,,2625486,2625486,2625486
793,https://www.ulta.com/p/ambient-strobe-lighting-blush-pimprod2020451?sku=2575861,https://www.ulta.com/p/ambient-strobe-lighting-blush-pimprod2020451,,2575861,2575861,2575861
794,https://www.ulta.com/p/gel-crush-lip-cheek-pimprod2018369?sku=2597110,https://www.ulta.com/p/gel-crush-lip-cheek-pimprod2018369,,2597110,2597110,2597110
795,https://www.ulta.com/p/butter-glow-bronzer-blush-healthy-glow-pimprod2043762?sku=2620546,https://www.ulta.com/p/butter-glow-bronzer-blush-healthy-glow-pimprod2043762,2620546,2620546,2620546,2620546
796,https://www.ulta.com/p/cream-powder-blurring-blush-stick-pimprod2045569?sku=2623456,https://www.ulta.com/p/cream-powder-blurring-blush-stick-pimprod2045569,,2623456,2623456,2623456
797,https://www.ulta.com/p/perk-up-cheek-lip-color-pimprod2026623?sku=2585069,https://www.ulta.com/p/perk-up-cheek-lip-color-pimprod2026623,2585069,2585069,2585069,2585069
798,https://www.ulta.com/p/creme-cheek-blush-pimprod2015107?sku=2587752,https://www.ulta.com/p/creme-cheek-blush-pimprod2015107,,2587752,2587752,2587752
799,https://www.ulta.com/p/cheeky-pop-blush-stick-pimprod2040233?sku=2613108,https://www.ulta.com/p/cheeky-pop-blush-stick-pimprod2040233,,2613108,2613108,2613108
8,https://www.ulta.com/p/futurist-skin-tint-serum-foundation-spf-20-pimprod2041704?sku=2612458,https://www.ulta.com/p/futurist-skin-tint-serum-foundation-spf-20-pimprod2041704,2612458,2612458,2612458,2612458
80,https://www.ulta.com/p/shape-tape-cloud-cc-cream-broad-spectrum-spf-15-sunscreen-pimprod2030161?sku=2590218,https://www.ulta.com/p/shape-tape-cloud-cc-cream-broad-spectrum-spf-15-sunscreen-pimprod2030161,,2590218,2590218,2590218
800,https://www.ulta.com/p/nudies-matte-lux-all-over-face-blush-color-pimprod2034191?sku=2598338,https://www.ulta.com/p/nudies-matte-lux-all-over-face-blush-color-pimprod2034191,2598338,2598338,2598338,2598338
801,https://www.ulta.com/p/powder-blush-pimprod2007329?sku=2501393,https://www.ulta.com/p/powder-blush-pimprod2007329,2501393,2501393,2501393,2501393
802,https://www.ulta.com/p/silky-tint-creamy-multitasking-stick-pimprod2044097?sku=2620460,https://www.ulta.com/p/silky-tint-creamy-multitasking-stick-pimprod2044097,2620460,2620460,2620460,2620460
803,https://www.ulta.com/p/maneater-satin-blush-cheek-plump-pimprod2042810?sku=2617931,https://www.ulta.com/p/maneater-satin-blush-cheek-plump-pimprod2042810,,2617931,2617931,2617931
804,https://www.ulta.com/p/baby-got-blush-liquid-blush-pimprod2045811?sku=2625489,https://www.ulta.com/p/baby-got-blush-liquid-blush-pimprod2045811,,2625489,2625489,2625489
805,https://www.ulta.com/p/rose-cheek-duo-cream-blush-highlighter-pimprod2037999?sku=2608438,https://www.ulta.com/p/rose-cheek-duo-cream-blush-highlighter-pimprod2037999,2608438,2608438,2608438,2608438
806,https://www.ulta.com/p/supercharged-cheek-lip-multistick-pimprod2021340?sku=2574037,https://www.ulta.com/p/supercharged-cheek-lip-multistick-pimprod2021340,2574037,2574037,2574037,2574037
808,https://www.ulta.com/p/tinted-moisturizer-cream-blush-pimprod2032233?sku=2594667,https://www.ulta.com/p/tinted-moisturizer-cream-blush-pimprod2032233,2594667,2594667,2594667,2594667
81,https://www.ulta.com/p/redness-solutions-makeup-broad-spectrum-spf-15-with-probiotic-technology-foundation-xlsImpprod10791925?sku=2567629,https://www.ulta.com/p/redness-solutions-makeup-broad-spectrum-spf-15-with-probiotic-technology-foundation-xlsImpprod10791925,2567629,2567629,2567629,2567629
810,https://www.ulta.com/p/unconditional-mini-mix-face-palette-pimprod2042795?sku=2620023,https://www.ulta.com/p/unconditional-mini-mix-face-palette-pimprod2042795,,2620023,2620023,2620023
811,https://www.ulta.com/p/bright-light-blush-drops-pimprod2045404?sku=2625731,https://www.ulta.com/p/bright-light-blush-drops-pimprod2045404,2625731,2625731,2625731,2625731
813,https://www.ulta.com/p/blush-bomb-color-drops-xlsImpprod18981023?sku=2533034,https://www.ulta.com/p/blush-bomb-color-drops-xlsImpprod18981023,,2533034,2533034,2533034
814,https://www.ulta.com/p/hydromaniac-dewy-liquid-blush-pimprod2039520?sku=2609225,https://www.ulta.com/p/hydromaniac-dewy-liquid-blush-pimprod2039520,2609225,2609225,2609225,2609225
815,https://www.ulta.com/p/water-blush-pimprod2026608?sku=2593140,https://www.ulta.com/p/water-blush-pimprod2026608,,2593140,2593140,2593140
816,https://www.ulta.com/p/dandelion-twinkle-soft-nude-pink-powder-highlighter-xlsImpprod15771001?sku=2595644,https://www.ulta.com/p/dandelion-twinkle-soft-nude-pink-powder-highlighter-xlsImpprod15771001,2595644,2595644,2595644,2595644
817,https://www.ulta.com/p/luminous-putty-blush-pimprod2033325?sku=2601104,https://www.ulta.com/p/luminous-putty-blush-pimprod2033325,2601104,2601104,2601104,2601104
818,https://www.ulta.com/p/glow-time-blush-stick-pimprod2024399?sku=2583449,https://www.ulta.com/p/glow-time-blush-stick-pimprod2024399,,2583449,2583449,2583449
819,https://www.ulta.com/p/blush-beam-cream-blush-pimprod2037114?sku=2603445,https://www.ulta.com/p/blush-beam-cream-blush-pimprod2037114,,2603445,2603445,2603445
82,https://www.ulta.com/p/skin-twin-featherweight-foundation-pimprod2038184?sku=2606483,https://www.ulta.com/p/skin-twin-featherweight-foundation-pimprod2038184,2606483,2606483,2606483,2606483
820,https://www.ulta.com/p/wonder-stick-cream-blush-contour-stick-pimprod2032504?sku=2595212,https://www.ulta.com/p/wonder-stick-cream-blush-contour-stick-pimprod2032504,2595212,2595212,2595212,2595212
821,https://www.ulta.com/p/color-source-buildable-blush-xlsImpprod13521181?sku=2296926,https://www.ulta.com/p/color-source-buildable-blush-xlsImpprod13521181,,2296926,2296926,2296926
822,https://www.ulta.com/p/super-blush-pimprod2015177?sku=2596550,https://www.ulta.com/p/super-blush-pimprod2015177,,2596550,2596550,2596550
823,https://www.ulta.com/p/blush-bomb-cream-blusher-pimprod2037675?sku=2607064,https://www.ulta.com/p/blush-bomb-cream-blusher-pimprod2037675,2607064,2607064,2607064,2607064
824,https://www.ulta.com/p/cheek-kiss-liquid-blush-pimprod2012890?sku=2557340,https://www.ulta.com/p/cheek-kiss-liquid-blush-pimprod2012890,2557340,2557340,2557340,2557340
825,https://www.ulta.com/p/sweet-cheeks-creamy-powder-blush-matte-pimprod2007000?sku=2559859,https://www.ulta.com/p/sweet-cheeks-creamy-powder-blush-matte-pimprod2007000,,2559859,2559859,2559859
826,https://www.ulta.com/p/just-blushing-powder-xlsImpprod15711055?sku=2505272,https://www.ulta.com/p/just-blushing-powder-xlsImpprod15711055,2505272,2505272,2505272,2505272
827,https://www.ulta.com/p/go-flush-yourself-blush-highlight-face-palette-pimprod2040913?sku=2615144,https://www.ulta.com/p/go-flush-yourself-blush-highlight-face-palette-pimprod2040913,,2615144,2615144,2615144
829,https://www.ulta.com/p/pretty-blush-3-piece-mini-kit-pimprod2037930?sku=2605948,https://www.ulta.com/p/pretty-blush-3-piece-mini-kit-pimprod2037930,,2605948,2605948,2605948
83,https://www.ulta.com/p/halo-healthy-glow-tinted-moisturizer-broad-spectrum-spf-25-pimprod2016307?sku=2568499,https://www.ulta.com/p/halo-healthy-glow-tinted-moisturizer-broad-spectrum-spf-25-pimprod2016307,2568499,2568499,2568499,2568499
830,https://www.ulta.com/p/strawberry-jam-blush-pimprod2031234?sku=2594989,https://www.ulta.com/p/strawberry-jam-blush-pimprod2031234,2594989,2594989,2594989,2594989
831,https://www.ulta.com/p/blush-with-vitamin-e-xlsImpprod16781006?sku=2518244,https://www.ulta.com/p/blush-with-vitamin-e-xlsImpprod16781006,,2518244,2518244,2518244
832,https://www.ulta.com/p/my-dream-cheek-trio-cream-blush-glow-cream-base-glow-powder-highlighter-pimprod2037975?sku=2606185,https://www.ulta.com/p/my-dream-cheek-trio-cream-blush-glow-cream-base-glow-powder-highlighter-pimprod2037975,2606185,2606185,2606185,2606185
833,https://www.ulta.com/p/blusher-reloaded-pimprod2007946?sku=2547124,https://www.ulta.com/p/blusher-reloaded-pimprod2007946,,2547124,2547124,2547124
834,https://www.ulta.com/p/sweet-sunny-cheeks-2-piece-nudies-kit-pimprod2037933?sku=2605949,https://www.ulta.com/p/sweet-sunny-cheeks-2-piece-nudies-kit-pimprod2037933,,2605949,2605949,2605949
835,https://www.ulta.com/p/just-a-flush-cheek-palette-pimprod2030930?sku=2592765,https://www.ulta.com/p/just-a-flush-cheek-palette-pimprod2030930,2592765,2592765,2592765,2592765
836,https://www.ulta.com/p/gel-color-lip-cheek-balm-xlsImpprod15581009?sku=2508135,https://www.ulta.com/p/gel-color-lip-cheek-balm-xlsImpprod15581009,2508135,2508135,2508135,2508135
837,https://www.ulta.com/p/roseglow-blush-color-infusion-pimprod2033333?sku=2599543,https://www.ulta.com/p/roseglow-blush-color-infusion-pimprod2033333,,2599543,2599543,2599543
839,https://www.ulta.com/p/silk-glow-duo-blush-highlight-gel-powders-pimprod2031614?sku=2594948,https://www.ulta.com/p/silk-glow-duo-blush-highlight-gel-powders-pimprod2031614,,2594948,2594948,2594948
84,https://www.ulta.com/p/lightform-extended-hydration-foundation-pimprod2043869?sku=2621364,https://www.ulta.com/p/lightform-extended-hydration-foundation-pimprod2043869,,2621364,2621364,2621364
840,https://www.ulta.com/p/cheek-kiss-cream-blush-trio-pimprod2030332?sku=2590469,https://www.ulta.com/p/cheek-kiss-cream-blush-trio-pimprod2030332,,2590469,2590469,2590469
841,https://www.ulta.com/p/baby-nude-skin-2-pc-nudies-kit-pimprod2018302?sku=2568578,https://www.ulta.com/p/baby-nude-skin-2-pc-nudies-kit-pimprod2018302,,2568578,2568578,2568578
842,https://www.ulta.com/p/halo-sheer-stay-cream-cheek-lip-tint-pimprod2034113?sku=2598375,https://www.ulta.com/p/halo-sheer-stay-cream-cheek-lip-tint-pimprod2034113,2598375,2598375,2598375,2598375
843,https://www.ulta.com/p/ultralight-liquid-blush-pimprod2043495?sku=2617300,https://www.ulta.com/p/ultralight-liquid-blush-pimprod2043495,,2617300,2617300,2617300
844,https://www.ulta.com/p/playdate-glow-multi-use-cheek-lip-pimprod2043062?sku=2619244,https://www.ulta.com/p/playdate-glow-multi-use-cheek-lip-pimprod2043062,,2619244,2619244,2619244
845,https://www.ulta.com/p/huestick-multistick-pimprod2028590?sku=2588688,https://www.ulta.com/p/huestick-multistick-pimprod2028590,2588688,2588688,2588688,2588688
846,https://www.ulta.com/p/love-struck-blusher-bronzer-xlsImpprod13361015?sku=2296116,https://www.ulta.com/p/love-struck-blusher-bronzer-xlsImpprod13361015,,2296116,2296116,2296116
847,https://www.ulta.com/p/sheer-blush-natural-cream-blusher-pimprod2015251?sku=2563077,https://www.ulta.com/p/sheer-blush-natural-cream-blusher-pimprod2015251,,2563077,2563077,2563077
848,https://www.ulta.com/p/blush-mallow-soft-blusher-pimprod2014270?sku=2564789,https://www.ulta.com/p/blush-mallow-soft-blusher-pimprod2014270,,2564789,2564789,2564789
849,https://www.ulta.com/p/cheeky-rose-cream-blush-pimprod2022397?sku=2578873,https://www.ulta.com/p/cheeky-rose-cream-blush-pimprod2022397,2578873,2578873,2578873,2578873
85,https://www.ulta.com/p/vitalumiere-aqua-ultra-light-skin-perfecting-sunscreen-makeup-broad-spectrum-spf-15-pimprod2030103?sku=2528581,https://www.ulta.com/p/vitalumiere-aqua-ultra-light-skin-perfecting-sunscreen-makeup-broad-spectrum-spf-15-pimprod2030103,2528581,2528581,2528581,2528581
850,https://www.ulta.com/p/2-in-1-piece-of-cake-blush-highlighter-pimprod2044033?sku=2619754,https://www.ulta.com/p/2-in-1-piece-of-cake-blush-highlighter-pimprod2044033,,2619754,2619754,2619754
851,https://www.ulta.com/p/maneater-silk-stick-blush-pimprod2039629?sku=2610303,https://www.ulta.com/p/maneater-silk-stick-blush-pimprod2039629,2610303,2610303,2610303,2610303
852,https://www.ulta.com/p/beetroot-cheek-lip-tint-pimprod2029283?sku=2588787,https://www.ulta.com/p/beetroot-cheek-lip-tint-pimprod2029283,,2588787,2588787,2588787
853,https://www.ulta.com/p/9021-glow-eye-cheek-palette-pimprod2009538?sku=2555892,https://www.ulta.com/p/9021-glow-eye-cheek-palette-pimprod2009538,,2555892,2555892,2555892
854,https://www.ulta.com/p/born-blush-4-in-1-cheek-palette-pimprod2030225?sku=2592764,https://www.ulta.com/p/born-blush-4-in-1-cheek-palette-pimprod2030225,2592764,2592764,2592764,2592764
856,https://www.ulta.com/p/cheek-lip-cream-pimprod2037802?sku=2608379,https://www.ulta.com/p/cheek-lip-cream-pimprod2037802,,2608379,2608379,2608379
857,https://www.ulta.com/p/matte-monoi-butter-blush-pimprod2031369?sku=2592825,https://www.ulta.com/p/matte-monoi-butter-blush-pimprod2031369,,2592825,2592825,2592825
858,https://www.ulta.com/p/pyramid-pigments-cheek-color-pimprod2013700?sku=2565022,https://www.ulta.com/p/pyramid-pigments-cheek-color-pimprod2013700,,2565022,2565022,2565022
859,https://www.ulta.com/p/complete-harmony-lip-cheek-stick-pimprod2014242?sku=2563327,https://www.ulta.com/p/complete-harmony-lip-cheek-stick-pimprod2014242,,2563327,2563327,2563327
86,https://www.ulta.com/p/double-wear-sheer-long-wear-foundation-spf-19-pimprod2027234?sku=2586158,https://www.ulta.com/p/double-wear-sheer-long-wear-foundation-spf-19-pimprod2027234,,2586158,2586158,2586158
860,https://www.ulta.com/p/blushful-mini-mix-face-palette-pimprod2042791?sku=2620020,https://www.ulta.com/p/blushful-mini-mix-face-palette-pimprod2042791,,2620020,2620020,2620020
861,https://www.ulta.com/p/sheer-cheek-gel-pimprod2027378?sku=2583892,https://www.ulta.com/p/sheer-cheek-gel-pimprod2027378,2583892,2583892,2583892,2583892
862,https://www.ulta.com/p/skin-perfecting-powder-blushing-act-matte-blush-pimprod2012166?sku=2560675,https://www.ulta.com/p/skin-perfecting-powder-blushing-act-matte-blush-pimprod2012166,2560675,2560675,2560675,2560675
863,https://www.ulta.com/p/dream-land-makeup-starter-set-pimprod2042199?sku=2616526,https://www.ulta.com/p/dream-land-makeup-starter-set-pimprod2042199,,2616526,2616526,2616526
864,https://www.ulta.com/p/carrot-colour-pot-pimprod2029284?sku=2588778,https://www.ulta.com/p/carrot-colour-pot-pimprod2029284,,2588778,2588778,2588778
865,https://www.ulta.com/p/clean-fresh-all-over-dewy-tint-pimprod2033619?sku=2597351,https://www.ulta.com/p/clean-fresh-all-over-dewy-tint-pimprod2033619,2597351,2597351,2597351,2597351
866,https://www.ulta.com/p/roseglow-highlighting-powder-pimprod2026325?sku=2584989,https://www.ulta.com/p/roseglow-highlighting-powder-pimprod2026325,,2584989,2584989,2584989
867,https://www.ulta.com/p/electric-glow-colour-changing-lip-cheek-oil-pimprod2040239?sku=2611070,https://www.ulta.com/p/electric-glow-colour-changing-lip-cheek-oil-pimprod2040239,2611070,2611070,2611070,2611070
868,https://www.ulta.com/p/whimsicali-eye-cheek-palette-pimprod2025075?sku=2584994,https://www.ulta.com/p/whimsicali-eye-cheek-palette-pimprod2025075,,2584994,2584994,2584994
869,https://www.ulta.com/p/vintage-lace-blush-palette-pimprod2007465?sku=2547121,https://www.ulta.com/p/vintage-lace-blush-palette-pimprod2007465,2547121,2547121,2547121,2547121
87,https://www.ulta.com/p/amazonian-clay-blurring-powder-foundation-pimprod2036934?sku=2604703,https://www.ulta.com/p/amazonian-clay-blurring-powder-foundation-pimprod2036934,2604703,2604703,2604703,2604703
870,https://www.ulta.com/p/no-makeup-blush-pimprod2004408?sku=2541775,https://www.ulta.com/p/no-makeup-blush-pimprod2004408,,2541775,2541775,2541775
871,https://www.ulta.com/p/butter-believe-it-blush-pimprod2034051?sku=2592826,https://www.ulta.com/p/butter-believe-it-blush-pimprod2034051,2592826,2592826,2592826,2592826
872,https://www.ulta.com/p/trublend-so-flushed-high-pigment-blush-pimprod2016942?sku=2566086,https://www.ulta.com/p/trublend-so-flushed-high-pigment-blush-pimprod2016942,2566086,2566086,2566086,2566086
873,https://www.ulta.com/p/cacticali-make-up-starter-set-pimprod2044442?sku=2623911,https://www.ulta.com/p/cacticali-make-up-starter-set-pimprod2044442,,2623911,2623911,2623911
874,https://www.ulta.com/p/puff-paint-liquid-blush-pimprod2038007?sku=2606193,https://www.ulta.com/p/puff-paint-liquid-blush-pimprod2038007,,2606193,2606193,2606193
875,https://www.ulta.com/p/good-go-mini-mix-face-palette-pimprod2042794?sku=2620022,https://www.ulta.com/p/good-go-mini-mix-face-palette-pimprod2042794,,2620022,2620022,2620022
876,https://www.ulta.com/p/illuminance-gel-serum-blush-pimprod2042615?sku=2618905,https://www.ulta.com/p/illuminance-gel-serum-blush-pimprod2042615,2618905,2618905,2618905,2618905
877,https://www.ulta.com/p/multi-use-lip-cheek-cream-palette-pimprod2038210?sku=2608766,https://www.ulta.com/p/multi-use-lip-cheek-cream-palette-pimprod2038210,,2608766,2608766,2608766
878,https://www.ulta.com/p/pink-blush-nude-bronze-2-piece-mini-kit-pimprod2038762?sku=2609683,https://www.ulta.com/p/pink-blush-nude-bronze-2-piece-mini-kit-pimprod2038762,,2609683,2609683,2609683
879,https://www.ulta.com/p/fluffy-blushy-pimprod2030677?sku=2591366,https://www.ulta.com/p/fluffy-blushy-pimprod2030677,2591366,2591366,2591366,2591366
88,https://www.ulta.com/p/camo-hydrating-cc-cream-spf-30-pimprod2041765?sku=2617546,https://www.ulta.com/p/camo-hydrating-cc-cream-spf-30-pimprod2041765,,2617546,2617546,2617546
881,https://www.ulta.com/p/pure-color-envy-sculpting-blush-refill-pimprod2031074?sku=2593752,https://www.ulta.com/p/pure-color-envy-sculpting-blush-refill-pimprod2031074,,2593752,2593752,2593752
882,https://www.ulta.com/p/playdate-multi-use-cheek-lip-color-pimprod2043064?sku=2619236,https://www.ulta.com/p/playdate-multi-use-cheek-lip-color-pimprod2043064,2619236,2619236,2619236,2619236
883,https://www.ulta.com/p/lip-cheek-cream-palette-pimprod2023501?sku=2580766,https://www.ulta.com/p/lip-cheek-cream-palette-pimprod2023501,,2580766,2580766,2580766
884,https://www.ulta.com/p/mega-cremes-4-in-1-color-cream-pimprod2037561?sku=2604018,https://www.ulta.com/p/mega-cremes-4-in-1-color-cream-pimprod2037561,2604018,2604018,2604018,2604018
885,https://www.ulta.com/p/flushed-blush-pimprod2046556?sku=2617180,https://www.ulta.com/p/flushed-blush-pimprod2046556,,2617180,2617180,2617180
886,https://www.ulta.com/p/megaglo-makeup-stick-blush-xlsImpprod16731045?sku=2518208,https://www.ulta.com/p/megaglo-makeup-stick-blush-xlsImpprod16731045,,2518208,2518208,2518208
887,https://www.ulta.com/p/bienvenidos-a-miami-mini-mix-face-palette-pimprod2042796?sku=2620024,https://www.ulta.com/p/bienvenidos-a-miami-mini-mix-face-palette-pimprod2042796,,2620024,2620024,2620024
888,https://www.ulta.com/p/megaglo-blushlighter-pimprod2013408?sku=2559287,https://www.ulta.com/p/megaglo-blushlighter-pimprod2013408,,2559287,2559287,2559287
889,https://www.ulta.com/p/sculpt-glow-baked-face-palette-pimprod2046620?sku=2617768,https://www.ulta.com/p/sculpt-glow-baked-face-palette-pimprod2046620,,2617768,2617768,2617768
89,https://www.ulta.com/p/pretty-fresh-hyaluronic-hydrating-foundation-pimprod2016944?sku=2566879,https://www.ulta.com/p/pretty-fresh-hyaluronic-hydrating-foundation-pimprod2016944,,2566879,2566879,2566879
890,https://www.ulta.com/p/soft-matte-cream-blush-pimprod2030849?sku=2592097,https://www.ulta.com/p/soft-matte-cream-blush-pimprod2030849,2592097,2592097,2592097,2592097
891,https://www.ulta.com/p/so-mesmerizing-blush-stick-pimprod2045418?sku=2625086,https://www.ulta.com/p/so-mesmerizing-blush-stick-pimprod2045418,,2625086,2625086,2625086
892,https://www.ulta.com/p/mood-glow-color-shifting-ph-blush-balm-pimprod2040357?sku=2611591,https://www.ulta.com/p/mood-glow-color-shifting-ph-blush-balm-pimprod2040357,2611591,2611591,2611591,2611591
893,https://www.ulta.com/p/velvet-contour-stick-blush-pimprod2040099?sku=2614395,https://www.ulta.com/p/velvet-contour-stick-blush-pimprod2040099,,2614395,2614395,2614395
894,https://www.ulta.com/p/two-reasons-blush-duo-pimprod2042265?sku=2616732,https://www.ulta.com/p/two-reasons-blush-duo-pimprod2042265,,2616732,2616732,2616732
897,https://www.ulta.com/p/megaglo-makeup-stick-pimprod2043772?sku=2620918,https://www.ulta.com/p/megaglo-makeup-stick-pimprod2043772,,2620918,2620918,2620918
898,https://www.ulta.com/p/9021-glow-cheek-highlighter-duo-pimprod2009530?sku=2555734,https://www.ulta.com/p/9021-glow-cheek-highlighter-duo-pimprod2009530,,2555734,2555734,2555734
899,https://www.ulta.com/p/mvp-most-versatile-pigment-multifunction-lip-cheek-color-pimprod2044284?sku=2622299,https://www.ulta.com/p/mvp-most-versatile-pigment-multifunction-lip-cheek-color-pimprod2044284,,2622299,2622299,2622299
9,https://www.ulta.com/p/complexion-rescue-tinted-moisturizer-mineral-spf-30-xlsImpprod11771035?sku=2283391,https://www.ulta.com/p/complexion-rescue-tinted-moisturizer-mineral-spf-30-xlsImpprod11771035,2283391,2283391,2283391,2283391
900,https://www.ulta.com/p/beau-phoria-gaze-amaze-12-color-eye-face-palette-pimprod2042425?sku=2615865,https://www.ulta.com/p/beau-phoria-gaze-amaze-12-color-eye-face-palette-pimprod2042425,,2615865,2615865,2615865
901,https://www.ulta.com/p/flamingo-flush-blush-duo-pimprod2043187?sku=2615423,https://www.ulta.com/p/flamingo-flush-blush-duo-pimprod2043187,,2615423,2615423,2615423
902,https://www.ulta.com/p/everlasting-refillable-blush-pimprod2021341?sku=2571837,https://www.ulta.com/p/everlasting-refillable-blush-pimprod2021341,,2571837,2571837,2571837
907,https://www.ulta.com/p/rice-powder-blush-duo-pimprod2029276?sku=2588777,https://www.ulta.com/p/rice-powder-blush-duo-pimprod2029276,,2588777,2588777,2588777
909,https://www.ulta.com/p/modcon-liquid-gel-blush-pimprod2024822?sku=2580294,https://www.ulta.com/p/modcon-liquid-gel-blush-pimprod2024822,2580294,2580294,2580294,2580294
91,https://www.ulta.com/p/travel-size-face-tape-full-coverage-foundation-pimprod2012651?sku=2557013,https://www.ulta.com/p/travel-size-face-tape-full-coverage-foundation-pimprod2012651,2557013,2557013,2557013,2557013
910,https://www.ulta.com/p/cheek-dew-hydrating-serum-blush-pimprod2027226?sku=2592762,https://www.ulta.com/p/cheek-dew-hydrating-serum-blush-pimprod2027226,2592762,2592762,2592762,2592762
911,https://www.ulta.com/p/trifecta-metallica-lip-eye-cheek-stick-pimprod2016439?sku=2575756,https://www.ulta.com/p/trifecta-metallica-lip-eye-cheek-stick-pimprod2016439,,2575756,2575756,2575756
912,https://www.ulta.com/p/blush-trio-pimprod2046603?sku=2620169,https://www.ulta.com/p/blush-trio-pimprod2046603,,2620169,2620169,2620169
914,https://www.ulta.com/p/effervescence-extra-dimension-face-compact-pimprod2036325?sku=2601094,https://www.ulta.com/p/effervescence-extra-dimension-face-compact-pimprod2036325,2601094,2601094,2601094,2601094
915,https://www.ulta.com/p/double-take-skin-perfection-blush-duo-pimprod2038816?sku=2600950,https://www.ulta.com/p/double-take-skin-perfection-blush-duo-pimprod2038816,2600950,2600950,2600950,2600950
917,https://www.ulta.com/p/buttermelt-pressed-powder-natural-finish-bronzer-pimprod2044366?sku=2623793,https://www.ulta.com/p/buttermelt-pressed-powder-natural-finish-bronzer-pimprod2044366,2623793,2623793,2623793,2623793
918,https://www.ulta.com/p/hoola-matte-powder-bronzer-mini-xlsImpprod13741145?sku=2595641,https://www.ulta.com/p/hoola-matte-powder-bronzer-mini-xlsImpprod13741145,2595641,2595641,2595641,2595641
919,https://www.ulta.com/p/hoola-matte-powder-bronzer-xlsImpprod820346?sku=2595640,https://www.ulta.com/p/hoola-matte-powder-bronzer-xlsImpprod820346,2595640,2595640,2595640,2595640
92,https://www.ulta.com/p/super-stay-full-coverage-foundation-xlsImpprod17161541?sku=2519481,https://www.ulta.com/p/super-stay-full-coverage-foundation-xlsImpprod17161541,2519481,2519481,2519481,2519481
920,https://www.ulta.com/p/all-over-face-color-loose-bronzer-xlsImpprod1230020?sku=2207054,https://www.ulta.com/p/all-over-face-color-loose-bronzer-xlsImpprod1230020,2207054,2207054,2207054,2207054
921,https://www.ulta.com/p/bronzed-duo-pimprod2025279?sku=2583490,https://www.ulta.com/p/bronzed-duo-pimprod2025279,,2583490,2583490,2583490
922,https://www.ulta.com/p/chocolate-soleil-matte-bronzer-xlsImpprod18031041?sku=2526288,https://www.ulta.com/p/chocolate-soleil-matte-bronzer-xlsImpprod18031041,,2526288,2526288,2526288
923,https://www.ulta.com/p/airbrush-matte-bronzer-pimprod2043364?sku=2619611,https://www.ulta.com/p/airbrush-matte-bronzer-pimprod2043364,2619611,2619611,2619611,2619611
924,https://www.ulta.com/p/chocolate-soleil-melting-bronzing-sculpting-stick-pimprod2044529?sku=2622397,https://www.ulta.com/p/chocolate-soleil-melting-bronzing-sculpting-stick-pimprod2044529,2622397,2622397,2622397,2622397
925,https://www.ulta.com/p/laguna-bronzer-powder-talc-free-pimprod2038440?sku=2608918,https://www.ulta.com/p/laguna-bronzer-powder-talc-free-pimprod2038440,,2608918,2608918,2608918
926,https://www.ulta.com/p/butter-bronzer-murumuru-butter-bronzer-xlsImpprod13621011?sku=2294340,https://www.ulta.com/p/butter-bronzer-murumuru-butter-bronzer-xlsImpprod13621011,2294340,2294340,2294340,2294340
927,https://www.ulta.com/p/sun-stalkr-instant-warmth-bronzer-pimprod2031407?sku=2592467,https://www.ulta.com/p/sun-stalkr-instant-warmth-bronzer-pimprod2031407,2592467,2592467,2592467,2592467
928,https://www.ulta.com/p/gen-nude-blonzer-blush-bronzer-pimprod2031864?sku=2594966,https://www.ulta.com/p/gen-nude-blonzer-blush-bronzer-pimprod2031864,2594966,2594966,2594966,2594966
929,https://www.ulta.com/p/on-glow-bronze-tinted-moisture-stick-pimprod2037218?sku=2604780,https://www.ulta.com/p/on-glow-bronze-tinted-moisture-stick-pimprod2037218,2604780,2604780,2604780,2604780
93,https://www.ulta.com/p/double-wear-stay-in-place-matte-powder-foundation-refill-pimprod2031253?sku=2593713,https://www.ulta.com/p/double-wear-stay-in-place-matte-powder-foundation-refill-pimprod2031253,,2593713,2593713,2593713
930,https://www.ulta.com/p/les-beiges-healthy-glow-bronzing-cream-pimprod2030015?sku=2570348,https://www.ulta.com/p/les-beiges-healthy-glow-bronzing-cream-pimprod2030015,2570348,2570348,2570348,2570348
931,https://www.ulta.com/p/beautiful-skin-sun-kissed-glow-cream-bronzer-pimprod2043366?sku=2619295,https://www.ulta.com/p/beautiful-skin-sun-kissed-glow-cream-bronzer-pimprod2043366,2619295,2619295,2619295,2619295
932,https://www.ulta.com/p/cheek-kiss-cream-bronzer-pimprod2042898?sku=2617876,https://www.ulta.com/p/cheek-kiss-cream-bronzer-pimprod2042898,2617876,2617876,2617876,2617876
933,https://www.ulta.com/p/key-largo-glow-drops-pimprod2042767?sku=2618997,https://www.ulta.com/p/key-largo-glow-drops-pimprod2042767,2618997,2618997,2618997,2618997
934,https://www.ulta.com/p/sun-bunny-natural-bronzer-xlsImpprod18031043?sku=2526210,https://www.ulta.com/p/sun-bunny-natural-bronzer-xlsImpprod18031043,2526210,2526210,2526210,2526210
935,https://www.ulta.com/p/your-most-beautiful-you-anti-aging-face-palette-xlsImpprod5770281?sku=2264091,https://www.ulta.com/p/your-most-beautiful-you-anti-aging-face-palette-xlsImpprod5770281,2264091,2264091,2264091,2264091
936,https://www.ulta.com/p/mini-filmstar-bronze-glow-pimprod2043322?sku=2619620,https://www.ulta.com/p/mini-filmstar-bronze-glow-pimprod2043322,2619620,2619620,2619620,2619620
937,https://www.ulta.com/p/sun-kissed-face-gelee-complexion-multitasker-bronzer-xlsImpprod14171047?sku=2303839,https://www.ulta.com/p/sun-kissed-face-gelee-complexion-multitasker-bronzer-xlsImpprod14171047,2303839,2303839,2303839,2303839
938,https://www.ulta.com/p/amazonian-clay-matte-waterproof-bronzer-xlsImpprod2430061?sku=2500762,https://www.ulta.com/p/amazonian-clay-matte-waterproof-bronzer-xlsImpprod2430061,2500762,2500762,2500762,2500762
939,https://www.ulta.com/p/true-bronze-pressed-powder-bronzer-xlsImpprod10791945?sku=2153824,https://www.ulta.com/p/true-bronze-pressed-powder-bronzer-xlsImpprod10791945,2153824,2153824,2153824,2153824
94,https://www.ulta.com/p/hydromaniac-tinted-moisturizer-pimprod2021082?sku=2567739,https://www.ulta.com/p/hydromaniac-tinted-moisturizer-pimprod2021082,2567739,2567739,2567739,2567739
940,https://www.ulta.com/p/laguna-ultimate-face-palette-pimprod2045430?sku=2624147,https://www.ulta.com/p/laguna-ultimate-face-palette-pimprod2045430,,2624147,2624147,2624147
941,https://www.ulta.com/p/bronze-goddess-powder-bronzer-xlsImpprod14641481?sku=2583108,https://www.ulta.com/p/bronze-goddess-powder-bronzer-xlsImpprod14641481,2583108,2583108,2583108,2583108
942,https://www.ulta.com/p/travel-size-amazonian-clay-waterproof-bronzer-pimprod2009599?sku=2554638,https://www.ulta.com/p/travel-size-amazonian-clay-waterproof-bronzer-pimprod2009599,,2554638,2554638,2554638
943,https://www.ulta.com/p/chubby-stick-sculpting-contour-xlsImpprod11981013?sku=2282741,https://www.ulta.com/p/chubby-stick-sculpting-contour-xlsImpprod11981013,2282741,2282741,2282741,2282741
944,https://www.ulta.com/p/bronze-glow-drops-with-niacinamide-pimprod2043853?sku=2620682,https://www.ulta.com/p/bronze-glow-drops-with-niacinamide-pimprod2043853,,2620682,2620682,2620682
945,https://www.ulta.com/p/nudies-matte-all-over-face-bronze-color-pimprod2036361?sku=2560756,https://www.ulta.com/p/nudies-matte-all-over-face-bronze-color-pimprod2036361,,2560756,2560756,2560756
946,https://www.ulta.com/p/bronzed-cream-bronzer-pimprod2040361?sku=2614997,https://www.ulta.com/p/bronzed-cream-bronzer-pimprod2040361,,2614997,2614997,2614997
947,https://www.ulta.com/p/ambient-lighting-bronzer-pimprod2020427?sku=2575906,https://www.ulta.com/p/ambient-lighting-bronzer-pimprod2020427,2575906,2575906,2575906,2575906
948,https://www.ulta.com/p/bronze-stix-pimprod2041471?sku=2616836,https://www.ulta.com/p/bronze-stix-pimprod2041471,2616836,2616836,2616836,2616836
949,https://www.ulta.com/p/laguna-bronzing-cream-pimprod2032699?sku=2595858,https://www.ulta.com/p/laguna-bronzing-cream-pimprod2032699,2595858,2595858,2595858,2595858
95,https://www.ulta.com/p/infallible-pro-matte-liquid-longwear-foundation-xlsImpprod11861081?sku=2283483,https://www.ulta.com/p/infallible-pro-matte-liquid-longwear-foundation-xlsImpprod11861081,2283483,2283483,2283483,2283483
950,https://www.ulta.com/p/complexion-rescue-liquid-blonzer-blush-bronzer-pimprod2044820?sku=2623836,https://www.ulta.com/p/complexion-rescue-liquid-blonzer-blush-bronzer-pimprod2044820,2623836,2623836,2623836,2623836
951,https://www.ulta.com/p/bronzer-powder-pimprod2042916?sku=2615774,https://www.ulta.com/p/bronzer-powder-pimprod2042916,2615774,2615774,2615774,2615774
952,https://www.ulta.com/p/bye-bye-pores-bronzer-xlsImpprod18251075?sku=2527643,https://www.ulta.com/p/bye-bye-pores-bronzer-xlsImpprod18251075,2527643,2527643,2527643,2527643
954,https://www.ulta.com/p/amazonian-clay-waterproof-bronzer-xlsImpprod2430059?sku=2220039,https://www.ulta.com/p/amazonian-clay-waterproof-bronzer-xlsImpprod2430059,2220039,2220039,2220039,2220039
955,https://www.ulta.com/p/skinfinish-sunstruck-matte-bronzer-pimprod2038751?sku=2609356,https://www.ulta.com/p/skinfinish-sunstruck-matte-bronzer-pimprod2038751,2609356,2609356,2609356,2609356
956,https://www.ulta.com/p/skinfinish-sunstruck-radiant-bronzer-pimprod2038753?sku=2609362,https://www.ulta.com/p/skinfinish-sunstruck-radiant-bronzer-pimprod2038753,2609362,2609362,2609362,2609362
957,https://www.ulta.com/p/silky-matte-bronzing-powder-pimprod2003044?sku=2539464,https://www.ulta.com/p/silky-matte-bronzing-powder-pimprod2003044,2539464,2539464,2539464,2539464
958,https://www.ulta.com/p/bright-light-bronzing-drops-pimprod2045402?sku=2625727,https://www.ulta.com/p/bright-light-bronzing-drops-pimprod2045402,2625727,2625727,2625727,2625727
959,https://www.ulta.com/p/butter-glow-bronzing-serum-sunkissed-glow-pimprod2043763?sku=2620545,https://www.ulta.com/p/butter-glow-bronzing-serum-sunkissed-glow-pimprod2043763,2620545,2620545,2620545,2620545
96,https://www.ulta.com/p/true-match-super-blendable-foundation-pimprod2034733?sku=2602421,https://www.ulta.com/p/true-match-super-blendable-foundation-pimprod2034733,2602421,2602421,2602421,2602421
960,https://www.ulta.com/p/blush-bronze-hydro-blur-cheek-duo-pimprod2042663?sku=2617460,https://www.ulta.com/p/blush-bronze-hydro-blur-cheek-duo-pimprod2042663,2617460,2617460,2617460,2617460
961,https://www.ulta.com/p/infallible-24h-fresh-wear-soft-matte-bronzer-pimprod2032578?sku=2596611,https://www.ulta.com/p/infallible-24h-fresh-wear-soft-matte-bronzer-pimprod2032578,2596611,2596611,2596611,2596611
962,https://www.ulta.com/p/mini-laguna-bronzer-powder-talc-free-pimprod2038438?sku=2608928,https://www.ulta.com/p/mini-laguna-bronzer-powder-talc-free-pimprod2038438,2608928,2608928,2608928,2608928
963,https://www.ulta.com/p/natural-looking-matte-powder-bronzer-xlsImpprod17841003?sku=2523785,https://www.ulta.com/p/natural-looking-matte-powder-bronzer-xlsImpprod17841003,2523785,2523785,2523785,2523785
964,https://www.ulta.com/p/hot-shot-sun-drops-pimprod2046131?sku=2627543,https://www.ulta.com/p/hot-shot-sun-drops-pimprod2046131,,2627543,2627543,2627543
965,https://www.ulta.com/p/face-palette-all-in-one-bronzer-highlight-blush-pimprod2024358?sku=2576830,https://www.ulta.com/p/face-palette-all-in-one-bronzer-highlight-blush-pimprod2024358,,2576830,2576830,2576830
966,https://www.ulta.com/p/sun-done-smooth-gliding-bronzer-stick-pimprod2043628?sku=2618540,https://www.ulta.com/p/sun-done-smooth-gliding-bronzer-stick-pimprod2043628,2618540,2618540,2618540,2618540
967,https://www.ulta.com/p/dior-forever-natural-bronzer-pimprod2036863?sku=2604293,https://www.ulta.com/p/dior-forever-natural-bronzer-pimprod2036863,2604293,2604293,2604293,2604293
968,https://www.ulta.com/p/all-inclusive-eye-cheek-face-palette-pimprod2030331?sku=2590468,https://www.ulta.com/p/all-inclusive-eye-cheek-face-palette-pimprod2030331,,2590468,2590468,2590468
969,https://www.ulta.com/p/conceal-perfect-sun-kissed-liquid-bronzing-drops-pimprod2045719?sku=2626358,https://www.ulta.com/p/conceal-perfect-sun-kissed-liquid-bronzing-drops-pimprod2045719,,2626358,2626358,2626358
97,https://www.ulta.com/p/vanish-seamless-finish-foundation-stick-pimprod2020481?sku=2575932,https://www.ulta.com/p/vanish-seamless-finish-foundation-stick-pimprod2020481,2575932,2575932,2575932,2575932
970,https://www.ulta.com/p/cheek-squad-cream-face-trio-pimprod2037175?sku=2599123,https://www.ulta.com/p/cheek-squad-cream-face-trio-pimprod2037175,,2599123,2599123,2599123
972,https://www.ulta.com/p/pressed-bronzing-powder-pimprod2026555?sku=2584043,https://www.ulta.com/p/pressed-bronzing-powder-pimprod2026555,2584043,2584043,2584043,2584043
975,https://www.ulta.com/p/chocolate-soleil-natural-chocolate-cocoa-infused-healthy-glow-bronzer-pimprod2031828?sku=2594145,https://www.ulta.com/p/chocolate-soleil-natural-chocolate-cocoa-infused-healthy-glow-bronzer-pimprod2031828,2594145,2594145,2594145,2594145
976,https://www.ulta.com/p/hoola-matte-powder-bronzer-jumbo-pimprod2045528?sku=2624547,https://www.ulta.com/p/hoola-matte-powder-bronzer-jumbo-pimprod2045528,2624547,2624547,2624547,2624547
977,https://www.ulta.com/p/dreamstick-cream-bronzing-multi-stick-pimprod2024656?sku=2584178,https://www.ulta.com/p/dreamstick-cream-bronzing-multi-stick-pimprod2024656,,2584178,2584178,2584178
978,https://www.ulta.com/p/cheeky-rose-liquid-sculpt-pimprod2042630?sku=2618624,https://www.ulta.com/p/cheeky-rose-liquid-sculpt-pimprod2042630,,2618624,2618624,2618624
979,https://www.ulta.com/p/sunny-glow-bronzing-drops-complexion-enhancer-pimprod2043680?sku=2617752,https://www.ulta.com/p/sunny-glow-bronzing-drops-complexion-enhancer-pimprod2043680,2617752,2617752,2617752,2617752
98,https://www.ulta.com/p/futurist-skin-tint-serum-foundation-spf-20-pimprod2041704?sku=2612381,https://www.ulta.com/p/futurist-skin-tint-serum-foundation-spf-20-pimprod2041704,2612381,2612381,2612381,2612381
982,https://www.ulta.com/p/baby-got-bronze-bronzing-stick-pimprod2039207?sku=2610788,https://www.ulta.com/p/baby-got-bronze-bronzing-stick-pimprod2039207,2610788,2610788,2610788,2610788
983,https://www.ulta.com/p/butter-dream-team-palette-pimprod2030858?sku=2593962,https://www.ulta.com/p/butter-dream-team-palette-pimprod2030858,,2593962,2593962,2593962
984,https://www.ulta.com/p/cheeks-out-freestyle-cream-bronzer-pimprod2031378?sku=2592463,https://www.ulta.com/p/cheeks-out-freestyle-cream-bronzer-pimprod2031378,,2592463,2592463,2592463
985,https://www.ulta.com/p/matte-contour-sculpt-cream-bronzer-pimprod2026490?sku=2583192,https://www.ulta.com/p/matte-contour-sculpt-cream-bronzer-pimprod2026490,2583192,2583192,2583192,2583192
986,https://www.ulta.com/p/putty-bronzer-pimprod2025961?sku=2582203,https://www.ulta.com/p/putty-bronzer-pimprod2025961,2582203,2582203,2582203,2582203
987,https://www.ulta.com/p/primer-infused-bronzer-pimprod2003085?sku=2538897,https://www.ulta.com/p/primer-infused-bronzer-pimprod2003085,2538897,2538897,2538897,2538897
988,https://www.ulta.com/p/butter-glow-contour-wand-pimprod2044124?sku=2622620,https://www.ulta.com/p/butter-glow-contour-wand-pimprod2044124,,2622620,2622620,2622620
989,https://www.ulta.com/p/hypernova-satin-matte-bronzer-pimprod2044064?sku=2620471,https://www.ulta.com/p/hypernova-satin-matte-bronzer-pimprod2044064,,2620471,2620471,2620471
99,https://www.ulta.com/p/n1-de-chanel-revitalizing-foundation-pimprod2029950?sku=2605425,https://www.ulta.com/p/n1-de-chanel-revitalizing-foundation-pimprod2029950,2605425,2605425,2605425,2605425
990,https://www.ulta.com/p/multi-use-blush-bronze-highlight-cream-palette-pimprod2043657?sku=2620845,https://www.ulta.com/p/multi-use-blush-bronze-highlight-cream-palette-pimprod2043657,,2620845,2620845,2620845
991,https://www.ulta.com/p/nudies-all-over-face-color-glow-prod16051029?sku=2584257,https://www.ulta.com/p/nudies-all-over-face-color-glow-prod16051029,2584257,2584257,2584257,2584257
992,https://www.ulta.com/p/skin-fetish-divine-bronzer-pimprod2040435?sku=2613920,https://www.ulta.com/p/skin-fetish-divine-bronzer-pimprod2040435,2613920,2613920,2613920,2613920
993,https://www.ulta.com/p/butter-glow-liquid-bronzer-pimprod2037618?sku=2605867,https://www.ulta.com/p/butter-glow-liquid-bronzer-pimprod2037618,2605867,2605867,2605867,2605867
994,https://www.ulta.com/p/ultra-cream-bronzer-pimprod2033550?sku=2597580,https://www.ulta.com/p/ultra-cream-bronzer-pimprod2033550,2597580,2597580,2597580,2597580
995,https://www.ulta.com/p/it-takes-2-bronzer-highlight-duo-pimprod2043056?sku=2619276,https://www.ulta.com/p/it-takes-2-bronzer-highlight-duo-pimprod2043056,,2619276,2619276,2619276
996,https://www.ulta.com/p/oh-my-glow-cream-bronzer-pimprod2025901?sku=2578118,https://www.ulta.com/p/oh-my-glow-cream-bronzer-pimprod2025901,,2578118,2578118,2578118
997,https://www.ulta.com/p/supercharged-bronzer-multistick-pimprod2026828?sku=2581806,https://www.ulta.com/p/supercharged-bronzer-multistick-pimprod2026828,2581806,2581806,2581806,2581806
998,https://www.ulta.com/p/matte-monoi-butter-bronzer-pimprod2021750?sku=2574300,https://www.ulta.com/p/matte-monoi-butter-bronzer-pimprod2021750,2574300,2574300,2574300,2574300
999,https://www.ulta.com/p/bronzer-palette-xlsImpprod14521215?sku=2500443,https://www.ulta.com/p/bronzer-palette-xlsImpprod14521215,2500443,2500443,2500443,2500443
