normalized_comment,number_of_reviews,number_of_products,canonical_product_links
.,4,4,"[""https://www.ulta.com/p/no-filter-loose-setting-powder-pimprod2030981"", ""https://www.ulta.com/p/renergie-lift-makeup-lightweight-liquid-foundation-spf-27-xlsImpprod3650154"", ""https://www.ulta.com/p/skin-color-corrector-stick-pimprod2031590"", ""https://www.ulta.com/p/your-skin-but-better-foundation-skincare-pimprod2017112""]"
"40 spf , invisible finish , color correction oil control. no hard smells. simple cute bottle . smooth easy to apply. no white cast. ive used on my skin with no breakouts so i like would recommend",3,3,"[""https://www.ulta.com/p/bronzing-blendrops-spf-40-priming-drops-pimprod2043859"", ""https://www.ulta.com/p/illuminizing-blendrops-spf-40-priming-drops-pimprod2043861"", ""https://www.ulta.com/p/perfecting-blendrops-spf-40-priming-drops-pimprod2043860""]"
"45 yrs old / dry skin/ redness. (i wish all of the reviewers would contain age and skin/ hair type as i dont want a (example) wrinkle product review from a 20yr old) i absolutely love love love their cc spf cream. its a staple in my routine. i use it between primer and concealer (i dont wear foundation). i have really red cheeks so instead of 2 layers of thick concealer which can be heavy i would use the spf cc cream and 1 layer of concealer (shape tape). it was pefect and looked amazing. well the spf cc in my color had been out of stock for so long and this was on 21 days of beauty. an employee for erborian said this was comparable just more hydating. well why it is hydrating it has zero coverage. the coverage and spf were my reasons for buying the original spf cc cream and since this has neither i wont be buying again. i just have no use for it as i already use a hydating primer. i bought 2 but i will be returning 1. i wont give it a bad review as its not a bad product , its kust not for me.",2,2,"[""https://www.ulta.com/p/cc-water-with-hyaluronic-acid-pimprod2025143"", ""https://www.ulta.com/p/travel-size-cc-water-with-hyaluronic-acid-pimprod2025144""]"
"a beauty consultant once recommended to me to use a primer as a makeup base and to use this product. she was right. since then, i have experimented with a couple of other primers, but this one has reliably been the best. it provides a smooth surface for foundation application, thus providing an even appearance to my skin. it also makes my face feel moisturized, but without feeling or appearing oily on any part of my combination skin. also, it isn't necessary to use a lot, so, given the price, it's consoling that a tube lasts a long time.",2,2,"[""https://www.ulta.com/p/original-photo-finish-smooth-blur-oil-free-primer-xlsImpprod3590041"", ""https://www.ulta.com/p/travel-size-original-photo-finish-smooth-blur-oil-free-primer-pimprod2033047""]"
"a good foundation but not the ""best"" as expected from what i've read. the coverage wasn't as full as i thought it would be. feels extremely lightweight on. this worked really well throughout the whole day even when mousturizer was applied prior to my oily skin - i also used setting powder, though. would recommend but there are better full coverage foundations out there.",2,2,"[""https://www.ulta.com/p/cc-cream-with-spf-50-xlsImpprod5770257"", ""https://www.ulta.com/p/mini-cc-cream-with-spf-50-pimprod2013015""]"
absolute fantastic serum i loved it and already bought. so nice on my skin 😍,2,2,"[""https://www.ulta.com/p/matte-cream-mattifying-blurring-primer-pimprod2044585"", ""https://www.ulta.com/p/travel-size-matte-cream-mattifying-blurring-primer-pimprod2044589""]"
absolutely love jane iredale products! i had given up wearing makeup!,2,2,"[""https://www.ulta.com/p/smooth-affair-facial-primer-brightener-pimprod2004113"", ""https://www.ulta.com/p/smooth-affair-mattifying-face-primer-pimprod2033620""]"
"absolutely love this foundation!! gives me a nice healthy glow, and lasts throughout my 12hr shifts. i am always getting compliments and being asked what foundation i use. does not feel oily, or heavy.",2,2,"[""https://www.ulta.com/p/halo-healthy-glow-tinted-moisturizer-broad-spectrum-spf-25-pimprod2016307"", ""https://www.ulta.com/p/mini-halo-healthy-glow-tinted-moisturizer-broad-spectrum-spf-25-pimprod2033372""]"
absolutely love using this after doing initial makeup cleanse - removes water proof mascara,2,2,"[""https://www.ulta.com/p/lash-clean-oil-free-makeup-remover-pimprod2018008"", ""https://www.ulta.com/p/travel-size-lash-clean-oil-free-makeup-remover-pimprod2018009""]"
absolutely loved this set. it's a bit oily on my skin however it's creamy buildable pigmented but not overly. love the shiny finish it give and the highlighter is so pretty,2,2,"[""https://www.ulta.com/p/megaglo-makeup-stick-conceal-pimprod2012854"", ""https://www.ulta.com/p/megaglo-makeup-stick-contour-xlsImpprod16731047""]"
"absolutely worthless product. the only thing this corrected was $16 from my bank account. thanks for making a face cream, putting green food coloring in, and marketing it as a color corrector. great job smashbox.",2,2,"[""https://www.ulta.com/p/photo-finish-correct-anti-redness-primer-pimprod2030499"", ""https://www.ulta.com/p/travel-size-photo-finish-correct-anti-redness-primer-pimprod2032763""]"
after all these years of trying so many new concealer releases.. somehow i still go back to this concealer and its still my favorite out of everything. use your fingers to warm up then tap under the eye. no creasing and caking or settling in fine wrinkles for very dry skin in dry climate (salt lake city),2,2,"[""https://www.ulta.com/p/bye-bye-under-eye-full-coverage-anti-aging-waterproof-concealer-xlsImpprod5770259"", ""https://www.ulta.com/p/travel-size-bye-bye-under-eye-full-coverage-anti-aging-waterproof-concealer-xlsImpprod12871043""]"
"after using this product, it's now a staple in my everyday routine. i use a light base, blush, mascara and this bronzer which is perfect for that summer time bronze glow. i love that it is not cakey and complements my natural my skin tone really well. will be buying when it runs out because so far happy with results! *i received this product for free in exchange for this review*",2,2,"[""https://www.ulta.com/p/laguna-bronzer-powder-talc-free-pimprod2038440"", ""https://www.ulta.com/p/mini-laguna-bronzer-powder-talc-free-pimprod2038438""]"
all good.,2,2,"[""https://www.ulta.com/p/continuous-setting-mist-xlsImpprod18351117"", ""https://www.ulta.com/p/mini-continuous-setting-mist-pimprod2017654""]"
all of the colors are so pretty and wearable! great on cheeks as well as for using as eyeshadows too!,2,2,"[""https://www.ulta.com/p/cheek-dew-hydrating-serum-blush-pimprod2027226"", ""https://www.ulta.com/p/pressed-powder-bronzer-pimprod2038313""]"
"although i used to not be a fan of the spring in the reformulation, did really good job especially with making an aluminum primer instead of a bass matt primer, which didn't work well with everybody skin type! i love the changes the companies made, and i love the reformulation of all the primers!",2,2,"[""https://www.ulta.com/p/photo-finish-illuminate-glow-primer-pimprod2030497"", ""https://www.ulta.com/p/travel-size-photo-finish-illuminate-glow-primer-pimprod2032764""]"
always my go to concealer for my best match. i just wished it last longer.,2,2,"[""https://www.ulta.com/p/megaglo-makeup-stick-conceal-pimprod2012854"", ""https://www.ulta.com/p/megaglo-makeup-stick-contour-xlsImpprod16731047""]"
always my go to.,2,2,"[""https://www.ulta.com/p/i-am-magic-concealer-pimprod2006835"", ""https://www.ulta.com/p/i-am-magic-mini-concealer-pimprod2026783""]"
amazing product,2,2,"[""https://www.ulta.com/p/heavens-hue-highlighter-xlsImpprod15311013"", ""https://www.ulta.com/p/matte-beauty-blush-wand-pimprod2043369""]"
as a dark skinned girl i it's hard to get a good matching shade but this one was perfect for me,2,2,"[""https://www.ulta.com/p/mini-radiant-creamy-concealer-pimprod2017511"", ""https://www.ulta.com/p/radiant-creamy-concealer-xlsImpprod15251325""]"
"as i age (graceful) my brown skin has changed which required a new regimen. after try different makeup remover, cleaners, serums...i was overwhelmed. istick with 3 products. 1.olay regenerist retinol24(moisturizer) 2.panoxyl acne foming wash 3.cerava- renewing sa cleanser and 4. elemis-pro collagen naked cleansing balm. worth every penny! removes makeup...leaves my skin glowing.",2,2,"[""https://www.ulta.com/p/pro-collagen-cleansing-balm-xlsImpprod18731145"", ""https://www.ulta.com/p/travel-size-pro-collagen-cleansing-balm-pimprod2004741""]"
"as soon as i opened it, i turned it to swatch onto my hand and the entire stick fell out. on top of that, it's nearly translucent just a sparkly sticky clear ""contour""",2,2,"[""https://www.ulta.com/p/velvet-contour-bronzer-stick-pimprod2040056"", ""https://www.ulta.com/p/velvet-contour-stick-blush-pimprod2040099""]"
"at almost 54 i've come back to estã©e lauder. my skin has changed and it's been more challenging to find blush that is complimentary, and doesn't make me feel like a clown. the blush colors are beautiful, soft and blend out well.",2,2,"[""https://www.ulta.com/p/pure-color-envy-sculpting-blush-pimprod2030735"", ""https://www.ulta.com/p/pure-color-envy-sculpting-blush-refill-pimprod2031074""]"
"average primer. leans orange if youre fair / can be streaky and pill. caused horrific cystic acne breakout the day after using it which took weeks to heal. (i follow a regular double cleansing routine, use mandelic acid, a retinoid, etc). i didnt keep it on for long because of pilling. not for sensitive / acne prone skin. extra star because the packaging is pretty and thats why i tried it. returned.",2,2,"[""https://www.ulta.com/p/one-step-correct-brightening-correcting-primer-xlsImpprod2390219"", ""https://www.ulta.com/p/travel-size-one-step-correct-brightening-correcting-primer-xlsImpprod16451215""]"
awesome hydration brightens. is non greasy,2,2,"[""https://www.ulta.com/p/smooth-affair-facial-primer-brightener-pimprod2004113"", ""https://www.ulta.com/p/smooth-affair-mattifying-face-primer-pimprod2033620""]"
awesome product.,2,2,"[""https://www.ulta.com/p/mineral-veil-setting-powder-VP11355"", ""https://www.ulta.com/p/tinted-mineral-veil-setting-powder-prod110002""]"
"beautiful color with great pigmentation, but easy to blend. extremely versatile, it easily can be applied lightly if you prefer a more natural look, but also easy to apply it for a more bold look. it's just a beautiful color, with an outstanding formula.",2,2,"[""https://www.ulta.com/p/wanderful-world-silky-soft-powder-blush-mini-xlsImpprod13741141"", ""https://www.ulta.com/p/wanderful-world-silky-soft-powder-blush-xlsImpprod820350""]"
beautiful coverage and color. i love this brand. could wear all year round.,2,2,"[""https://www.ulta.com/p/wanderful-world-silky-soft-powder-blush-mini-xlsImpprod13741141"", ""https://www.ulta.com/p/wanderful-world-silky-soft-powder-blush-xlsImpprod820350""]"
"beautiful product, i have used it cosmetics since my 30's",2,2,"[""https://www.ulta.com/p/bye-bye-dark-spots-concealer-serum-pimprod2038114"", ""https://www.ulta.com/p/bye-bye-pores-blush-xlsImpprod16281007""]"
beautiful shade for my red hair and fair skin,2,2,"[""https://www.ulta.com/p/pure-color-envy-sculpting-blush-pimprod2030735"", ""https://www.ulta.com/p/pure-color-envy-sculpting-blush-refill-pimprod2031074""]"
"beautiful tones, perfect size, and it smells wonderful",2,2,"[""https://www.ulta.com/p/wanderful-world-silky-soft-powder-blush-mini-xlsImpprod13741141"", ""https://www.ulta.com/p/wanderful-world-silky-soft-powder-blush-xlsImpprod820350""]"
beautiful. i'm light to medium tone. age72. looks soft an natural.,2,2,"[""https://www.ulta.com/p/pure-color-envy-sculpting-blush-pimprod2030735"", ""https://www.ulta.com/p/pure-color-envy-sculpting-blush-refill-pimprod2031074""]"
been using this product for 2 years now. and it is my favorite setting spray. i use it after i use a hydrating spray and letting it dry. this minimizes my large pores and keeps my suoer oily skin at bay. love this products.,2,2,"[""https://www.ulta.com/p/porefessional-super-setter-long-lasting-makeup-setting-spray-mini-pimprod2040598"", ""https://www.ulta.com/p/porefessional-super-setter-long-lasting-makeup-setting-spray-pimprod2020913""]"
been using this product for several years it never fails to get difficult to remove products off and leaves my skin feeling nice.,2,2,"[""https://www.ulta.com/p/take-day-off-cleansing-balm-makeup-remover-mini-xlsImpprod18791009"", ""https://www.ulta.com/p/take-day-off-cleansing-balm-makeup-remover-xlsImpprod11771009""]"
been wearing this for 5 years. will not change. wish it was a little less expensive,2,2,"[""https://www.ulta.com/p/bye-bye-under-eye-full-coverage-anti-aging-waterproof-concealer-xlsImpprod5770259"", ""https://www.ulta.com/p/travel-size-bye-bye-under-eye-full-coverage-anti-aging-waterproof-concealer-xlsImpprod12871043""]"
benefit porefessional primer is still my favorite as it helps blur fine lines and you can apply it before or after makeup. as a senior citizen i need all the help i can get! trial size is nice to carry in pocket or purse for touchups.,2,2,"[""https://www.ulta.com/p/porefessional-pore-minimizing-primer-mini-xlsImpprod10141042"", ""https://www.ulta.com/p/porefessional-pore-minimizing-primer-xlsImpprod2290003""]"
best,2,2,"[""https://www.ulta.com/p/chocolate-soleil-melting-bronzing-sculpting-stick-pimprod2044529"", ""https://www.ulta.com/p/pro-longwear-liquid-correcting-concealer-xlsImpprod15921222""]"
best concealer ive used just wish more product came in the applicator,2,2,"[""https://www.ulta.com/p/mini-radiant-creamy-concealer-pimprod2017511"", ""https://www.ulta.com/p/radiant-creamy-concealer-xlsImpprod15251325""]"
best coverage i've ever had before. does crease and feel a bit greasy though,2,2,"[""https://www.ulta.com/p/bye-bye-under-eye-full-coverage-anti-aging-waterproof-concealer-xlsImpprod5770259"", ""https://www.ulta.com/p/travel-size-bye-bye-under-eye-full-coverage-anti-aging-waterproof-concealer-xlsImpprod12871043""]"
"best foundation i've used. so natural looking! works on my dry areas and oilier areas, lasts all day long and never gets cake-y. love it so much! works great over my color corrector to cover dark spots under my eyes and gives a beautiful natural looking evenness to my skin.",2,2,"[""https://www.ulta.com/p/halo-healthy-glow-tinted-moisturizer-broad-spectrum-spf-25-pimprod2016307"", ""https://www.ulta.com/p/mini-halo-healthy-glow-tinted-moisturizer-broad-spectrum-spf-25-pimprod2033372""]"
best primer,2,2,"[""https://www.ulta.com/p/original-photo-finish-smooth-blur-oil-free-primer-xlsImpprod3590041"", ""https://www.ulta.com/p/travel-size-original-photo-finish-smooth-blur-oil-free-primer-pimprod2033047""]"
best primer ever! it is so soft and creamy. it blends amazing. it feels great on skin and leaves skin feeling so smooth. it actualy blurs out pores really good. i have oily skin and it does not make skin more oily. it is not greasy either. it also does not clog pores and is acne safe. feels leightweigt. definitly recommend.,2,2,"[""https://www.ulta.com/p/porefessional-pore-minimizing-primer-mini-xlsImpprod10141042"", ""https://www.ulta.com/p/porefessional-pore-minimizing-primer-xlsImpprod2290003""]"
blends away to basically no coverage but a lite orange dewy tint.,2,2,"[""https://www.ulta.com/p/halo-healthy-glow-tinted-moisturizer-broad-spectrum-spf-25-pimprod2016307"", ""https://www.ulta.com/p/mini-halo-healthy-glow-tinted-moisturizer-broad-spectrum-spf-25-pimprod2033372""]"
bought a small jar thankfully &amp; it isn't adding moisture to my face? nivea lotion works better? not sure what all the hype is about this?,2,2,"[""https://www.ulta.com/p/mini-vitamin-enriched-face-base-moisturizer-primer-with-vitamin-c-hyaluronic-acid-pimprod2025025"", ""https://www.ulta.com/p/vitamin-enriched-face-base-moisturizer-primer-with-vitamin-c-hyaluronic-acid-pimprod2025028""]"
bought it on sale and took a chance so impressed! locks in my makeup for hours from am to pm without retouching. also has 4oz while my wet n wild finimat is 1.52oz was worth it :),2,2,"[""https://www.ulta.com/p/porefessional-super-setter-long-lasting-makeup-setting-spray-mini-pimprod2040598"", ""https://www.ulta.com/p/porefessional-super-setter-long-lasting-makeup-setting-spray-pimprod2020913""]"
"bought this concealer today. beauty tech was soo helpful. if your looking for a natrual conceal with coverage and light creamy consistency, i'd say get it. i have struggled w/ dark circles and always prep and color correct before any concealer no matter the brand. i do really like how it came out. covered my circles as much as it could and lasted through the day. i will say there is some slight creasing but that is inevitable w/ alomst concealers as most humans have natrual folds under eyes. my first more high end product and i am so far loving it. i did use a loose setting powder right after application.",2,2,"[""https://www.ulta.com/p/mini-radiant-creamy-concealer-pimprod2017511"", ""https://www.ulta.com/p/radiant-creamy-concealer-xlsImpprod15251325""]"
"bought this on a whim thinking it would be great for summer (combo skin normally, oily in summer). the texture is watery gel and it's hydrating without being greasy. however, has no coverage and the shade is dore was very orangey (i got dore instead of clair with a summer tan in mind).",2,2,"[""https://www.ulta.com/p/cc-water-with-hyaluronic-acid-pimprod2025143"", ""https://www.ulta.com/p/travel-size-cc-water-with-hyaluronic-acid-pimprod2025144""]"
bought this to try and just ordered the full size. it us very moisturizing and not opaque at all. i like to layer it with my tinted moisturizer.,2,2,"[""https://www.ulta.com/p/one-step-correct-brightening-correcting-primer-xlsImpprod2390219"", ""https://www.ulta.com/p/travel-size-one-step-correct-brightening-correcting-primer-xlsImpprod16451215""]"
"breaks down my water proof mascara and foundation. i love the scent too, not too much or overpowering. this is a staple in my night time routine.",2,2,"[""https://www.ulta.com/p/pro-collagen-cleansing-balm-xlsImpprod18731145"", ""https://www.ulta.com/p/travel-size-pro-collagen-cleansing-balm-pimprod2004741""]"
"brightening face primer is really nice! it goes on like butter,creamy and smooth. the scent is wonderful. a little citrusy but not overpowering. definitely not oily, but leaves the skin plump and ready for foundation",2,2,"[""https://www.ulta.com/p/smooth-affair-facial-primer-brightener-pimprod2004113"", ""https://www.ulta.com/p/smooth-affair-mattifying-face-primer-pimprod2033620""]"
buy something else,2,2,"[""https://www.ulta.com/p/fit-me-loose-finishing-powder-xlsImpprod16211173"", ""https://www.ulta.com/p/make-it-last-mattifying-setting-powder-pimprod2025971""]"
"by far the best bb cream i've ever used. i was in ulta beauty supply and happened to see a tube of erborian bb crãâ¨me sitting on a clearance shelf. i thought why not? so i bought it. i have never used anything like it! it's like applying velvet to your face, i will never use anything else ever again.",2,2,"[""https://www.ulta.com/p/bb-cream-spf-20-pimprod2005693"", ""https://www.ulta.com/p/travel-size-bb-cream-spf-20-pimprod2015578""]"
bye-bye under eye is exactly what it is i noticed a lot in the above attribute area people mentioned that a little bit goes a long way and that is very true i really enjoyed that it didn't crease i didn't need to use a setting powder and since i used a little more than i needed to i end up putting it up on my eyelids and again didn't crease up there couldn't be happier another home run for it cosmetics,2,2,"[""https://www.ulta.com/p/bye-bye-under-eye-full-coverage-anti-aging-waterproof-concealer-xlsImpprod5770259"", ""https://www.ulta.com/p/travel-size-bye-bye-under-eye-full-coverage-anti-aging-waterproof-concealer-xlsImpprod12871043""]"
"caused me so many breakouts and overall just doesn't keep my makeup together at all. it can look glowy at first , but then i just look super greasy which i hate lol and i have oily skin combo so this is a no.",2,2,"[""https://www.ulta.com/p/continuous-setting-mist-xlsImpprod18351117"", ""https://www.ulta.com/p/mini-continuous-setting-mist-pimprod2017654""]"
"color is weird, but that's the lightest you have.",2,2,"[""https://www.ulta.com/p/bb-cream-spf-20-pimprod2005693"", ""https://www.ulta.com/p/travel-size-bb-cream-spf-20-pimprod2015578""]"
"compared to other concealers i've tried, thsi ones one of my favorites. it's dirst cheap, has good coverage, and isnt cakey. my only con is that it does end up looking ab it make upy, so if you dont have very dark undereyes like me that you'll probably want something more natural.",2,2,"[""https://www.ulta.com/p/hd-pro-corrector-concealer-pimprod2022723"", ""https://www.ulta.com/p/lightweight-hd-pro-creamy-concealer-xlsImpprod15711051""]"
concealer is great the applicator wand however i dislike..,2,2,"[""https://www.ulta.com/p/mini-radiant-creamy-concealer-pimprod2017511"", ""https://www.ulta.com/p/radiant-creamy-concealer-xlsImpprod15251325""]"
coverage does a good job for consealing under eye circles. easy to apply,2,2,"[""https://www.ulta.com/p/bye-bye-under-eye-full-coverage-anti-aging-waterproof-concealer-xlsImpprod5770259"", ""https://www.ulta.com/p/travel-size-bye-bye-under-eye-full-coverage-anti-aging-waterproof-concealer-xlsImpprod12871043""]"
coverage is phenomenal! buy it!,2,2,"[""https://www.ulta.com/p/matte-cream-mattifying-blurring-primer-pimprod2044585"", ""https://www.ulta.com/p/travel-size-matte-cream-mattifying-blurring-primer-pimprod2044589""]"
covered my rosacea all day 😍,3,3,"[""https://www.ulta.com/p/studio-perfect-color-correcting-primer-in-green-xlsImpprod3280313"", ""https://www.ulta.com/p/studio-perfect-color-correcting-primer-in-lavender-xlsImpprod3280315"", ""https://www.ulta.com/p/studio-perfect-face-primer-in-clear-xlsImpprod3280311""]"
covers imperfections perfectly.,2,2,"[""https://www.ulta.com/p/double-wear-stay-in-place-matte-powder-foundation-makeup-pimprod2031254"", ""https://www.ulta.com/p/double-wear-stay-in-place-matte-powder-foundation-refill-pimprod2031253""]"
covers redness perfectly! definitely recommend,2,2,"[""https://www.ulta.com/p/hd-pro-corrector-concealer-pimprod2022723"", ""https://www.ulta.com/p/lightweight-hd-pro-creamy-concealer-xlsImpprod15711051""]"
crystah is by far the best blush ever. it is the perfect shade and looks good on every skin tone. i love the gold in it as well. it's the perfect blush!,2,2,"[""https://www.ulta.com/p/wanderful-world-silky-soft-powder-blush-mini-xlsImpprod13741141"", ""https://www.ulta.com/p/wanderful-world-silky-soft-powder-blush-xlsImpprod820350""]"
definately my recent fav blush!,2,2,"[""https://www.ulta.com/p/wanderful-world-silky-soft-powder-blush-mini-xlsImpprod13741141"", ""https://www.ulta.com/p/wanderful-world-silky-soft-powder-blush-xlsImpprod820350""]"
"despite being marketed as neutral the shade pulls very orange on me. i found that i needed to mix a blue color corrector to cancel put that orange and make it a true neutral shade. that aside, this is easily one of my favorite skints in terms of formula. its a very lightweight feeling with great buildability.",2,2,"[""https://www.ulta.com/p/hide-peek-concealer-pimprod2024755"", ""https://www.ulta.com/p/hint-hint-skin-tint-pimprod2017569""]"
did not expect it to be so mini mini but very good and easy to use!,2,2,"[""https://www.ulta.com/p/mini-radiant-creamy-concealer-pimprod2017511"", ""https://www.ulta.com/p/radiant-creamy-concealer-xlsImpprod15251325""]"
did not have a smooth finish after apply on my face,3,3,"[""https://www.ulta.com/p/facestudio-master-prime-blur-pore-minimize-primer-xlsImpprod18351169"", ""https://www.ulta.com/p/facestudio-master-prime-blur-redness-control-primer-xlsImpprod11861005"", ""https://www.ulta.com/p/facestudio-master-prime-blur-smooth-primer-xlsImpprod11861001""]"
didn't love the way it feels on,2,2,"[""https://www.ulta.com/p/mini-prime-time-original-pore-minimizing-primer-pimprod2039236"", ""https://www.ulta.com/p/prime-time-original-pore-minimizing-primer-pimprod2036786""]"
didn't take my lipstick off. worked no better then coconut oil.,2,2,"[""https://www.ulta.com/p/pro-collagen-cleansing-balm-xlsImpprod18731145"", ""https://www.ulta.com/p/travel-size-pro-collagen-cleansing-balm-pimprod2004741""]"
"didn't take off my makeup, irritated my eyes, overpriced.",2,2,"[""https://www.ulta.com/p/take-day-off-cleansing-balm-makeup-remover-mini-xlsImpprod18791009"", ""https://www.ulta.com/p/take-day-off-cleansing-balm-makeup-remover-xlsImpprod11771009""]"
didn't work for me/wouldn't be absorbed fully by my skin. i have sensitive primarily dry combination skin,3,3,"[""https://www.ulta.com/p/facestudio-master-prime-blur-pore-minimize-primer-xlsImpprod18351169"", ""https://www.ulta.com/p/facestudio-master-prime-blur-redness-control-primer-xlsImpprod11861005"", ""https://www.ulta.com/p/facestudio-master-prime-blur-smooth-primer-xlsImpprod11861001""]"
"disappointing! i wanted to love this, the reviews sounded good but i did not see any difference at all. just to be sure, i tried it on half of my face and applied my usual foundation, concealer etc as a comparison, but still did not see any difference in the look of my pores, of the wear of my makeup. two stars because it is not irritating (i have sensitive skin), did not clog my pores and did not have a scent. other than that, it didn't do anytihng.",2,2,"[""https://www.ulta.com/p/porefessional-pore-minimizing-primer-mini-xlsImpprod10141042"", ""https://www.ulta.com/p/porefessional-pore-minimizing-primer-xlsImpprod2290003""]"
does an amazing job at blending my pores and textured acne. my favorite primer.,2,2,"[""https://www.ulta.com/p/original-photo-finish-smooth-blur-oil-free-primer-xlsImpprod3590041"", ""https://www.ulta.com/p/travel-size-original-photo-finish-smooth-blur-oil-free-primer-pimprod2033047""]"
does make pores look smaller,2,2,"[""https://www.ulta.com/p/porefessional-pore-minimizing-primer-mini-xlsImpprod10141042"", ""https://www.ulta.com/p/porefessional-pore-minimizing-primer-xlsImpprod2290003""]"
does not work it left a horrible stain of product and my pores look much worse 😭,2,2,"[""https://www.ulta.com/p/porefessional-pore-minimizing-primer-mini-xlsImpprod10141042"", ""https://www.ulta.com/p/porefessional-pore-minimizing-primer-xlsImpprod2290003""]"
"does prolong foundation, mattifying but does not keep face from getting oily more than other mattifying primers on market",2,2,"[""https://www.ulta.com/p/photo-finish-control-mattifying-primer-pimprod2030521"", ""https://www.ulta.com/p/travel-size-photo-finish-control-mattifying-primer-with-salicylic-acid-pimprod2032762""]"
doesn't conceal &amp; dries out skin,2,2,"[""https://www.ulta.com/p/mini-radiant-creamy-concealer-pimprod2017511"", ""https://www.ulta.com/p/radiant-creamy-concealer-xlsImpprod15251325""]"
doesn't correct. doesn't prime.. is oddly shimmery?! just terrible. i will be returning it immediately.,2,2,"[""https://www.ulta.com/p/photo-finish-correct-anti-redness-primer-pimprod2030499"", ""https://www.ulta.com/p/travel-size-photo-finish-correct-anti-redness-primer-pimprod2032763""]"
doesn't work for sweaty times but other than that i like this stuff a lot!,2,2,"[""https://www.ulta.com/p/airbrush-flawless-setting-spray-pimprod2043342"", ""https://www.ulta.com/p/travel-size-airbrush-flawless-setting-spray-pimprod2043334""]"
"doesn't work great as a concealer, it has decent coverage though. the texture and pigment is kind of cakey if you're using it on dryer skin. it blends ok. i use it with face powder on top and it gets flakey on certain areas of my face which are dryer despite my using moisturizer before applying everything.",2,2,"[""https://www.ulta.com/p/megaglo-makeup-stick-conceal-pimprod2012854"", ""https://www.ulta.com/p/megaglo-makeup-stick-contour-xlsImpprod16731047""]"
doesn't work. period. doesn't do anything to redness. and it doesn't sit well under makeup either. straight in the trash.,2,2,"[""https://www.ulta.com/p/studio-perfect-color-correcting-primer-in-lavender-xlsImpprod3280315"", ""https://www.ulta.com/p/studio-perfect-face-primer-in-clear-xlsImpprod3280311""]"
don't like it.,2,2,"[""https://www.ulta.com/p/mini-prime-time-original-pore-minimizing-primer-pimprod2039236"", ""https://www.ulta.com/p/prime-time-original-pore-minimizing-primer-pimprod2036786""]"
"don't really like this product it did not do what i thought it would, not fit me.",2,2,"[""https://www.ulta.com/p/porefessional-lite-ultra-lightweight-face-primer-mini-pimprod2029931"", ""https://www.ulta.com/p/porefessional-lite-ultra-lightweight-face-primer-pimprod2029932""]"
don't really like this. it makes my skin feel dry. i don't like a matte finish.,2,2,"[""https://www.ulta.com/p/matte-cream-mattifying-blurring-primer-pimprod2044585"", ""https://www.ulta.com/p/travel-size-matte-cream-mattifying-blurring-primer-pimprod2044589""]"
"easily blendable, smells good, great color, and gives you an amazing glow. the price is also amazing compared to other things on the market of this quality.10/10!!!",2,2,"[""https://www.ulta.com/p/butter-bronzer-murumuru-butter-bronzer-xlsImpprod13621011"", ""https://www.ulta.com/p/matte-monoi-butter-bronzer-pimprod2021750""]"
essential in my makeup routine.,2,2,"[""https://www.ulta.com/p/mineral-veil-setting-powder-VP11355"", ""https://www.ulta.com/p/tinted-mineral-veil-setting-powder-prod110002""]"
"even tho it is pricey, its a staple in my makeup routine. 100% worth it.",2,2,"[""https://www.ulta.com/p/mini-vitamin-enriched-face-base-moisturizer-primer-with-vitamin-c-hyaluronic-acid-pimprod2025025"", ""https://www.ulta.com/p/vitamin-enriched-face-base-moisturizer-primer-with-vitamin-c-hyaluronic-acid-pimprod2025028""]"
evens out those small imperfections,2,2,"[""https://www.ulta.com/p/smooth-affair-facial-primer-brightener-pimprod2004113"", ""https://www.ulta.com/p/smooth-affair-mattifying-face-primer-pimprod2033620""]"
excellent,2,2,"[""https://www.ulta.com/p/mini-tinted-moisturizer-natural-skin-perfector-broad-spectrum-spf-30-pimprod2039349"", ""https://www.ulta.com/p/superfood-glow-priming-moisturiser-pimprod2022684""]"
excellent coverage,2,2,"[""https://www.ulta.com/p/mini-mac-prep-prime-fix-primer-setting-spray-xlsImpprod15921206"", ""https://www.ulta.com/p/prep-prime-fix-primer-setting-spray-xlsImpprod15921204""]"
excellent product,2,2,"[""https://www.ulta.com/p/renergie-lift-makeup-lightweight-liquid-foundation-spf-27-xlsImpprod3650154"", ""https://www.ulta.com/p/travel-size-take-day-off-makeup-remover-xlsImpprod11951027""]"
excellent product and appreciated the suggestion to use with my foundation.,2,2,"[""https://www.ulta.com/p/mini-mac-prep-prime-fix-primer-setting-spray-xlsImpprod15921206"", ""https://www.ulta.com/p/prep-prime-fix-primer-setting-spray-xlsImpprod15921204""]"
excellent product. i appreciate that i was able to return a product i didn't like from a previous purchase. helpful staff.,2,2,"[""https://www.ulta.com/p/bye-bye-under-eye-full-coverage-anti-aging-waterproof-concealer-xlsImpprod5770259"", ""https://www.ulta.com/p/travel-size-bye-bye-under-eye-full-coverage-anti-aging-waterproof-concealer-xlsImpprod12871043""]"
excellent!,2,2,"[""https://www.ulta.com/p/amazonian-clay-12-hour-blush-pimprod2043868"", ""https://www.ulta.com/p/bi-facil-double-action-eye-makeup-remover-xlsImpprod3650064""]"
finally a setting spray that works and keeps my makeup on all day,2,2,"[""https://www.ulta.com/p/porefessional-super-setter-long-lasting-makeup-setting-spray-mini-pimprod2040598"", ""https://www.ulta.com/p/porefessional-super-setter-long-lasting-makeup-setting-spray-pimprod2020913""]"
"first off, cute packaging! love the glow this provides and how tacky it is for makeup to stick to. and it's a spf! 100% love this product and will purchase after using up.",3,3,"[""https://www.ulta.com/p/bronzing-blendrops-spf-40-priming-drops-pimprod2043859"", ""https://www.ulta.com/p/illuminizing-blendrops-spf-40-priming-drops-pimprod2043861"", ""https://www.ulta.com/p/perfecting-blendrops-spf-40-priming-drops-pimprod2043860""]"
"first problem is that half of it falls down when you squeeze it out. half the time before i get a chance to rub it in, it crumbles and falls on the floor. second issue is my rosacea skin hates it. i break out unfortunately.",2,2,"[""https://www.ulta.com/p/porefessional-lite-ultra-lightweight-face-primer-mini-pimprod2029931"", ""https://www.ulta.com/p/porefessional-lite-ultra-lightweight-face-primer-pimprod2029932""]"
first time trying this product out and i loved how it looks on me once i brush off the excessive. color is perfect and the powder is very soft.,4,4,"[""https://www.ulta.com/p/bake-set-soft-focus-setting-powder-pimprod2009225"", ""https://www.ulta.com/p/jumbo-bake-set-soft-focus-setting-powder-pimprod2043957"", ""https://www.ulta.com/p/mini-bake-set-soft-focus-setting-powder-pimprod2043959"", ""https://www.ulta.com/p/totally-set-mini-brighten-set-powder-duo-pimprod2043963""]"
"first time user of the bb and am very satisfied to see my skin look flawless and it reduces the look of my fine line wrinkles. i'm 60 years old but look 10 years younger! oh, and it lasts all day without getting a dull look later in the day or night.",2,2,"[""https://www.ulta.com/p/bb-cream-spf-20-pimprod2005693"", ""https://www.ulta.com/p/travel-size-bb-cream-spf-20-pimprod2015578""]"
"for fair skin, this is a gem. i love that it doesn't have an orange tint!!! it layers well and really brings the color back into my skin after foundation.",2,2,"[""https://www.ulta.com/p/cheek-dew-hydrating-serum-blush-pimprod2027226"", ""https://www.ulta.com/p/pressed-powder-bronzer-pimprod2038313""]"
for me i have normal to dry skin. i like this primer to use under estee lauder and charlotte tilbury foundation. under georgio armani it doesn't work well and seperates. since charlotte is silicone based this primer works well with it. highly recommend depending on the foundation you're using. looks exactly like pictured when used will full coverage foundation.,2,2,"[""https://www.ulta.com/p/original-photo-finish-smooth-blur-oil-free-primer-xlsImpprod3590041"", ""https://www.ulta.com/p/travel-size-original-photo-finish-smooth-blur-oil-free-primer-pimprod2033047""]"
"for someone that lives far away from the store that can not test the color and can not see how it matches my skin tone. and i would like to exchange not return it. but the process is so complicated i have to return the item and wait for 7-10 days to get my money back and purchase a new item as a new order and pay for the shipping. what if i don't like the new color i have to do it over again. i am trying to call and live chat nobody can help the customer service said ""sorry, this is how we do"" what? this is a global brand threat to the customer. i am very disappointed.",2,2,"[""https://www.ulta.com/p/pure-color-envy-sculpting-blush-pimprod2030735"", ""https://www.ulta.com/p/pure-color-envy-sculpting-blush-refill-pimprod2031074""]"
for the price you would think it was be good. but its not. makes you look cakey. it is super thick. and i tocuhed my face and alot of it came off. definitaly not worth the price,2,2,"[""https://www.ulta.com/p/bye-bye-under-eye-full-coverage-anti-aging-waterproof-concealer-xlsImpprod5770259"", ""https://www.ulta.com/p/travel-size-bye-bye-under-eye-full-coverage-anti-aging-waterproof-concealer-xlsImpprod12871043""]"
"from the moment i tried this primer i was hooked. i have to use like 3 different color correctors, but this primer makes it easy. i love it! definitely a favorite!",2,2,"[""https://www.ulta.com/p/one-step-correct-brightening-correcting-primer-xlsImpprod2390219"", ""https://www.ulta.com/p/travel-size-one-step-correct-brightening-correcting-primer-xlsImpprod16451215""]"
"full coverage, hydrating, over all great product for the price would compare to high end products",2,2,"[""https://www.ulta.com/p/i-am-magic-concealer-pimprod2006835"", ""https://www.ulta.com/p/i-am-magic-mini-concealer-pimprod2026783""]"
gave the perfect warmth to the looks i was trying to achieve. formula is awesome and super blendable. i definitely recommend ordering these!,2,2,"[""https://www.ulta.com/p/cheek-dew-hydrating-serum-blush-pimprod2027226"", ""https://www.ulta.com/p/pressed-powder-bronzer-pimprod2038313""]"
"get creamy, non comunigenic formula. just doesnt last very long",2,2,"[""https://www.ulta.com/p/supercharged-bronzer-multistick-pimprod2026828"", ""https://www.ulta.com/p/supercharged-cheek-lip-multistick-pimprod2021340""]"
getting more before i'm out,2,2,"[""https://www.ulta.com/p/one-step-correct-brightening-correcting-primer-xlsImpprod2390219"", ""https://www.ulta.com/p/travel-size-one-step-correct-brightening-correcting-primer-xlsImpprod16451215""]"
glodes on smooth and blends out easily. good color payoff.,2,2,"[""https://www.ulta.com/p/megaglo-makeup-stick-blush-xlsImpprod16731045"", ""https://www.ulta.com/p/megaglo-makeup-stick-pimprod2043772""]"
good,8,8,"[""https://www.ulta.com/p/double-wear-stay-in-place-foundation-xlsImpprod14641507"", ""https://www.ulta.com/p/facial-spray-with-aloe-chamomile-lavender-xlsImpprod17411021"", ""https://www.ulta.com/p/la-base-pro-oil-free-longwear-makeup-primer-xlsImpprod3650168"", ""https://www.ulta.com/p/makeup-remover-cleansing-towelette-singles-pimprod2002068"", ""https://www.ulta.com/p/perfect-finish-hd-powder-xlsImpprod14521161"", ""https://www.ulta.com/p/plump-right-back-electrolytes-plumping-primer-serum-pimprod2029851"", ""https://www.ulta.com/p/prime-of-your-life-smoothing-firming-treatment-primer-pimprod2024582"", ""https://www.ulta.com/p/travel-size-base-tape-hydrating-primer-pimprod2007206""]"
good cleanser and moisturizer,2,2,"[""https://www.ulta.com/p/pro-collagen-cleansing-balm-xlsImpprod18731145"", ""https://www.ulta.com/p/travel-size-pro-collagen-cleansing-balm-pimprod2004741""]"
good product,10,10,"[""https://www.ulta.com/p/4-in-1-correcting-primer-energize-rescue-xlsImpprod18031023"", ""https://www.ulta.com/p/bronzer-reloaded-pimprod2007948"", ""https://www.ulta.com/p/hydrating-camo-concealer-pimprod2013395"", ""https://www.ulta.com/p/lock-it-finishing-powder-pimprod2018115"", ""https://www.ulta.com/p/loose-setting-powder-90"", ""https://www.ulta.com/p/matte-cream-mattifying-blurring-primer-pimprod2044585"", ""https://www.ulta.com/p/photo-finish-primerizer-hydrating-primer-with-hyaluronic-acid-pimprod2030498"", ""https://www.ulta.com/p/travel-size-matte-cream-mattifying-blurring-primer-pimprod2044589"", ""https://www.ulta.com/p/travel-size-photo-finish-primerizer-hydrating-primer-with-hyaluronic-acid-pimprod2032761"", ""https://www.ulta.com/p/whoopsie-eye-liner-corrector-pimprod2043303""]"
"good product, works as i'd like it to. soft and blendable, not muddy. no complaints.",2,2,"[""https://www.ulta.com/p/laguna-bronzer-powder-talc-free-pimprod2038440"", ""https://www.ulta.com/p/mini-laguna-bronzer-powder-talc-free-pimprod2038438""]"
"good quality. coverage is amazing and durability as well. only problem for me, as i do have a oily skin, was that let my skin to shine. but overall is a good product, very hydrating.",2,2,"[""https://www.ulta.com/p/photo-finish-primerizer-hydrating-primer-with-hyaluronic-acid-pimprod2030498"", ""https://www.ulta.com/p/travel-size-photo-finish-primerizer-hydrating-primer-with-hyaluronic-acid-pimprod2032761""]"
good/safe on my sensitive skin while still being long-lasting,2,2,"[""https://www.ulta.com/p/butter-bronzer-murumuru-butter-bronzer-xlsImpprod13621011"", ""https://www.ulta.com/p/matte-monoi-butter-bronzer-pimprod2021750""]"
gorgeous!,2,2,"[""https://www.ulta.com/p/born-blush-4-in-1-cheek-palette-pimprod2030225"", ""https://www.ulta.com/p/everlasting-refillable-blush-pimprod2021341""]"
got this as a free gift and just love it. it keeps my skin so matte. it's soft to the touch. great product that works. highly recommend!,2,2,"[""https://www.ulta.com/p/matte-cream-mattifying-blurring-primer-pimprod2044585"", ""https://www.ulta.com/p/travel-size-matte-cream-mattifying-blurring-primer-pimprod2044589""]"
"got this as a free gift, but glad i did not pay for it. did not keep me matte, broke up my foundation.",2,2,"[""https://www.ulta.com/p/matte-cream-mattifying-blurring-primer-pimprod2044585"", ""https://www.ulta.com/p/travel-size-matte-cream-mattifying-blurring-primer-pimprod2044589""]"
got this as my birthday gift this month. the size was an insult. ultas bday gifts were always a descent size. amount in this would only cover a quarter! wasnt worth the gas to get it. pathetic.,2,2,"[""https://www.ulta.com/p/original-photo-finish-smooth-blur-oil-free-primer-xlsImpprod3590041"", ""https://www.ulta.com/p/travel-size-original-photo-finish-smooth-blur-oil-free-primer-pimprod2033047""]"
great,8,8,"[""https://www.ulta.com/p/glow-time-pro-bb-cream-pimprod2033089"", ""https://www.ulta.com/p/maneater-blush-glow-cheek-plump-pimprod2028223"", ""https://www.ulta.com/p/matte-cream-mattifying-blurring-primer-pimprod2044585"", ""https://www.ulta.com/p/my-stellar-micellar-makeup-remover-wipes-pimprod2009506"", ""https://www.ulta.com/p/pro-fix-stick-color-correcting-concealers-pimprod2042801"", ""https://www.ulta.com/p/refillable-compact-pimprod2031651"", ""https://www.ulta.com/p/soft-blur-poreless-face-primer-pimprod2046618"", ""https://www.ulta.com/p/travel-size-matte-cream-mattifying-blurring-primer-pimprod2044589""]"
"great affordable concealer just sadly cant find my right shade, this is waterbased to make sure you use a water based primer!",2,2,"[""https://www.ulta.com/p/i-am-magic-concealer-pimprod2006835"", ""https://www.ulta.com/p/i-am-magic-mini-concealer-pimprod2026783""]"
"great color for lighter skin tones or those getting started in contour. this makes for the perfect starter shade with warmer undertones, it mimics more of a bronzer shade than a contour necessarily. looked great when opened in-box.",2,2,"[""https://www.ulta.com/p/cheek-dew-hydrating-serum-blush-pimprod2027226"", ""https://www.ulta.com/p/pressed-powder-bronzer-pimprod2038313""]"
great concealer,2,2,"[""https://www.ulta.com/p/enlighten-plus-under-eye-concealer-pimprod2022036"", ""https://www.ulta.com/p/forever-skin-correct-concealer-pimprod2036834""]"
great concealer perfect match for my skin tone,2,2,"[""https://www.ulta.com/p/i-am-magic-concealer-pimprod2006835"", ""https://www.ulta.com/p/i-am-magic-mini-concealer-pimprod2026783""]"
great concealer waterproof goes on really well. yes i'd buy this again,2,2,"[""https://www.ulta.com/p/bye-bye-under-eye-full-coverage-anti-aging-waterproof-concealer-xlsImpprod5770259"", ""https://www.ulta.com/p/travel-size-bye-bye-under-eye-full-coverage-anti-aging-waterproof-concealer-xlsImpprod12871043""]"
great coverage,7,7,"[""https://www.ulta.com/p/16h-cover-last-powder-foundation-pimprod2033174"", ""https://www.ulta.com/p/16hr-camo-concealer-pimprod2002811"", ""https://www.ulta.com/p/acne-solutions-liquid-makeup-foundation-pimprod2043524"", ""https://www.ulta.com/p/camo-cc-cream-pimprod2020783"", ""https://www.ulta.com/p/infallible-24h-fresh-wear-foundation-in-a-powder-pimprod2021871"", ""https://www.ulta.com/p/shape-tape-full-coverage-concealer-xlsImpprod14251035"", ""https://www.ulta.com/p/skin-full-coverage-longwear-concealer-pimprod2034752""]"
great coverage!,4,4,"[""https://www.ulta.com/p/amazonian-clay-16-hour-full-coverage-foundation-pimprod2025023"", ""https://www.ulta.com/p/fit-me-natural-finish-concealer-xlsImpprod2980149"", ""https://www.ulta.com/p/purematch-liquid-concealer-pimprod2042421"", ""https://www.ulta.com/p/ultra-le-teint-ultrawear-all-day-comfort-flawless-finish-compact-foundation-pimprod2030112""]"
great coverage.,2,2,"[""https://www.ulta.com/p/duet-perfecting-concealer-pimprod2014349"", ""https://www.ulta.com/p/hy-glam-concealer-pimprod2038096""]"
great everyday product,4,4,"[""https://www.ulta.com/p/bake-set-soft-focus-setting-powder-pimprod2009225"", ""https://www.ulta.com/p/jumbo-bake-set-soft-focus-setting-powder-pimprod2043957"", ""https://www.ulta.com/p/mini-bake-set-soft-focus-setting-powder-pimprod2043959"", ""https://www.ulta.com/p/totally-set-mini-brighten-set-powder-duo-pimprod2043963""]"
great for aging skin,2,2,"[""https://www.ulta.com/p/cc-cream-with-spf-50-xlsImpprod5770257"", ""https://www.ulta.com/p/mini-cc-cream-with-spf-50-pimprod2013015""]"
"great for bronzy finish, i used this instead of normal dark contour and it looked great and blended perfectly. great product for price.",2,2,"[""https://www.ulta.com/p/velvet-contour-bronzer-stick-pimprod2040056"", ""https://www.ulta.com/p/velvet-contour-stick-blush-pimprod2040099""]"
great for fair skin. definitely something i'd recommend for good coverage and long lasting coverage.,2,2,"[""https://www.ulta.com/p/double-wear-stay-in-place-matte-powder-foundation-makeup-pimprod2031254"", ""https://www.ulta.com/p/double-wear-stay-in-place-matte-powder-foundation-refill-pimprod2031253""]"
great for my skin. helps create base before i apply my make up.,2,2,"[""https://www.ulta.com/p/smooth-affair-facial-primer-brightener-pimprod2004113"", ""https://www.ulta.com/p/smooth-affair-mattifying-face-primer-pimprod2033620""]"
great for setting eyebrows and blotting oil nose! my daughter and granddaughter also use this wonderful product.,2,2,"[""https://www.ulta.com/p/mineral-veil-setting-powder-VP11355"", ""https://www.ulta.com/p/tinted-mineral-veil-setting-powder-prod110002""]"
great for throughly cleaning natural and false lashes as well as removing eye makeup. love that it's oil free and easy to use! keeps your lashes glue free and lasting long. only thing i didn't like is it stings a little when you first put it on.,2,2,"[""https://www.ulta.com/p/lash-clean-oil-free-makeup-remover-pimprod2018008"", ""https://www.ulta.com/p/travel-size-lash-clean-oil-free-makeup-remover-pimprod2018009""]"
"great otd 3 minute no make up/make up for a little colorâ¦but the contour is a little more bronzer than a true contour. also, dont put them in your makeup bag and travel with them bc the lids smash and it can get ugly!",2,2,"[""https://www.ulta.com/p/megaglo-makeup-stick-blush-xlsImpprod16731045"", ""https://www.ulta.com/p/megaglo-makeup-stick-pimprod2043772""]"
great primer,2,2,"[""https://www.ulta.com/p/double-duty-beauty-base-tape-hydrating-primer-pimprod2002687"", ""https://www.ulta.com/p/hydra-touch-centella-extract-infused-hydrating-primer-pimprod2022020""]"
great product,15,14,"[""https://www.ulta.com/p/100-oil-free-eye-makeup-remover-xlsImpprod1790119"", ""https://www.ulta.com/p/almost-powder-makeup-broad-spectrum-spf-18-foundation-xlsImpprod10791895"", ""https://www.ulta.com/p/bi-facil-double-action-eye-makeup-remover-xlsImpprod3650064"", ""https://www.ulta.com/p/brighten-up-banana-powder-pimprod2040238"", ""https://www.ulta.com/p/bye-bye-foundation-full-coverage-moisturizer-with-spf-50-xlsImpprod17611001"", ""https://www.ulta.com/p/complexion-rescue-tinted-moisturizer-mineral-spf-30-xlsImpprod11771035"", ""https://www.ulta.com/p/hangover-replenishing-face-primer-xlsImpprod10751024"", ""https://www.ulta.com/p/heavens-hue-highlighter-xlsImpprod15311013"", ""https://www.ulta.com/p/hoola-matte-powder-bronzer-jumbo-pimprod2045528"", ""https://www.ulta.com/p/prime-of-your-life-smoothing-firming-treatment-primer-pimprod2024582"", ""https://www.ulta.com/p/sheer-finish-all-day-oil-control-pressed-powder-pimprod2041407"", ""https://www.ulta.com/p/smooth-affair-illuminating-glow-face-primer-pimprod2025253"", ""https://www.ulta.com/p/studio-fix-powder-plus-foundation-makeup-xlsImpprod15921242"", ""https://www.ulta.com/p/true-match-super-blendable-powder-VP10394""]"
"great product but don't plan to travel with it. the top comes off and will not attach back. i had one tube that could only dispense product from the side of the top, uncontrollably. one of the best products on the market but the absolute worst tube.",2,2,"[""https://www.ulta.com/p/blurring-moisturizing-filter-primer-pimprod2024916"", ""https://www.ulta.com/p/supersize-blurring-moisturizing-filter-primer-pimprod2024917""]"
great product!,4,4,"[""https://www.ulta.com/p/maracuja-juicy-glow-tint-pimprod2038507"", ""https://www.ulta.com/p/mineralize-skinfinish-natural-face-powder-xlsImpprod15921190"", ""https://www.ulta.com/p/putty-bronzer-pimprod2025961"", ""https://www.ulta.com/p/skin-feels-good-hydrating-tinted-moisturizer-with-spf-23-xlsImpprod17691285""]"
"great product! love the color, texture and presentation",2,2,"[""https://www.ulta.com/p/dior-forever-natural-bronzer-pimprod2036863"", ""https://www.ulta.com/p/rouge-blush-pimprod2040322""]"
great product! will buy the full size version soon!,2,2,"[""https://www.ulta.com/p/original-photo-finish-smooth-blur-oil-free-primer-xlsImpprod3590041"", ""https://www.ulta.com/p/travel-size-original-photo-finish-smooth-blur-oil-free-primer-pimprod2033047""]"
great product!!,2,2,"[""https://www.ulta.com/p/boi-ing-cakeless-full-coverage-waterproof-liquid-concealer-pimprod2007903"", ""https://www.ulta.com/p/pro-filtr-soft-matte-powder-foundation-pimprod2031422""]"
great product.,2,2,"[""https://www.ulta.com/p/concealer-broad-spectrum-spf-20-prod2093950"", ""https://www.ulta.com/p/love-struck-blusher-bronzer-xlsImpprod13361015""]"
great product. blends well for easy contouring!!! stays all day!,2,2,"[""https://www.ulta.com/p/velvet-contour-bronzer-stick-pimprod2040056"", ""https://www.ulta.com/p/velvet-contour-stick-blush-pimprod2040099""]"
"great product. i tried this product because it was a free gift with purchase. i have combination skin but turns extra oily during summer, this product worked for me. i noticed a difference first time i used it. i applied it just after i toned and moisturized. i applied a medium coverage powder foundation over it and it helped minimize the shine for my entire work shift. will definitely purchase and recommend this product.",2,2,"[""https://www.ulta.com/p/matte-cream-mattifying-blurring-primer-pimprod2044585"", ""https://www.ulta.com/p/travel-size-matte-cream-mattifying-blurring-primer-pimprod2044589""]"
great product. looks natural and stays put all day.,2,2,"[""https://www.ulta.com/p/bye-bye-under-eye-full-coverage-anti-aging-waterproof-concealer-xlsImpprod5770259"", ""https://www.ulta.com/p/travel-size-bye-bye-under-eye-full-coverage-anti-aging-waterproof-concealer-xlsImpprod12871043""]"
great summer glow. buildable.,3,3,"[""https://www.ulta.com/p/bronzing-blendrops-spf-40-priming-drops-pimprod2043859"", ""https://www.ulta.com/p/illuminizing-blendrops-spf-40-priming-drops-pimprod2043861"", ""https://www.ulta.com/p/perfecting-blendrops-spf-40-priming-drops-pimprod2043860""]"
great under my makeup. gives my skin radiance,2,2,"[""https://www.ulta.com/p/smooth-affair-facial-primer-brightener-pimprod2004113"", ""https://www.ulta.com/p/smooth-affair-mattifying-face-primer-pimprod2033620""]"
great!,3,3,"[""https://www.ulta.com/p/matte-cream-mattifying-blurring-primer-pimprod2044585"", ""https://www.ulta.com/p/travel-size-matte-cream-mattifying-blurring-primer-pimprod2044589"", ""https://www.ulta.com/p/vanish-airbrush-concealer-pimprod2020477""]"
great!!!,2,2,"[""https://www.ulta.com/p/boi-ing-industrial-strength-full-coverage-cream-concealer-xlsImpprod16251012"", ""https://www.ulta.com/p/pro-prep-hd-color-correcting-face-primer-xlsImpprod18871043""]"
had a ton of people complement my skin while wearing this concealer.,2,2,"[""https://www.ulta.com/p/mini-radiant-creamy-concealer-pimprod2017511"", ""https://www.ulta.com/p/radiant-creamy-concealer-xlsImpprod15251325""]"
"had high hopes for this as i prefer lighweight primers. it comes out of the tube looking like a thin noodle. it can easily fall off your hand if not careful. does not spread well at all. you need a lot of product to get basic coverage. very disappointed, will be returning.",2,2,"[""https://www.ulta.com/p/porefessional-lite-ultra-lightweight-face-primer-mini-pimprod2029931"", ""https://www.ulta.com/p/porefessional-lite-ultra-lightweight-face-primer-pimprod2029932""]"
"has fragrance. for those that are used to use products without fragrance, the scent is noticeable. it does not seem to do much, not reducing pores. the texture is nice but benefits are not noticeable.",2,2,"[""https://www.ulta.com/p/smooth-affair-facial-primer-brightener-pimprod2004113"", ""https://www.ulta.com/p/smooth-affair-mattifying-face-primer-pimprod2033620""]"
has good color payoff. glides on smooth and blends easily. can build color if needed.,2,2,"[""https://www.ulta.com/p/megaglo-makeup-stick-blush-xlsImpprod16731045"", ""https://www.ulta.com/p/megaglo-makeup-stick-pimprod2043772""]"
"has the formula changed? this has been my ride or die for 5 years. last one i bought was powdery &amp; orange. thought it was a fluke so tried buying another, and its worse with shimmer. i'm so disappointed i can't find a replacement.",2,2,"[""https://www.ulta.com/p/butter-bronzer-murumuru-butter-bronzer-xlsImpprod13621011"", ""https://www.ulta.com/p/matte-monoi-butter-bronzer-pimprod2021750""]"
have used bare minerals for a very long time and absolutely love it,3,3,"[""https://www.ulta.com/p/illuminating-mineral-veil-setting-powder-prod2138919"", ""https://www.ulta.com/p/mineral-veil-setting-powder-VP11355"", ""https://www.ulta.com/p/tinted-mineral-veil-setting-powder-prod110002""]"
help to c clear up the 'sleep' crusties in the morning without damaging the lashes,2,2,"[""https://www.ulta.com/p/lash-clean-oil-free-makeup-remover-pimprod2018008"", ""https://www.ulta.com/p/travel-size-lash-clean-oil-free-makeup-remover-pimprod2018009""]"
"hi beautiful ladies, i just started using the powder bc i ran out of the double wear foundation and the store only had the powder available. i actually like it but i just learned it has talc powder (asbestos) in it which is extremely toxic!! beware and if you can, use the liquid foundation.",2,2,"[""https://www.ulta.com/p/double-wear-stay-in-place-matte-powder-foundation-makeup-pimprod2031254"", ""https://www.ulta.com/p/double-wear-stay-in-place-matte-powder-foundation-refill-pimprod2031253""]"
highly recommend,3,3,"[""https://www.ulta.com/p/blurring-moisturizing-filter-primer-pimprod2024916"", ""https://www.ulta.com/p/color-correcting-liquid-concealer-pimprod2046546"", ""https://www.ulta.com/p/supersize-blurring-moisturizing-filter-primer-pimprod2024917""]"
"highly recommend for cleaning false lashes! super gentle and efficient, lashes remain intact. also great with taking off eye makeup.",2,2,"[""https://www.ulta.com/p/lash-clean-oil-free-makeup-remover-pimprod2018008"", ""https://www.ulta.com/p/travel-size-lash-clean-oil-free-makeup-remover-pimprod2018009""]"
"hoenstly, it does not make much of a difference when i use it or if i don't. sometimes i am a bit more shiny at the end of the day if i had put this on earlier that morning.",2,2,"[""https://www.ulta.com/p/photo-finish-illuminate-glow-primer-pimprod2030497"", ""https://www.ulta.com/p/travel-size-photo-finish-illuminate-glow-primer-pimprod2032764""]"
hon-ayyyy morphe setting powder. let me tell you! for a brownskin girly such as myself. this product is flawess! especially for an everyday natrual glossy look. after setting for a few hrs.. you'll have amazing results. 9.5/10,4,4,"[""https://www.ulta.com/p/bake-set-soft-focus-setting-powder-pimprod2009225"", ""https://www.ulta.com/p/jumbo-bake-set-soft-focus-setting-powder-pimprod2043957"", ""https://www.ulta.com/p/mini-bake-set-soft-focus-setting-powder-pimprod2043959"", ""https://www.ulta.com/p/totally-set-mini-brighten-set-powder-duo-pimprod2043963""]"
hope this primer works on itcc cream foundation i bought and love so far first time use with it,3,3,"[""https://www.ulta.com/p/facestudio-master-prime-blur-pore-minimize-primer-xlsImpprod18351169"", ""https://www.ulta.com/p/facestudio-master-prime-blur-redness-control-primer-xlsImpprod11861005"", ""https://www.ulta.com/p/facestudio-master-prime-blur-smooth-primer-xlsImpprod11861001""]"
hoping for a matte face all day. my t-zone was shiny after about 5 hours. disappointed for the money i spent. pros: it didnt break me out and my makeup looked nice for thr first half of the day.,2,2,"[""https://www.ulta.com/p/photo-finish-control-mattifying-primer-pimprod2030521"", ""https://www.ulta.com/p/travel-size-photo-finish-control-mattifying-primer-with-salicylic-acid-pimprod2032762""]"
"i absolutely looove this tinted moisturizer. it has good coverage, it feels like nothing and it's perfect for my oily/combination skin, glow without looking super shiny. however, the shade range is very bad. all of them look pretty orange and i am light medium neutral olive, so it's impossible to find my match. if they could do more shade ranges according to different undertones, i would give it 5 stars.",2,2,"[""https://www.ulta.com/p/halo-healthy-glow-tinted-moisturizer-broad-spectrum-spf-25-pimprod2016307"", ""https://www.ulta.com/p/mini-halo-healthy-glow-tinted-moisturizer-broad-spectrum-spf-25-pimprod2033372""]"
"i absolutely love this bb creme. i've been using this for 5+ years. i heartily recommend it. the only thing is sometimes, i need 2 different colors to match my skintone. thank you!",2,2,"[""https://www.ulta.com/p/bb-cream-spf-20-pimprod2005693"", ""https://www.ulta.com/p/travel-size-bb-cream-spf-20-pimprod2015578""]"
"i absolutely love this blurring product! a lot of times i just wear it alone! it's so light weight and smooth! i've tried a couple more blurring products and always come back to this one. smashbox, please don't ever change the ingredients!",2,2,"[""https://www.ulta.com/p/original-photo-finish-smooth-blur-oil-free-primer-xlsImpprod3590041"", ""https://www.ulta.com/p/travel-size-original-photo-finish-smooth-blur-oil-free-primer-pimprod2033047""]"
"i absolutely love this. i received it as a gift. and had it fir awhile so i thought i'd give it a try. i'm amazed you don't need foundation at all. this takes the place of foundation, with just some blush your set to go!",2,2,"[""https://www.ulta.com/p/porefessional-pore-minimizing-primer-mini-xlsImpprod10141042"", ""https://www.ulta.com/p/porefessional-pore-minimizing-primer-xlsImpprod2290003""]"
"i absolutely love to experiment with different makeup looks &amp; products! when it comes to blushes, i love to experiment with different colors &amp; textures! i saw these wet n wild blush sticks &amp; fell in love with the colors! i love any types of blushes, be it powder, liquid or stick &amp; i've been using the stick blushes more than anything now! these are inexpensive but wet n wild still has some amazing products &amp; these blush sticks are great! they're sheer but you can build them up in intensity! for my looks, i mainly use concealer &amp; hardly any foundation, so i don't know how well they perform with foundation on, but for my look, these always look great! some have a sparkle but it's not chunky &amp; it serves to illuminate the cheeks while giving a flush of color! i think only peach bum has sparkles but again nothing that's too much! in fact it can be used as a highlighter too! dusty rose &amp; floral majority are absolutely gorgeous too! these don't have any sparkle but they do have the pigmentation i'm looking for! i just got them, so i'm still using them in different ways &amp; i will include swatches soon! i would definitely recommend these!",2,2,"[""https://www.ulta.com/p/megaglo-makeup-stick-blush-xlsImpprod16731045"", ""https://www.ulta.com/p/megaglo-makeup-stick-pimprod2043772""]"
i always bought the photo finish primer but this new hydrating prime is a game changer for me:) i love this new product!,2,2,"[""https://www.ulta.com/p/photo-finish-primerizer-hydrating-primer-with-hyaluronic-acid-pimprod2030498"", ""https://www.ulta.com/p/travel-size-photo-finish-primerizer-hydrating-primer-with-hyaluronic-acid-pimprod2032761""]"
"i am a ""mature"" woman who has used this for several years. i love this product! it works exactly as promised. when tube is ""empty"" cut it open - there is usually left-over enough to keep going. cleanse face at night - let am moisturizer rest before application. i'm a believer!",2,2,"[""https://www.ulta.com/p/porefessional-pore-minimizing-primer-mini-xlsImpprod10141042"", ""https://www.ulta.com/p/porefessional-pore-minimizing-primer-xlsImpprod2290003""]"
i am a fan of estee lauder blushes! i've hit pan for three of them! all the colors are gorgeous and leaves a beautiful finish that looks effortless,2,2,"[""https://www.ulta.com/p/pure-color-envy-sculpting-blush-pimprod2030735"", ""https://www.ulta.com/p/pure-color-envy-sculpting-blush-refill-pimprod2031074""]"
"i am about done with bare minerals. i have used their products for 20 plus years for everything. they just can't stop making things ""better"". none of it is better, it sucks.",2,2,"[""https://www.ulta.com/p/mini-prime-time-original-pore-minimizing-primer-pimprod2039236"", ""https://www.ulta.com/p/prime-time-original-pore-minimizing-primer-pimprod2036786""]"
i am enjoying using this product. i like that it moisturizes. i dont see where it blurs pores though.,2,2,"[""https://www.ulta.com/p/blurring-moisturizing-filter-primer-pimprod2024916"", ""https://www.ulta.com/p/supersize-blurring-moisturizing-filter-primer-pimprod2024917""]"
i am getting ready to turn 48 and this concealer leaves my makeup smooth and brightened without settling into my fine lines and wrinkles. looks like real skin not makeup and last well over a day if you need. highly recommend!!,2,2,"[""https://www.ulta.com/p/mini-radiant-creamy-concealer-pimprod2017511"", ""https://www.ulta.com/p/radiant-creamy-concealer-xlsImpprod15251325""]"
"i am not a big on using bronzer as i like to have natural skin and use as little makeup at once as possible. i am happy to say, i like the product. it applies nicely and smoothly.",2,2,"[""https://www.ulta.com/p/laguna-bronzer-powder-talc-free-pimprod2038440"", ""https://www.ulta.com/p/mini-laguna-bronzer-powder-talc-free-pimprod2038438""]"
i am not a fan. i love the bb cream but i can no longer get my shade in claire so i tried this acc cream and i hate it. i don't like the way it goes on. the coverage or the color. complete waste of money. i'm going to have to switch brands.,2,2,"[""https://www.ulta.com/p/cc-water-with-hyaluronic-acid-pimprod2025143"", ""https://www.ulta.com/p/travel-size-cc-water-with-hyaluronic-acid-pimprod2025144""]"
"i am not one for using bronzers that look ruddy, patchy, or dark but this one from nars is amazing. a perfect application of bronze, and gold when the sun hits it. you can build up for a more dramatic look, or just a swipe and go for sun kissed finish. fine milled powder that blends effortlessly, and a long lasting finish.",2,2,"[""https://www.ulta.com/p/laguna-bronzer-powder-talc-free-pimprod2038440"", ""https://www.ulta.com/p/mini-laguna-bronzer-powder-talc-free-pimprod2038438""]"
"i am not sure if its about how i apply it or its the product, i have been using this from past 2 years because of the shade. i dont need a color corrector with this concealer but i feel like it gets dry and cakey.",2,2,"[""https://www.ulta.com/p/mini-radiant-creamy-concealer-pimprod2017511"", ""https://www.ulta.com/p/radiant-creamy-concealer-xlsImpprod15251325""]"
"i am really picky with bronzers becasue they are too orange, overly pigmented, not blendable, etc. but this one is so good! it goes so well for natural to full makeup! i love it and recomend it",2,2,"[""https://www.ulta.com/p/butter-bronzer-murumuru-butter-bronzer-xlsImpprod13621011"", ""https://www.ulta.com/p/matte-monoi-butter-bronzer-pimprod2021750""]"
i am returning this asap. it does nothing to cancel out my redness. maybe i misunderstood the assignment...,2,2,"[""https://www.ulta.com/p/studio-perfect-color-correcting-primer-in-lavender-xlsImpprod3280315"", ""https://www.ulta.com/p/studio-perfect-face-primer-in-clear-xlsImpprod3280311""]"
i am so disappointed in the cc makeup i just ordered. color has changed and also the texture. no longer complete coverage. it feels greasy and looks awful on my skin. i have been using this makeup for years but will be in searching for a new product. bought two different colors one too dark and one too light. money down the drain. my sister has the same complaint. obviously product has changed,2,2,"[""https://www.ulta.com/p/cc-cream-with-spf-50-xlsImpprod5770257"", ""https://www.ulta.com/p/mini-cc-cream-with-spf-50-pimprod2013015""]"
"i am so disappointed with the new smashbox anti redness primer. i had been using the old one for years and loved how well it covered my redness, how smoothly it went on and how silky my skin felt. the new formula is a real letdown - it leaves a sticky finish which makes it almost impossible to apply foundation over, doesn't cover redness well and doesn't go on smoothly. so disappointing as the old one was perfect. i'll be returning this and looking for a new anti redness primer. or, smashbox - bring back the old one!!",2,2,"[""https://www.ulta.com/p/photo-finish-correct-anti-redness-primer-pimprod2030499"", ""https://www.ulta.com/p/travel-size-photo-finish-correct-anti-redness-primer-pimprod2032763""]"
"i am so glad the sweet sales lady at ulta showed me this particular smashbox correct anti-redness primer, it covers the red blotches under my foundation. i'll never make my face up without it!!!!",2,2,"[""https://www.ulta.com/p/photo-finish-correct-anti-redness-primer-pimprod2030499"", ""https://www.ulta.com/p/travel-size-photo-finish-correct-anti-redness-primer-pimprod2032763""]"
"i am so happy i found this product. i feel like i've tried every primer under the sun, and nothing kept me matte or helped my foundation stay on. this one really does. i have oily skin and also wear glasses, so typically my foundation will rub off between my eyebrows and nose. this primer really helps to make my makeup last longer, i finally feel comfortable wearing makeup all day.",2,2,"[""https://www.ulta.com/p/photo-finish-control-mattifying-primer-pimprod2030521"", ""https://www.ulta.com/p/travel-size-photo-finish-control-mattifying-primer-with-salicylic-acid-pimprod2032762""]"
"i am sorry i did not try this sooner. i have aging skin, acne damage, uneven texture and oily skin. using this as a base to make makeup is like a wearing a beauty filter, no computer needed. well worth the money and a little bit goes a long way.",2,2,"[""https://www.ulta.com/p/mini-vitamin-enriched-face-base-moisturizer-primer-with-vitamin-c-hyaluronic-acid-pimprod2025025"", ""https://www.ulta.com/p/vitamin-enriched-face-base-moisturizer-primer-with-vitamin-c-hyaluronic-acid-pimprod2025028""]"
"i bought 2 products. the light ""fairest"" concealer and the white ""highlighter"" concealer. the ""fairest works great!! no cons at all. however the white ""highlighter"" confused me. i opened it to use it and water came squirting out??? the bottle is completely empty now with only a little bit of product. the ulta i bought this from is an 1 hour bus ride away from me. truly disappointed. maybe mine was faultyâ¦",2,2,"[""https://www.ulta.com/p/hd-pro-corrector-concealer-pimprod2022723"", ""https://www.ulta.com/p/lightweight-hd-pro-creamy-concealer-xlsImpprod15711051""]"
i bought 3 velvet contour stick blushes 2 highlighters. my absolute favorite was velour and second fave was pompom. the colors are just amazing and last long. i go a little heavy on the blush and bronzer so for me it did last all day. loving it l.a. girl!! _ããã¸_ããâ_ããâ_ããã_ããã,2,2,"[""https://www.ulta.com/p/velvet-contour-bronzer-stick-pimprod2040056"", ""https://www.ulta.com/p/velvet-contour-stick-blush-pimprod2040099""]"
"i bought bb cream (golden) and it is still too dark for my skin, while clair is too pale. bought them in november, not sure if i can return it :(",2,2,"[""https://www.ulta.com/p/bb-cream-spf-20-pimprod2005693"", ""https://www.ulta.com/p/travel-size-bb-cream-spf-20-pimprod2015578""]"
"i bought it because it said it would clean lash extensions all it did was make them all fall out! i had my eyes shut but it still burned my eyes, now my eyes are super red &amp; the glue is stuck on my lashes. i do not recommend this for lash extensions.",2,2,"[""https://www.ulta.com/p/lash-clean-oil-free-makeup-remover-pimprod2018008"", ""https://www.ulta.com/p/travel-size-lash-clean-oil-free-makeup-remover-pimprod2018009""]"
i bought the dandelion baby pink blush and it is an absolute waste of money. there is no pigmentation. i wanted to buy a blush that was pink and you could actually see on my skin and i saw this one and i thought it was perfect and i tried it and there is absolutely no difference. like actually no difference at all . i don't see it at all on my skin. so if you wanna buy a blush that does absolutely nothing and you can't even see it and buy this one. it sucks and it's a huge waste of money.,2,2,"[""https://www.ulta.com/p/wanderful-world-silky-soft-powder-blush-mini-xlsImpprod13741141"", ""https://www.ulta.com/p/wanderful-world-silky-soft-powder-blush-xlsImpprod820350""]"
i bought the mini size to try and i absolutely love it! will definitely be buying a full size when i run out! i have a good make up day every time i use it,2,2,"[""https://www.ulta.com/p/mini-vitamin-enriched-face-base-moisturizer-primer-with-vitamin-c-hyaluronic-acid-pimprod2025025"", ""https://www.ulta.com/p/vitamin-enriched-face-base-moisturizer-primer-with-vitamin-c-hyaluronic-acid-pimprod2025028""]"
i bought the rose one and i'm always getting compliments left and right â ï¸...i recommend 100% i wear it on my lips and it's just a beautiful pink it adds a pop of color â¨ï¸ 😍,2,2,"[""https://www.ulta.com/p/supercharged-bronzer-multistick-pimprod2026828"", ""https://www.ulta.com/p/supercharged-cheek-lip-multistick-pimprod2021340""]"
"i bought the wet n wild megaglo blush stick in shade ""peach bums"". i'm a sucker for anything peach! personally, i think it's super cute, gives some light color, and it gives a nice glow. it is a little greasy, though. i also haven't worn it for an entire day yet, but i'm rating 4 stars instead of 5 because i think it may come off during the day.",2,2,"[""https://www.ulta.com/p/megaglo-makeup-stick-blush-xlsImpprod16731045"", ""https://www.ulta.com/p/megaglo-makeup-stick-pimprod2043772""]"
"i bought this after seeing it on tt, i tried a few sprays waited 5 minutes and my makup was still so sticky and i tried a few layers still sticky im glad it was just the mini",2,2,"[""https://www.ulta.com/p/airbrush-flawless-setting-spray-pimprod2043342"", ""https://www.ulta.com/p/travel-size-airbrush-flawless-setting-spray-pimprod2043334""]"
"i bought this as a ""dupe"" for the smashbox primer and i was disappointed. i have an oily t zone, but my makeup was patchy everywhere after like 2 hours in heat.",3,3,"[""https://www.ulta.com/p/facestudio-master-prime-blur-pore-minimize-primer-xlsImpprod18351169"", ""https://www.ulta.com/p/facestudio-master-prime-blur-redness-control-primer-xlsImpprod11861005"", ""https://www.ulta.com/p/facestudio-master-prime-blur-smooth-primer-xlsImpprod11861001""]"
"i bought this bb cream in the shade nude while i was in france and fell in love with it. i have tried every tinted moisturizer on the market and none could begin to compare to erborians bb cream. it has a beautiful natural matte finish which is moisturizing yet perfect for oily complexions. beautiful glow without making you look greasy. i came back to the states and tried to order the 40 ml size but the shade nude is not available here. i am so disappointed, it was perfect for me. please offer this shade on your site!!!",2,2,"[""https://www.ulta.com/p/bb-cream-spf-20-pimprod2005693"", ""https://www.ulta.com/p/travel-size-bb-cream-spf-20-pimprod2015578""]"
"i bought this becsuse of all the good reviews but it wasnt as good as everyone said. my face started having bubbles under my eyes and my makeup started separating / peeling only after a couple hours. especially if youre using elf or fenty foundation its not a good combination. i tried different primers and it all remained the same besides when i sprayed this. i also mostiurize my face, so i know its not because of that. my elf setting spray works better than this one.",2,2,"[""https://www.ulta.com/p/porefessional-super-setter-long-lasting-makeup-setting-spray-mini-pimprod2040598"", ""https://www.ulta.com/p/porefessional-super-setter-long-lasting-makeup-setting-spray-pimprod2020913""]"
"i bought this in rebellious rose. it's a nice, natural ""flushed"" color that stays all day. on a busy morning i'll even grab an eyeshadow brush and apply to my lids. i've always been a bronzer girl, but this shadow has been a beautiful addition to my makeup bag!",2,2,"[""https://www.ulta.com/p/pure-color-envy-sculpting-blush-pimprod2030735"", ""https://www.ulta.com/p/pure-color-envy-sculpting-blush-refill-pimprod2031074""]"
i bought this in the 1.7 oz and love how far it goes you only need a small amount. i actually went baxk and ordered the 3.4 oz just to have a bigger one. my makeup stays on alot longer and looks great. its also amazing to use at night time also. i recommend this product to use with or without makeup. its a bit pricey but i definitely think its worth it.,2,2,"[""https://www.ulta.com/p/mini-vitamin-enriched-face-base-moisturizer-primer-with-vitamin-c-hyaluronic-acid-pimprod2025025"", ""https://www.ulta.com/p/vitamin-enriched-face-base-moisturizer-primer-with-vitamin-c-hyaluronic-acid-pimprod2025028""]"
"i bought this mini size of benefit porefessional pore minimizing primer to try it out. it's got a lovely, silky feel to it and glides on nicely giving my skin a smooth surface for applying my makeup. i would definitely recommend this primer to friends.",2,2,"[""https://www.ulta.com/p/porefessional-pore-minimizing-primer-mini-xlsImpprod10141042"", ""https://www.ulta.com/p/porefessional-pore-minimizing-primer-xlsImpprod2290003""]"
"i bought this online, so i did not test it in the store, so when i received it, i was a little shocked at the coverage level. i use less than a pea sized amount and it is pretty much full coverage. this says spf 50, but there's no way to get that full spf and not look like you're wearing 40 layers of makeup, so make sure you're wearing sunscreen under this.",2,2,"[""https://www.ulta.com/p/cc-cream-with-spf-50-xlsImpprod5770257"", ""https://www.ulta.com/p/mini-cc-cream-with-spf-50-pimprod2013015""]"
"i bought this product last yaer, and the primer was a slight yellowish color. i re-purchased it recently, and it is now totally clear. what color is it suppoed to be? q and a does not work.",2,2,"[""https://www.ulta.com/p/mini-prime-time-original-pore-minimizing-primer-pimprod2039236"", ""https://www.ulta.com/p/prime-time-original-pore-minimizing-primer-pimprod2036786""]"
"i bought this specifically for the summer months since i tend to run more oily. while i love the concept of the skin resurfacing part due to the glycolic acid, it really made my face feel dry. i use lancome teint idole ultrawear foundation and this primer made it look very patchy and my pores look massive. i will not be purchasing this product again and probably try the og smashbox primer.",2,2,"[""https://www.ulta.com/p/photo-finish-resurface-primer-with-glycolic-acid-pimprod2044509"", ""https://www.ulta.com/p/travel-size-photo-finish-resurface-primer-with-glycolic-acid-pimprod2044511""]"
"i can honestly say i have tried so many setting sprays from the og skindinavia to mac to ud, even kryolan and ben nye. this spray is just an absolute win for anyone that's face gets hot easily or sweats or just wants to be positive their makeup stays put. it has performed for me again and again in a humid climate with crazy high temps daily. my skin looks glowing and perfect. i still get a shiny t-zone but i dont mind, prefer some shine than overly matte. will say that ive had one or two 100 degree days where my base messed up but i mean it fought hard for me! artist approved. just buy it babe",2,2,"[""https://www.ulta.com/p/airbrush-flawless-setting-spray-pimprod2043342"", ""https://www.ulta.com/p/travel-size-airbrush-flawless-setting-spray-pimprod2043334""]"
i can't tell you how disappointed i am with this product. i wore the previous smashbox green primer everyday for many years and was gutted it was discontinued. i have extreme redness and this new product makes absolutely no difference to it. it covers zero redness and leaves my skin looking oily and shiny. i'm really struggling to find a replacement for your previous primer. if you've any in stock that you would be willing to sell please let me know as i really loved it and unfortunately the new version just doesn't suit my skin at all.. thanks 😊,2,2,"[""https://www.ulta.com/p/photo-finish-correct-anti-redness-primer-pimprod2030499"", ""https://www.ulta.com/p/travel-size-photo-finish-correct-anti-redness-primer-pimprod2032763""]"
i cant say if it creases bad or not because i naturally have very creasy undereyes. however it covered the dark circles perfectly. i also use this as a primer for my eyeshadow and its a smooth application.,2,2,"[""https://www.ulta.com/p/i-am-magic-concealer-pimprod2006835"", ""https://www.ulta.com/p/i-am-magic-mini-concealer-pimprod2026783""]"
"i chose this product as my free birthday gift! i love using primer! when i receved this today i was amazed! not amazed at the profuct but, amazed at the size! ulta if you're going to offer gifts this size, don't even offer! the tube is 2"" tall!",2,2,"[""https://www.ulta.com/p/original-photo-finish-smooth-blur-oil-free-primer-xlsImpprod3590041"", ""https://www.ulta.com/p/travel-size-original-photo-finish-smooth-blur-oil-free-primer-pimprod2033047""]"
"i could tell the stick was already wounded to the very top, and it wouldn't let me on undo it. when i took the top off, all of the product was in the cap of the stick.",2,2,"[""https://www.ulta.com/p/megaglo-makeup-stick-conceal-pimprod2012854"", ""https://www.ulta.com/p/megaglo-makeup-stick-contour-xlsImpprod16731047""]"
"i definitely believe the hype now. this product is amazing, my skin feels so smooth and the product smells divine.",2,2,"[""https://www.ulta.com/p/mini-vitamin-enriched-face-base-moisturizer-primer-with-vitamin-c-hyaluronic-acid-pimprod2025025"", ""https://www.ulta.com/p/vitamin-enriched-face-base-moisturizer-primer-with-vitamin-c-hyaluronic-acid-pimprod2025028""]"
"i didn't expect to like this item as much as i do, but i really love it and will be ordering it again in the future! really reduces the appearance of pores and feels great on my skin.",2,2,"[""https://www.ulta.com/p/mini-prime-time-original-pore-minimizing-primer-pimprod2039236"", ""https://www.ulta.com/p/prime-time-original-pore-minimizing-primer-pimprod2036786""]"
"i didn't like it; i don't feel it does anything at all, doesn't help with my occasional redness, and i don't feel it minimizes my pores. i bought it, but i was so disappointed that i hardly use it!",3,3,"[""https://www.ulta.com/p/studio-perfect-color-correcting-primer-in-green-xlsImpprod3280313"", ""https://www.ulta.com/p/studio-perfect-color-correcting-primer-in-lavender-xlsImpprod3280315"", ""https://www.ulta.com/p/studio-perfect-face-primer-in-clear-xlsImpprod3280311""]"
i didn't see any difference in using this along side my normal skin/makeup routine. i did like that there is already spf in this product so i don't need any extra products. but overall i wouldn't buy myself this product just since i didnt think it did much for me.,3,3,"[""https://www.ulta.com/p/bronzing-blendrops-spf-40-priming-drops-pimprod2043859"", ""https://www.ulta.com/p/illuminizing-blendrops-spf-40-priming-drops-pimprod2043861"", ""https://www.ulta.com/p/perfecting-blendrops-spf-40-priming-drops-pimprod2043860""]"
i do think i got a smoother finish while using product under foundation. i have older skin with texture and was looking for something to help with a better make up application and more smoother appearance. i do think it has helped.,2,2,"[""https://www.ulta.com/p/mini-vitamin-enriched-face-base-moisturizer-primer-with-vitamin-c-hyaluronic-acid-pimprod2025025"", ""https://www.ulta.com/p/vitamin-enriched-face-base-moisturizer-primer-with-vitamin-c-hyaluronic-acid-pimprod2025028""]"
"i don't even use it because it's so hard to blend. you can make it work if you apply it to the brush first. luckily its so cheap that i cannot really say i wasted my money, but its not worth it. i never reach for it. better products on the market, spend a little extra or use a dark concealer if youre on a budget.",2,2,"[""https://www.ulta.com/p/megaglo-makeup-stick-conceal-pimprod2012854"", ""https://www.ulta.com/p/megaglo-makeup-stick-contour-xlsImpprod16731047""]"
"i don't know if it was just my skin type or something or if i did something wrong with the product but it was extremely hard to blend. it was very thick and though the coverage was good at first, it didn't last even after setting it and flaked away. not for me.",2,2,"[""https://www.ulta.com/p/mini-radiant-creamy-concealer-pimprod2017511"", ""https://www.ulta.com/p/radiant-creamy-concealer-xlsImpprod15251325""]"
"i don't know what about this is causing irritation under the eyes, but i had no issues with my skin care before this using it. my eyes feel irritated underneath and on my forehead where i put it. it's also very drying and i wouldn't recommend it for those who have combination skin probably better for those who don't have a lot of texture and also are very very oily.",4,4,"[""https://www.ulta.com/p/bake-set-soft-focus-setting-powder-pimprod2009225"", ""https://www.ulta.com/p/jumbo-bake-set-soft-focus-setting-powder-pimprod2043957"", ""https://www.ulta.com/p/mini-bake-set-soft-focus-setting-powder-pimprod2043959"", ""https://www.ulta.com/p/totally-set-mini-brighten-set-powder-duo-pimprod2043963""]"
i don't really wear that much makeup and i find that i still wake up with some mascara under my eyes after using this at night.,2,2,"[""https://www.ulta.com/p/take-day-off-cleansing-balm-makeup-remover-mini-xlsImpprod18791009"", ""https://www.ulta.com/p/take-day-off-cleansing-balm-makeup-remover-xlsImpprod11771009""]"
i don't understand the science behind why this clear gel blurs my lines and poors and gives me a matte glow without any heavy make-up or cakey look. but it does just that. i use this every day to just give my skin a little boost along with some light cream blush and mascara for an almost make-up free look.,2,2,"[""https://www.ulta.com/p/cc-water-with-hyaluronic-acid-pimprod2025143"", ""https://www.ulta.com/p/travel-size-cc-water-with-hyaluronic-acid-pimprod2025144""]"
"i don't understand why this doesn't get more buzz than it does. i've been using for 1.5 yrs, have been influenced to try 2 others in that time, and immediately go back to halo. i do have to mix two neutral shades to get my summer color but that's typical for me. it stays put all day, doesn't settle into my wrinkles or pores, plays well with my other makeup, looks natural, has just the right amount of glow. i do wear a moisturizer under this bc my skin is very dry. i use this as my foundation year-around. smashbox, please don't stop making this!!!",2,2,"[""https://www.ulta.com/p/halo-healthy-glow-tinted-moisturizer-broad-spectrum-spf-25-pimprod2016307"", ""https://www.ulta.com/p/mini-halo-healthy-glow-tinted-moisturizer-broad-spectrum-spf-25-pimprod2033372""]"
"i don't usually write reviews but this bronzer is absolutely amazing. it is such a staple makeup item for me. i truly think everyone should get this. it's beginner friendly, blends beautifully, glowy but not sparkly, natural looking bronze color (even on fair skin)!!! absolutely amazing. 10/10!!!!",2,2,"[""https://www.ulta.com/p/butter-bronzer-murumuru-butter-bronzer-xlsImpprod13621011"", ""https://www.ulta.com/p/matte-monoi-butter-bronzer-pimprod2021750""]"
"i dont usuallt post reviews but i am revolted by this product. i am usually a combination skintype and during the winter, dry. i also need to add i don't normally get breakouts! up until i started using this product my face has not been the sameâ¦ this has been the only different makeup product ive been using for the last 3 month and my skin and makeup have gone drastically downhill. my t-zone-never oily before. now? only takes about an hour until i get shiny and my makeup starts spreading and my face starts feeling sticky. all in all: do not buy if you are looking to go an affordable route to replace your primer (such as smashbox) â¦biggest mistake. i wish i came to realize how bad this product was 3 months ago.",3,3,"[""https://www.ulta.com/p/facestudio-master-prime-blur-pore-minimize-primer-xlsImpprod18351169"", ""https://www.ulta.com/p/facestudio-master-prime-blur-redness-control-primer-xlsImpprod11861005"", ""https://www.ulta.com/p/facestudio-master-prime-blur-smooth-primer-xlsImpprod11861001""]"
"i dont usually write reviews, but this powder truly blew me away. i picked it up because i'll be in a wedding &amp; didn't want to use airspun. i'm shocked at the price point since it is such good quality. it's soft like velvet, lightweight, no flashback, and most importantly no creasing. totally reccomend trying it out.",4,4,"[""https://www.ulta.com/p/bake-set-soft-focus-setting-powder-pimprod2009225"", ""https://www.ulta.com/p/jumbo-bake-set-soft-focus-setting-powder-pimprod2043957"", ""https://www.ulta.com/p/mini-bake-set-soft-focus-setting-powder-pimprod2043959"", ""https://www.ulta.com/p/totally-set-mini-brighten-set-powder-duo-pimprod2043963""]"
"i enjoy using this product daily as a lightweight spf and a skin tint! it's extremely thin and not greasy at all! i like the packaging and the sleep design, and it fits great in my bag for on the go!",3,3,"[""https://www.ulta.com/p/bronzing-blendrops-spf-40-priming-drops-pimprod2043859"", ""https://www.ulta.com/p/illuminizing-blendrops-spf-40-priming-drops-pimprod2043861"", ""https://www.ulta.com/p/perfecting-blendrops-spf-40-priming-drops-pimprod2043860""]"
i feel the pink packaging gives the impression that the product is going to be too light but it's the perfect peachy pink shade. it blends out beautifully. gives you that just raced up a few flights of stairs flushed glow.,2,2,"[""https://www.ulta.com/p/megaglo-makeup-stick-blush-xlsImpprod16731045"", ""https://www.ulta.com/p/megaglo-makeup-stick-pimprod2043772""]"
"i find it good for my specific under eye bags due to hollow space under the eye/skin. i also have used it for discoloration, but they could offer more colors. it doesnt help/hide 100% once my specific concealer was afddd on too.",2,2,"[""https://www.ulta.com/p/hd-pro-corrector-concealer-pimprod2022723"", ""https://www.ulta.com/p/lightweight-hd-pro-creamy-concealer-xlsImpprod15711051""]"
i first bought the smaller size to get a better color match and to see if i liked the coverage. great product with great coverage it has replaced my foundation.,2,2,"[""https://www.ulta.com/p/halo-healthy-glow-tinted-moisturizer-broad-spectrum-spf-25-pimprod2016307"", ""https://www.ulta.com/p/mini-halo-healthy-glow-tinted-moisturizer-broad-spectrum-spf-25-pimprod2033372""]"
"i first discovered this product several years ago and loved it for 'covid coverage' where i didn't want to do a full face of makeup. it was quite a bit cheaper then but has only gone up in price past the point i think is reasonable for a bb/cc cream no matter how good it is. also, they have been out of stock for months in the shade clair and customer service is 0% helpful. they say 'we don't know when/if this product is coming back in stock'. for months. due to this, i have since found other bb/cc creams that perform the same at less than half the cost. i highly recommend finding a less expensive and more reliable brand.",2,2,"[""https://www.ulta.com/p/bb-cream-spf-20-pimprod2005693"", ""https://www.ulta.com/p/travel-size-bb-cream-spf-20-pimprod2015578""]"
i found this product to get into my eyes. i never knew how much to use and couldn't see well for like 15 minutes after. it was just a mess. but i especially didn't like the blurry vision.,2,2,"[""https://www.ulta.com/p/take-day-off-cleansing-balm-makeup-remover-mini-xlsImpprod18791009"", ""https://www.ulta.com/p/take-day-off-cleansing-balm-makeup-remover-xlsImpprod11771009""]"
"i gave this a few weeks until i finally threw it away this morning. i had a feeling it was causing my breakouts, but after five days of not wearing make up, i use this again and i woke up with new acne. not for me!",3,3,"[""https://www.ulta.com/p/facestudio-master-prime-blur-pore-minimize-primer-xlsImpprod18351169"", ""https://www.ulta.com/p/facestudio-master-prime-blur-redness-control-primer-xlsImpprod11861005"", ""https://www.ulta.com/p/facestudio-master-prime-blur-smooth-primer-xlsImpprod11861001""]"
i gave this product a try as ive been on thr hubt for a new primer to help with redness. i'm just not impressed - i didn't see a difference and found thr product to be quitr watery.,3,3,"[""https://www.ulta.com/p/studio-perfect-color-correcting-primer-in-green-xlsImpprod3280313"", ""https://www.ulta.com/p/studio-perfect-color-correcting-primer-in-lavender-xlsImpprod3280315"", ""https://www.ulta.com/p/studio-perfect-face-primer-in-clear-xlsImpprod3280311""]"
i give this product before star i like the color palette the only thing that i don't like is that some powder flakes off and onto my clothes but other than that it's a good product.,2,2,"[""https://www.ulta.com/p/trublend-so-flushed-high-pigment-blush-pimprod2016942"", ""https://www.ulta.com/p/trublend-so-flushed-high-pigment-bronzer-pimprod2017123""]"
"i got a sample of this and there is nothing bad i can say about it. i used this with a little bit of bronzer and my face looked so beautiful, natural and glowing. would definitely recommend!",2,2,"[""https://www.ulta.com/p/photo-finish-illuminate-glow-primer-pimprod2030497"", ""https://www.ulta.com/p/travel-size-photo-finish-illuminate-glow-primer-pimprod2032764""]"
"i got a sample, and i was saving it for a day that i wanted to skip my full face of makeup but get the promised color-corrected result of resuced redness. the package says use with or without makeup to correct redness. i moisturized my face per usual, waited a little while as i normally do to apply primer when i'm preparing to apply foundation. when i started to apply this ""primer"" i realized not only does it not blend like normal primers, but it's green. my plan was to apply this primer to simply reduce redness for my afternoon plans to go for a long walk with a friend. i didn't have time to rewash my face and start over. so i applied foundation and powder but still had green showing through from this unblendable abomination. i felt like a cast member from guardians of the galaxy. so glad this was only a sample and i never have to try it again. smashbox, what the heck are you thinking and who is testing this product???",2,2,"[""https://www.ulta.com/p/photo-finish-correct-anti-redness-primer-pimprod2030499"", ""https://www.ulta.com/p/travel-size-photo-finish-correct-anti-redness-primer-pimprod2032763""]"
"i got a small one during the buy 2 get 1 free minis, and i loveee this product! my first time trying it. i think it worked so well breaking down my makeup, mascara took a bit more work but still removed it very well. the smell is divine! very relaxing and not overdone. i love the texture of this product, really silky and doesnt dry my skin out. a little goes a long way so even though i got the mini it lasted me a while.",2,2,"[""https://www.ulta.com/p/pro-collagen-cleansing-balm-xlsImpprod18731145"", ""https://www.ulta.com/p/travel-size-pro-collagen-cleansing-balm-pimprod2004741""]"
i got the laguna bronzing powder from bzzagent. thank you so much for giving me a chance to try the best powder i have never tried this before. i fell in love with laguna bronzing powder right away . i love it refreshing and lasting. its smooth and gets right on the brush perfectly. i can't do my makeup without it i'm gonna to buy it when mine runs out,2,2,"[""https://www.ulta.com/p/laguna-bronzer-powder-talc-free-pimprod2038440"", ""https://www.ulta.com/p/mini-laguna-bronzer-powder-talc-free-pimprod2038438""]"
"i got the mini but will be getting the full size right when it runs out. i absolutely love it, it's not too dark and totally buildable. i use it over the milk makeup cream bronzer and highly recommend that. i live in florida and it doesn't melt off with sweat!!",3,3,"[""https://www.ulta.com/p/hoola-matte-powder-bronzer-jumbo-pimprod2045528"", ""https://www.ulta.com/p/hoola-matte-powder-bronzer-mini-xlsImpprod13741145"", ""https://www.ulta.com/p/hoola-matte-powder-bronzer-xlsImpprod820346""]"
"i got the shade floral majority which is a mid tone peachy pink. i have a medium skin tone and it shows up very well, and is easily buildable. the texture is smooth, creamy, and lightweight. i pick it up on a brush straight from the stick and apply it on top of a powdered face. i have oily skin, so i have to set first. i have no trouble blending it and building it up on top of powder. the finish is natural and it just melts right into the face and looks lovely! it lasts all day for me until i take off my makeup. i haven't noticed a strong odor or obvious shimmer in this one. the peach bums shade is straight glitter and no color on my face, so i much prefer this color!",2,2,"[""https://www.ulta.com/p/megaglo-makeup-stick-blush-xlsImpprod16731045"", ""https://www.ulta.com/p/megaglo-makeup-stick-pimprod2043772""]"
"i got the shade light ivory and then i recieved it ,it was literally orange . i can't use it's suppose to be light and it's dark orange ,",2,2,"[""https://www.ulta.com/p/hd-pro-corrector-concealer-pimprod2022723"", ""https://www.ulta.com/p/lightweight-hd-pro-creamy-concealer-xlsImpprod15711051""]"
"i got this as a sample and want to go back for more. it takes my makeup right off without sticky residue. my only concern is how expensive it is, but i dont have to use much at all, so i can use a jar for a while.",2,2,"[""https://www.ulta.com/p/take-day-off-cleansing-balm-makeup-remover-mini-xlsImpprod18791009"", ""https://www.ulta.com/p/take-day-off-cleansing-balm-makeup-remover-xlsImpprod11771009""]"
i got this as i was under the impression this would be a green tinted color corrector to combat redness. did not remotely cover the redness i have in my complexion.,3,3,"[""https://www.ulta.com/p/facestudio-master-prime-blur-pore-minimize-primer-xlsImpprod18351169"", ""https://www.ulta.com/p/facestudio-master-prime-blur-redness-control-primer-xlsImpprod11861005"", ""https://www.ulta.com/p/facestudio-master-prime-blur-smooth-primer-xlsImpprod11861001""]"
"i got this because i have rosacea and as i have gotten older, it seems to be more noticeable/more irritable so i have had a few flare ups and this definitely covers the red and makes my skin feel better. i have noticed a difference even when i remove the product at the end of the day. my only problem with this is tiny particles of glitter that are stuck to my face. i was hoping for more iridescent and glowy not glittery. i would consider this again if i couldn't find something similar without glitter.",2,2,"[""https://www.ulta.com/p/one-step-correct-brightening-correcting-primer-xlsImpprod2390219"", ""https://www.ulta.com/p/travel-size-one-step-correct-brightening-correcting-primer-xlsImpprod16451215""]"
"i got this product to help blend out my rosacea and it didnt even cancel out a bit of it. it blended smoothly and made my face feel soft, but when i put foundation over it, it clumped and peeled off",3,3,"[""https://www.ulta.com/p/studio-perfect-color-correcting-primer-in-green-xlsImpprod3280313"", ""https://www.ulta.com/p/studio-perfect-color-correcting-primer-in-lavender-xlsImpprod3280315"", ""https://www.ulta.com/p/studio-perfect-face-primer-in-clear-xlsImpprod3280311""]"
i got this trying to find my shade for bronzer. it's build able and very pretty. just a tad too much like my skin color so i have go up a shade. but i'll continue to use this anyways for blending.,2,2,"[""https://www.ulta.com/p/cheek-dew-hydrating-serum-blush-pimprod2027226"", ""https://www.ulta.com/p/pressed-powder-bronzer-pimprod2038313""]"
i grabbed this at ulta because i wanted to try a new bronzer that could work for me. it worked well applying but trying to blend it is a nightmare. it doesn't blend well so just be prepared but besides that its good.,2,2,"[""https://www.ulta.com/p/butter-bronzer-murumuru-butter-bronzer-xlsImpprod13621011"", ""https://www.ulta.com/p/matte-monoi-butter-bronzer-pimprod2021750""]"
"i had been using pure color envy for several years, and when they discontinued the color i was using, i called, and they recommended the color i use now. i love this estee lauder blush because, it lasts. sometimes i'll add a little in the late afternoon, but it holds up really well.",2,2,"[""https://www.ulta.com/p/pure-color-envy-sculpting-blush-pimprod2030735"", ""https://www.ulta.com/p/pure-color-envy-sculpting-blush-refill-pimprod2031074""]"
"i had been using the lancome teint idole ultra wear foundation and it kept separating. i couldn't even touch my face without ruining my foundation. enter this, my makeup goes on flawlessly and i need less foundation it seems. it also gives that beautiful glow everyone is trying to achieve without making you oily. will buy again!",2,2,"[""https://www.ulta.com/p/photo-finish-illuminate-glow-primer-pimprod2030497"", ""https://www.ulta.com/p/travel-size-photo-finish-illuminate-glow-primer-pimprod2032764""]"
"i had high hopes for this cleansing balm given the reviews, but i was disappointed. the scent is very strong and it's not a good scent in my opinion. it's super thick but didn't seem to take off my makeup very well. i even used a makeup wipe afterwards and there was still quite a lot leftover. it also dried out my face. ive used far cheaper balms that not only give more product, but completely takes all my makeup off without leaving my skin dehydrated.",2,2,"[""https://www.ulta.com/p/pro-collagen-cleansing-balm-xlsImpprod18731145"", ""https://www.ulta.com/p/travel-size-pro-collagen-cleansing-balm-pimprod2004741""]"
i had my doubts if this would really work but it really does camouflage the redness. i was very surprised &amp; happy with this primer.,2,2,"[""https://www.ulta.com/p/photo-finish-correct-anti-redness-primer-pimprod2030499"", ""https://www.ulta.com/p/travel-size-photo-finish-correct-anti-redness-primer-pimprod2032763""]"
"i had to return this as the color didn't match my tone. in addition it had a dark hue undertone that was unexplainable. it make definitely work for someone else, just not for me.",2,2,"[""https://www.ulta.com/p/i-am-magic-concealer-pimprod2006835"", ""https://www.ulta.com/p/i-am-magic-mini-concealer-pimprod2026783""]"
i had tried this product multiple times hoping to like it but it did not help with redness or uneven skintone. will not repurchase,2,2,"[""https://www.ulta.com/p/photo-finish-correct-anti-redness-primer-pimprod2030499"", ""https://www.ulta.com/p/travel-size-photo-finish-correct-anti-redness-primer-pimprod2032763""]"
i hate this so much i've tried this previously and it's worked well but it's not horrible now it's actually terrible worst concealer ever don't buy this if you have a hard time with creasing in general and it shows texture like really i hate this dont buy this!! if you're reading reviews and weighing the options don't even buy this it's mediocre skip it,2,2,"[""https://www.ulta.com/p/i-am-magic-concealer-pimprod2006835"", ""https://www.ulta.com/p/i-am-magic-mini-concealer-pimprod2026783""]"
"i have #13 and it fits my skin color perfectly covering darkness under the eyes and pluck marks under my eyebrows (no longer plucking - uh no) i use maybelline fitme#310 to set it and i'm good to go the entire day. i even have some flat moles in my sparse sideburn area, and it covers them right up. i love the formula and the coverage. return purchaser.",2,2,"[""https://www.ulta.com/p/i-am-magic-concealer-pimprod2006835"", ""https://www.ulta.com/p/i-am-magic-mini-concealer-pimprod2026783""]"
"i have a hard time believing all of the positive reviews are legit, it did absolutely nothing for me.",2,2,"[""https://www.ulta.com/p/one-step-correct-brightening-correcting-primer-xlsImpprod2390219"", ""https://www.ulta.com/p/travel-size-one-step-correct-brightening-correcting-primer-xlsImpprod16451215""]"
"i have a light skin tone, this looked too orange on me, but it did blend well.",2,2,"[""https://www.ulta.com/p/velvet-contour-bronzer-stick-pimprod2040056"", ""https://www.ulta.com/p/velvet-contour-stick-blush-pimprod2040099""]"
"i have a lot of red in my skin, and this definitely helps",2,2,"[""https://www.ulta.com/p/photo-finish-correct-anti-redness-primer-pimprod2030499"", ""https://www.ulta.com/p/travel-size-photo-finish-correct-anti-redness-primer-pimprod2032763""]"
"i have a lot of redness on my cheeks, so i found that it's best for me to just use it on my cheeks. i need a primer that's more hydrating so i mix the two for my cheeks then use something else for the rest of my face.",2,2,"[""https://www.ulta.com/p/photo-finish-correct-anti-redness-primer-pimprod2030499"", ""https://www.ulta.com/p/travel-size-photo-finish-correct-anti-redness-primer-pimprod2032763""]"
i have been a loyal porefessional primer user for over five years and i have many of benefit's other products. i purchased porefessional lite in the regular and mini sizes. it is a waste of money. it squeezes out in a very tiny stream and just rolls off my finger onto the floor. when i squeeze it onto a flat surface i have to smush it first and then it pills and falls off when i apply it on my face. when i phoned customer service they acknowledged that this product has this issue. no offer was given to replace the product or to make amends.,2,2,"[""https://www.ulta.com/p/porefessional-lite-ultra-lightweight-face-primer-mini-pimprod2029931"", ""https://www.ulta.com/p/porefessional-lite-ultra-lightweight-face-primer-pimprod2029932""]"
i have been buying bareminerals products for many years. i like the translucent mineral veil and use it all the time as part of my makeup routine.,3,3,"[""https://www.ulta.com/p/illuminating-mineral-veil-setting-powder-prod2138919"", ""https://www.ulta.com/p/mineral-veil-setting-powder-VP11355"", ""https://www.ulta.com/p/tinted-mineral-veil-setting-powder-prod110002""]"
i have been looking for a good primer and this went worked wonders! i absolutely love it and highly recommend.,2,2,"[""https://www.ulta.com/p/mini-vitamin-enriched-face-base-moisturizer-primer-with-vitamin-c-hyaluronic-acid-pimprod2025025"", ""https://www.ulta.com/p/vitamin-enriched-face-base-moisturizer-primer-with-vitamin-c-hyaluronic-acid-pimprod2025028""]"
i have been sing this bronzer nonstop since i received it. it is hard to find a shade that matches so well. i received this product for free since and had a. we. great to use.,2,2,"[""https://www.ulta.com/p/laguna-bronzer-powder-talc-free-pimprod2038440"", ""https://www.ulta.com/p/mini-laguna-bronzer-powder-talc-free-pimprod2038438""]"
i have been telling everyone i know about this amazing product. best powder i've ever used for everyday. i was getting tired of my liquid foundation on my jackets etc. this powder works on my melasma and my daughter just got it for under eyes. i plan on getting one for my mother for rosacea.,2,2,"[""https://www.ulta.com/p/double-wear-stay-in-place-matte-powder-foundation-makeup-pimprod2031254"", ""https://www.ulta.com/p/double-wear-stay-in-place-matte-powder-foundation-refill-pimprod2031253""]"
"i have been using estee lauder make up and perfumes for over 30years and will not change using the. as expected the blush that i bought is great, and i love the free gifts",2,2,"[""https://www.ulta.com/p/pure-color-envy-sculpting-blush-pimprod2030735"", ""https://www.ulta.com/p/pure-color-envy-sculpting-blush-refill-pimprod2031074""]"
"i have been using smashbox primers for years, and decided to give this one a try for the first time. i have a very oily t zone and this definitely helps, with the right application. it didn't work with my liquid foundation or cream blushes, it would just pill up and roll off all the primer and my makeup. my best results were achieved with this primer all over, allowed to dry completely and then my laura gellar cc powder foundation and any powder blush and highlighter, applied with a brush in a stippling motion(pressed in, not swiping). this application gave me great results and looked gorgeous. my oil was controled and i didnt need to use blotting papers until hours later. its a win once you figure out how to work with it.",2,2,"[""https://www.ulta.com/p/photo-finish-control-mattifying-primer-pimprod2030521"", ""https://www.ulta.com/p/travel-size-photo-finish-control-mattifying-primer-with-salicylic-acid-pimprod2032762""]"
i have been using take the day off cleansing balm for years and wouldn't go a day without it !!,2,2,"[""https://www.ulta.com/p/take-day-off-cleansing-balm-makeup-remover-mini-xlsImpprod18791009"", ""https://www.ulta.com/p/take-day-off-cleansing-balm-makeup-remover-xlsImpprod11771009""]"
"i have been using this for a few years, and i love it. i hate the heavy feel of makeup on my face, and i just use this in place of any foundation. the only problem is that the pump keeps malfunctioning. the last 3 or 4 i bought have stopped working.",2,2,"[""https://www.ulta.com/p/blurring-moisturizing-filter-primer-pimprod2024916"", ""https://www.ulta.com/p/supersize-blurring-moisturizing-filter-primer-pimprod2024917""]"
"i have been using this for many, many years. i like to spray a facial mist to keep it from looking too ""powdery"" on my mature skin. it keeps getting more expensive, but for now i'll keep buying.",2,2,"[""https://www.ulta.com/p/mineral-veil-setting-powder-VP11355"", ""https://www.ulta.com/p/tinted-mineral-veil-setting-powder-prod110002""]"
"i have been using this for several years and absolutely love it. i have another foundation for when i want to look extra put together, but for a regular day, this has great coverage and is a huge time saver since i don't need to apply moisturizer or concealer first, not to mention the spf 50. makes it a great all-in-one for travel! i think the shade descriptions are a little off: i am fair with cool undertones and tend to opt for neutrals to warm me up, especially in summer. i have been wearing fair (the lightest shade available at the time), even though it supposedly has warm yellow undertonesâi found it to be slightly warm at first, but i think my cool powder neutralizes it? tried fair light once since it's supposed to be cool/rosy, but it was way darker and not a good match at all! i would go test shades before purchasing. to those complaining that it doesn't stay in place, try it on a bare face (no serums and whatnot!) immediately after washing face, before it starts to feel dry, and always set with powder before adding any kind of setting spray, if you're into those. setting spray alone does not set cream/liquid foundations! you need the dry to set the wet.",2,2,"[""https://www.ulta.com/p/cc-cream-with-spf-50-xlsImpprod5770257"", ""https://www.ulta.com/p/mini-cc-cream-with-spf-50-pimprod2013015""]"
"i have been using this matt foundation for a couple of years, and i love it. i don't need the liquid foundation after i wear this. highly recommended",2,2,"[""https://www.ulta.com/p/double-wear-stay-in-place-matte-powder-foundation-makeup-pimprod2031254"", ""https://www.ulta.com/p/double-wear-stay-in-place-matte-powder-foundation-refill-pimprod2031253""]"
i have been using this product daily for years as it leaves my colorado dry skin hydrated all day. i just bought a new can and feel as if there has been a formula change? it smells different and im now breaking out when i've never had this issue before. am i losing my mind??,2,2,"[""https://www.ulta.com/p/continuous-setting-mist-xlsImpprod18351117"", ""https://www.ulta.com/p/mini-continuous-setting-mist-pimprod2017654""]"
i have been using this product for almost two weeks and i love it! someone from ulta told me that i can use this as a blush and eyeshadow and that's what i have been doing! it's pretty pigmented but very blend-able as well. i would recommend this product for someone that wants buildable but natural blush and eyeshadow!,2,2,"[""https://www.ulta.com/p/pure-color-envy-sculpting-blush-pimprod2030735"", ""https://www.ulta.com/p/pure-color-envy-sculpting-blush-refill-pimprod2031074""]"
"i have been using your products for 50 plus years. the blush compacts are not user friendly to the older generation, it is hard to open, needs an indent or some other catch for gripping and opening.",2,2,"[""https://www.ulta.com/p/pure-color-envy-sculpting-blush-pimprod2030735"", ""https://www.ulta.com/p/pure-color-envy-sculpting-blush-refill-pimprod2031074""]"
i have combination skin from dry to oily. this left my skin so flakey and dry which cause my foundation to look horrible and break. i tried not using it and it made such a difference. it may depend on your akin but didnt work for me. unfortunately the tester was done on my hand not my face.,2,2,"[""https://www.ulta.com/p/porefessional-pore-minimizing-primer-mini-xlsImpprod10141042"", ""https://www.ulta.com/p/porefessional-pore-minimizing-primer-xlsImpprod2290003""]"
i have combo skin and old acne pitted scarring. after i turned 30 my once very oily skin dried out considerably. this is the only primer that hydrates how i want without giving me too much of a glow on my base or making my makeup slide throughout the day. it's not super heavy and i think someone with slightly oily skin could use this comfortably. i still get oily in my tzone and it doesn't separate in that area where when i tried milk hydrogrip and the elf dupe my makeup looked a little strange in my tzone by end of day. smash box also carries the only foundation that matches my skin tone without mixing shades (studio skin in shade 1.05 fair warm olive). love smashbox!,2,2,"[""https://www.ulta.com/p/photo-finish-primerizer-hydrating-primer-with-hyaluronic-acid-pimprod2030498"", ""https://www.ulta.com/p/travel-size-photo-finish-primerizer-hydrating-primer-with-hyaluronic-acid-pimprod2032761""]"
"i have dry porcelain skin, i can never find a good color match for my fair skin and this is the best i have ever used. love love love it.",2,2,"[""https://www.ulta.com/p/hide-peek-concealer-pimprod2024755"", ""https://www.ulta.com/p/hint-hint-skin-tint-pimprod2017569""]"
i have dry skin and this adds hydration and gives me a healthy glow all day long. i've repurchased 2x and definitely will again,2,2,"[""https://www.ulta.com/p/photo-finish-primerizer-hydrating-primer-with-hyaluronic-acid-pimprod2030498"", ""https://www.ulta.com/p/travel-size-photo-finish-primerizer-hydrating-primer-with-hyaluronic-acid-pimprod2032761""]"
i have extremely oily skin and makes my skin look flawless for about 2 hours and then throughout the day becomes very shiny. doesn't help me much.,2,2,"[""https://www.ulta.com/p/photo-finish-control-mattifying-primer-pimprod2030521"", ""https://www.ulta.com/p/travel-size-photo-finish-control-mattifying-primer-with-salicylic-acid-pimprod2032762""]"
i have extremely sensitive dry skin and this works so well for me. creates the perfect poreless canvas and holds onto my foundation. ive tried it with both skin tint by glossier and urband decays hydromaniac and it works well with both and hasnt irritated my skin.,2,2,"[""https://www.ulta.com/p/hydrating-face-primer-large-xlsImpprod17451019"", ""https://www.ulta.com/p/hydrating-face-primer-small-xlsImpprod14521173""]"
i have fair skin and did not notice a difference before &amp; after applying this to my face. ended up returning it.,2,2,"[""https://www.ulta.com/p/cheek-dew-hydrating-serum-blush-pimprod2027226"", ""https://www.ulta.com/p/pressed-powder-bronzer-pimprod2038313""]"
i have fair skin without acne but occasional general pinkness around the t zone due to irritation. this corrector blends easily with fingers and completely neutralizes my skin tone as if i have foundation on. it doesn't cling to dry patches and maintains even pigment. it has a natural finish but doesn't slide around my face even without powder. it sticks to my nose evenly and doesn't settle in pores. i can throw it on it looks undetectable up close to anyone but me. i was just shocked by how well this performed with little effort. this is like a high end complexion product and served the exact purpose i was hoping. im excited to try the peach corrector for under eyes and perhaps the concealers out of curiosity (but i dont even need it with this corrector!),2,2,"[""https://www.ulta.com/p/hd-pro-corrector-concealer-pimprod2022723"", ""https://www.ulta.com/p/lightweight-hd-pro-creamy-concealer-xlsImpprod15711051""]"
"i have had issues with other primers due to separation occurring (i struggle with dry skin). this one gave me such a great starting point, it blurred my pores, and made my skin appear flawless. i love it and definitely recommend it. i didn't notice a scent. it was packaged nicely and easy to use. and gave me great results.",2,2,"[""https://www.ulta.com/p/photo-finish-resurface-primer-with-glycolic-acid-pimprod2044509"", ""https://www.ulta.com/p/travel-size-photo-finish-resurface-primer-with-glycolic-acid-pimprod2044511""]"
"i have horrible dark circles and this is the only concealer that covers them, it can be cakey if you don't apply it right but once you learn how to apply it it'll cover anything",2,2,"[""https://www.ulta.com/p/hide-peek-concealer-pimprod2024755"", ""https://www.ulta.com/p/hint-hint-skin-tint-pimprod2017569""]"
i have light skin and have used this bronzer for many years. it looks very natural and i can use it both in the summer with a bit of a tan and in the winter and it looks great too. i like that it doesn't have any shimmer and that it comes in a mini size so very easy to travel with. i tried the hoola lite option since i do have fair skin and didn't like it as much.,3,3,"[""https://www.ulta.com/p/hoola-matte-powder-bronzer-jumbo-pimprod2045528"", ""https://www.ulta.com/p/hoola-matte-powder-bronzer-mini-xlsImpprod13741145"", ""https://www.ulta.com/p/hoola-matte-powder-bronzer-xlsImpprod820346""]"
"i have light skin and i bought clare. i put this on after my regular moisturizer. i use a pea size amount and rub it on like moisturizer. it leaves my skin feeling so smooth, plumped and hydrated with no oily feeling. it gives the slightest hint of color. i love this so much because it makes my skin look so healthy. my concealer goes on extra smooth when i use this. the tiniest hint of tint just livens up my dull looking winter complexion.",2,2,"[""https://www.ulta.com/p/cc-water-with-hyaluronic-acid-pimprod2025143"", ""https://www.ulta.com/p/travel-size-cc-water-with-hyaluronic-acid-pimprod2025144""]"
i have loved this corrector for years with a passion and just reordered. this is not the same product. the bronze ribbon is darker than it used to be so it no longer matches my face. it would be fine if i had a tanâ¦but i don't. it also feels weird on my skin and leaves a residue that i had to wash my face twice to remove. this was such a perfect primer and they went and changed the formula! really disappointed and can't recommend this anymore.,2,2,"[""https://www.ulta.com/p/one-step-correct-brightening-correcting-primer-xlsImpprod2390219"", ""https://www.ulta.com/p/travel-size-one-step-correct-brightening-correcting-primer-xlsImpprod16451215""]"
"i have never experienced such a perfect primer and/or setting spray. it makes my makeup look better, last longer, and stops it from smudging. plus, i've had less acne breakouts since beginning to use this.",2,2,"[""https://www.ulta.com/p/mini-mac-prep-prime-fix-primer-setting-spray-xlsImpprod15921206"", ""https://www.ulta.com/p/prep-prime-fix-primer-setting-spray-xlsImpprod15921204""]"
i have never had luck with foundations due to my very light skin tone and from pores and wrinkles. this primer is an amazing product that covers my skin looking so natural. i am so happy &amp; amazed.,2,2,"[""https://www.ulta.com/p/blurring-moisturizing-filter-primer-pimprod2024916"", ""https://www.ulta.com/p/supersize-blurring-moisturizing-filter-primer-pimprod2024917""]"
"i have never tried the brand smashbox and was super excited to try this photo finish resurface smooth + renew primer by them. thank you so much to @influenster and @smashbox for the opportunity to try it out and it definitely gained ya'll a new customer. i absolutley fell in love with this product. the liquid is a creamy white color, not too thick or too thin. when you put it on your face....... it's like it turns into silk. it honestly feels like you are rubbing a thin piece of silk across your face, feels soooooo good. it doesn't make your face oily or dry it out and it honestly does make your face seem much more seedless covering up pores. i love it, i use it before putting on my makeup and just it at nighttime after moisturizing and have been very happy with it.",2,2,"[""https://www.ulta.com/p/photo-finish-resurface-primer-with-glycolic-acid-pimprod2044509"", ""https://www.ulta.com/p/travel-size-photo-finish-resurface-primer-with-glycolic-acid-pimprod2044511""]"
"i have never used this product or left a review, but this powder is witchcraft! most amazing powder i've ever used, i didnt wear it long enough for a wear test. but i highly recommend, will repurchase after i'm done with this.",3,3,"[""https://www.ulta.com/p/illuminating-mineral-veil-setting-powder-prod2138919"", ""https://www.ulta.com/p/mineral-veil-setting-powder-VP11355"", ""https://www.ulta.com/p/tinted-mineral-veil-setting-powder-prod110002""]"
"i have no complaints, it does what the packaging says it does!",3,3,"[""https://www.ulta.com/p/facestudio-master-prime-blur-pore-minimize-primer-xlsImpprod18351169"", ""https://www.ulta.com/p/facestudio-master-prime-blur-redness-control-primer-xlsImpprod11861005"", ""https://www.ulta.com/p/facestudio-master-prime-blur-smooth-primer-xlsImpprod11861001""]"
i have no idea if this works as a setting spray because i couldn't get past the heavy floral scent. if you are sensitive to floral fragrance you will want to avoid this product.,2,2,"[""https://www.ulta.com/p/continuous-setting-mist-xlsImpprod18351117"", ""https://www.ulta.com/p/mini-continuous-setting-mist-pimprod2017654""]"
"i have normal/combo skin and this didn't set down my makeup very well. i went somewhere for only 2 hours and upon coming home, i saw my oils coming through and was disappointed that this spray didn't do its job. the scent is also somewhat strong, it's floral-y and i definitely have to hold my breath while spraying this.",2,2,"[""https://www.ulta.com/p/continuous-setting-mist-xlsImpprod18351117"", ""https://www.ulta.com/p/mini-continuous-setting-mist-pimprod2017654""]"
i have not used smachbox in a while. it sat in my finelines....the smashbox resurface was a game changer. it makes my skin look amazing and does not enhance any of my flaws. it really looks good under my foundation. i do believe i found my go-to.,2,2,"[""https://www.ulta.com/p/photo-finish-resurface-primer-with-glycolic-acid-pimprod2044509"", ""https://www.ulta.com/p/travel-size-photo-finish-resurface-primer-with-glycolic-acid-pimprod2044511""]"
"i have oily skin , and i used this powder and its amazing!!! it gives a blurred effect and i live in texas , so its very hot and i need something sweatproof! this does just that , i totally recommend it to my oily skin girls!!",4,4,"[""https://www.ulta.com/p/bake-set-soft-focus-setting-powder-pimprod2009225"", ""https://www.ulta.com/p/jumbo-bake-set-soft-focus-setting-powder-pimprod2043957"", ""https://www.ulta.com/p/mini-bake-set-soft-focus-setting-powder-pimprod2043959"", ""https://www.ulta.com/p/totally-set-mini-brighten-set-powder-duo-pimprod2043963""]"
i have oily skin and i recently purchased this and went out for school using the primer for the first time. my makeup came out so bad! my skin was all dry and flaky even though i have oily skin? i dont know if its maybe because i didnt use enough but the primer felt so drying even though i use sunscreen and prep my skin when i put on makeup.,3,3,"[""https://www.ulta.com/p/facestudio-master-prime-blur-pore-minimize-primer-xlsImpprod18351169"", ""https://www.ulta.com/p/facestudio-master-prime-blur-redness-control-primer-xlsImpprod11861005"", ""https://www.ulta.com/p/facestudio-master-prime-blur-smooth-primer-xlsImpprod11861001""]"
i have oily skin and i wear a generous amount of sunscreen every day which makes my skin even oilier. this product did not work well with thatâ¦ gorgeous color but it didn't last / blended away with my oil slick. rare beauty blush pops so good on my skin with or with out my oil slick maddness. i'll just stick to rare beauty.,2,2,"[""https://www.ulta.com/p/megaglo-makeup-stick-blush-xlsImpprod16731045"", ""https://www.ulta.com/p/megaglo-makeup-stick-pimprod2043772""]"
"i have oily skin, so i'm a bit nervous around cream contour, i can turn into a hot greasy mess pretty quickly. this isn't oily, which is great but it's a bit shimmery (not glitter shimmer though), which i wasn't really looking for and it's orange on me, i have the shade suede. i also doesn't last very long. honestly i'd say spend a bit more for a better one. i usually love l.a. girl products but this one failed",2,2,"[""https://www.ulta.com/p/velvet-contour-bronzer-stick-pimprod2040056"", ""https://www.ulta.com/p/velvet-contour-stick-blush-pimprod2040099""]"
i have only tried this but i like how it does make my makeup go on more smoothly.,2,2,"[""https://www.ulta.com/p/smooth-affair-facial-primer-brightener-pimprod2004113"", ""https://www.ulta.com/p/smooth-affair-mattifying-face-primer-pimprod2033620""]"
"i have overall dry skin and don't like to use foundation because how it accentuates my dry spots. i typically just use concealer. at first i thought this product was not meshing well with my concealer, but i put the primer on after letting my face lotion and sunscreen dry and then let the primer dry down (abt 5 min) and it looks amazing. it does seem to be better for dry skin and not oily. i dont use the whole 2 pumps, maybe 1.5, and it's lasted quite a while for me.",2,2,"[""https://www.ulta.com/p/blurring-moisturizing-filter-primer-pimprod2024916"", ""https://www.ulta.com/p/supersize-blurring-moisturizing-filter-primer-pimprod2024917""]"
"i have red, oily skin that gets irritated easily (especially with cheap products), but my skin likes this stuff. it's very light and has never caused me any breakouts. my skin looks better with this stuff even without putting makeup on top of it - definitely smoother and blurred. it doesn't have the best staying power ever, but i only use it when i apply makeup in the afternoon/night since i use an spf primer during the day, so it is fine for just lasting through the night. for the price, this primer can't be beat",3,3,"[""https://www.ulta.com/p/facestudio-master-prime-blur-pore-minimize-primer-xlsImpprod18351169"", ""https://www.ulta.com/p/facestudio-master-prime-blur-redness-control-primer-xlsImpprod11861005"", ""https://www.ulta.com/p/facestudio-master-prime-blur-smooth-primer-xlsImpprod11861001""]"
"i have repurchased this 3 times. it has medium coverage and can be layered up to get a fuller coverage. it's a good base for other cream products/concealers. no smell, doesn't irritate my sensitive skin. it will come off your face when blowing your nose, making out lol, so a good setting spray is necessary. powder products should be pressed into the skin instead of brushed to prevent unwanted texture. but otherwise it's beautiful and i will continue to buy. i can use my hands to press it in or a brush or a beauty sponge. it is worth a try in you want a lighter feeling foundation.",2,2,"[""https://www.ulta.com/p/halo-healthy-glow-tinted-moisturizer-broad-spectrum-spf-25-pimprod2016307"", ""https://www.ulta.com/p/mini-halo-healthy-glow-tinted-moisturizer-broad-spectrum-spf-25-pimprod2033372""]"
"i have rosacea and all the fun skin sensitivities that come with it. this evens out my tone, neutralizes redness, and feels amazing. unlike most primers i've tried it doesn't make my skin oily and doesn't feel so ""grippy"" that i can't blend out my foundation easily. this is now the only all over face primer i will use. (i use ulta brand's eyeshadow primer in champagne and i can't say enough good things about it either!)",2,2,"[""https://www.ulta.com/p/one-step-correct-brightening-correcting-primer-xlsImpprod2390219"", ""https://www.ulta.com/p/travel-size-one-step-correct-brightening-correcting-primer-xlsImpprod16451215""]"
"i have rosacea and this product does not counter the redness at all, and made me break out for 2-3 days after using the product. i tried it twice to make sure it was the culprit.",2,2,"[""https://www.ulta.com/p/photo-finish-correct-anti-redness-primer-pimprod2030499"", ""https://www.ulta.com/p/travel-size-photo-finish-correct-anti-redness-primer-pimprod2032763""]"
i have searched and searched. tried more make up removers than i care to think about. none worked and most left my eyes foggy from the oil. the clinique take the day off does just that. and gently. 100% of make up removed and no residue. i'll def be buying again when i run out (which may be a while bc you do t need much productâ¦..another plus!),2,2,"[""https://www.ulta.com/p/take-day-off-cleansing-balm-makeup-remover-mini-xlsImpprod18791009"", ""https://www.ulta.com/p/take-day-off-cleansing-balm-makeup-remover-xlsImpprod11771009""]"
"i have sensitive skin and should have read the ingredients more thoroughly. i use my cleansing oil/balm to remove makeup, especially eye makeup, but this one contains eucalyptus. i do not recommend using around the eyes.",2,2,"[""https://www.ulta.com/p/pro-collagen-cleansing-balm-xlsImpprod18731145"", ""https://www.ulta.com/p/travel-size-pro-collagen-cleansing-balm-pimprod2004741""]"
"i have split feelings about this illuminizing blendrops with spf. while i do like the shimmery glitter look, i don't like it on my whole face. i like to use this more like a little highlighter for my face or even just on my body to get the shimmer glow look. it has a rose gold tint which probably won't go with every skin tone.",3,3,"[""https://www.ulta.com/p/bronzing-blendrops-spf-40-priming-drops-pimprod2043859"", ""https://www.ulta.com/p/illuminizing-blendrops-spf-40-priming-drops-pimprod2043861"", ""https://www.ulta.com/p/perfecting-blendrops-spf-40-priming-drops-pimprod2043860""]"
i have such oily skin and makeup always melts off. i have been using this powder for a year and it has been my holy grail! i bought it last week and took it as my only powder to a music festival. big mistake lol. i left the absolute worst white cast over my finished makeup. i tried it the next day thinking it maybe was just the brush and tried a sponge but no. unfortunately they upped the spf. such a bummer-i went back to a drugstore powder.,3,3,"[""https://www.ulta.com/p/illuminating-mineral-veil-setting-powder-prod2138919"", ""https://www.ulta.com/p/mineral-veil-setting-powder-VP11355"", ""https://www.ulta.com/p/tinted-mineral-veil-setting-powder-prod110002""]"
"i have the colourpop bronzer in the shades pacific beach and summerland beach. both are flattering (i have brown eyes and light-medium skin with a neutral undertone). this product is easy to use and has a good color payoff. i'm happy with my purchase but i wish the had a broader, more inclusive shade range.",2,2,"[""https://www.ulta.com/p/cheek-dew-hydrating-serum-blush-pimprod2027226"", ""https://www.ulta.com/p/pressed-powder-bronzer-pimprod2038313""]"
"i have this in mauve mystique. i am very fair with brown eyes and brunette. i like the color but am a little disappointed in how this product blends. it's""ok"" but for the price i was expecting the formula to blend more easily. i do not use the brush given as it's small and i use a regular sized blush blending brush from another brand. i like how the compact is refillable, a plus and it's substantial. however i do agree with another reviewer that there needs to be a notch for ease of opening the compact. this seems like a no brained to me.",2,2,"[""https://www.ulta.com/p/pure-color-envy-sculpting-blush-pimprod2030735"", ""https://www.ulta.com/p/pure-color-envy-sculpting-blush-refill-pimprod2031074""]"
"i have thr sweet seduction shade and it is gorgeous. it's one of my favorite blushes. i just did a blush declutter and i got rid of high end blushes that were similar color to this. that's how good this is. color is beautiful, formula is a powder but so buttery! and the color stays for me all day!",2,2,"[""https://www.ulta.com/p/trublend-so-flushed-high-pigment-blush-pimprod2016942"", ""https://www.ulta.com/p/trublend-so-flushed-high-pigment-bronzer-pimprod2017123""]"
"i have to reapply several times a day, not very pigmented, chemical odor, very blotchy and powdery, huge amount of fallout in the pan, and from the brush so cover areas you don't want bronzer on. i tried to like this product but no. it just doesn't have all the hype people give it at least not for my skin",2,2,"[""https://www.ulta.com/p/trublend-so-flushed-high-pigment-blush-pimprod2016942"", ""https://www.ulta.com/p/trublend-so-flushed-high-pigment-bronzer-pimprod2017123""]"
i have tried a lot of makeup remover and this is the best,2,2,"[""https://www.ulta.com/p/take-day-off-cleansing-balm-makeup-remover-mini-xlsImpprod18791009"", ""https://www.ulta.com/p/take-day-off-cleansing-balm-makeup-remover-xlsImpprod11771009""]"
"i have tried many setting spray's, and this is definitely the only one that works to keep my makeup on and also doesn't leave my face feeling wet, like i sprayed myself with a bottle of water in the face. love this!",2,2,"[""https://www.ulta.com/p/continuous-setting-mist-xlsImpprod18351117"", ""https://www.ulta.com/p/mini-continuous-setting-mist-pimprod2017654""]"
i have tried many tinted moisturizers working in this industry but none can compare to this one. it actually dries down but leaves you with the most beautiful luminous glow and plays well with so many products. i have dry skin and have never had it cling to patches.,2,2,"[""https://www.ulta.com/p/halo-healthy-glow-tinted-moisturizer-broad-spectrum-spf-25-pimprod2016307"", ""https://www.ulta.com/p/mini-halo-healthy-glow-tinted-moisturizer-broad-spectrum-spf-25-pimprod2033372""]"
i have tried several make up remover products high end and drugstore clinique is the best.,2,2,"[""https://www.ulta.com/p/take-day-off-cleansing-balm-makeup-remover-mini-xlsImpprod18791009"", ""https://www.ulta.com/p/take-day-off-cleansing-balm-makeup-remover-xlsImpprod11771009""]"
"i have tried so many concealers over the years, desperately seeking something that covers my dark under eye circles (genetic). most concealers were either too light in coverage or not a good shade match. this is now my holy grail product, the unicorn i've been searching for. it offers great coverage and i find the 20.0 medium to be a true neutral. i'd say it skews more toward light-medium since i'm not a true medium and it's perfect for me. for reference, the best concealer color match i've found is smashbox's light neutral olive (it just wasn't full enough coverage for this girl's dark circles) and for foundation i wear mineral fusion's olive 2 in pressed powder. basically my skin matches an olive that grew in the shade so color matches are tough. a word about texture: if you're used to liquid concealers, this one is going to surprise you with how thick it is. you might think it's dried out. it's not! if you're used to solid/stick concealers, you'll understand it. you can only do minimal blending, so finding a good shade match will help. i use my finger to apply it using gentle taps. and if the finish is a bit too shiny for you, i find a dusting of setting powder helps give it a slightly more matte look. also, everyone is right that a little goes a long way. i suspect one regular tube will last me more than a year, so the price is absolutely worth it.",2,2,"[""https://www.ulta.com/p/bye-bye-under-eye-full-coverage-anti-aging-waterproof-concealer-xlsImpprod5770259"", ""https://www.ulta.com/p/travel-size-bye-bye-under-eye-full-coverage-anti-aging-waterproof-concealer-xlsImpprod12871043""]"
i have tried so many different primers and i always come back to this one. this primer always keeps my oil in control even on the hottest days. i really wish it was cheaper because it goes quick!,2,2,"[""https://www.ulta.com/p/photo-finish-control-mattifying-primer-pimprod2030521"", ""https://www.ulta.com/p/travel-size-photo-finish-control-mattifying-primer-with-salicylic-acid-pimprod2032762""]"
"i have tried so many primers and i have to say this is the best i've used! i have several different foundations and powder foundations and this primer works with all of them , my makeup goes on beautifully sitj mo separation . try it , you will be hooked !",2,2,"[""https://www.ulta.com/p/blurring-moisturizing-filter-primer-pimprod2024916"", ""https://www.ulta.com/p/supersize-blurring-moisturizing-filter-primer-pimprod2024917""]"
i have tried so many primers with my combination skin and nothing has compared to how well this keeps my makeup in tact all day even wearing a mask for 8 hours.,2,2,"[""https://www.ulta.com/p/studio-perfect-color-correcting-primer-in-lavender-xlsImpprod3280315"", ""https://www.ulta.com/p/studio-perfect-face-primer-in-clear-xlsImpprod3280311""]"
i have used better primers but will use it,3,3,"[""https://www.ulta.com/p/facestudio-master-prime-blur-pore-minimize-primer-xlsImpprod18351169"", ""https://www.ulta.com/p/facestudio-master-prime-blur-redness-control-primer-xlsImpprod11861005"", ""https://www.ulta.com/p/facestudio-master-prime-blur-smooth-primer-xlsImpprod11861001""]"
i have used the original primer for 8 years and i was right to be concerned when i saw the new packaging. this new product is definitely not the same. it does not last as long due to the poor packaging in a squeeze tube which i'm sure is good for their bottom line but the formula is also off. it's tachy and does not spread as well. will be buying new brands to find my new favorite. hope bareminerals attempt to save money was worth losing costumers. will not buy again.,2,2,"[""https://www.ulta.com/p/mini-prime-time-original-pore-minimizing-primer-pimprod2039236"", ""https://www.ulta.com/p/prime-time-original-pore-minimizing-primer-pimprod2036786""]"
i have used this concealer for 2 years and never had any problems with it. i would definitely recommend it for someone.,2,2,"[""https://www.ulta.com/p/mini-radiant-creamy-concealer-pimprod2017511"", ""https://www.ulta.com/p/radiant-creamy-concealer-xlsImpprod15251325""]"
i have used this primer for over a year now and it is hands down the best primer ive ever used. little goes a long way. and it glides on like butter!! its amazing i would recommend this everyday,2,2,"[""https://www.ulta.com/p/original-photo-finish-smooth-blur-oil-free-primer-xlsImpprod3590041"", ""https://www.ulta.com/p/travel-size-original-photo-finish-smooth-blur-oil-free-primer-pimprod2033047""]"
i have used this product a few days and it kind of comes off right away when using a beauty blender so next i just used my fingers and it was better. but i didn't really notice a huge difference.,2,2,"[""https://www.ulta.com/p/photo-finish-correct-anti-redness-primer-pimprod2030499"", ""https://www.ulta.com/p/travel-size-photo-finish-correct-anti-redness-primer-pimprod2032763""]"
i have used this product for about the last year or so amd i love it! its super buildable on miltiple foundations and light enough to wear alone.,2,2,"[""https://www.ulta.com/p/laguna-bronzer-powder-talc-free-pimprod2038440"", ""https://www.ulta.com/p/mini-laguna-bronzer-powder-talc-free-pimprod2038438""]"
i have used this product for years and have occasionally tried other primers (even high-end ones) but always go back to this one because it works well. i have large pores and older skin and it does help my foundation go on smoother and last longer and minimize my pores.,3,3,"[""https://www.ulta.com/p/facestudio-master-prime-blur-pore-minimize-primer-xlsImpprod18351169"", ""https://www.ulta.com/p/facestudio-master-prime-blur-redness-control-primer-xlsImpprod11861005"", ""https://www.ulta.com/p/facestudio-master-prime-blur-smooth-primer-xlsImpprod11861001""]"
i have used this product for years and i will probably never give it up. it has a thick consistency and i use an eye serum and a tiny amount of vaseline under my eye to get even coverage. works beautifully!,2,2,"[""https://www.ulta.com/p/bye-bye-under-eye-full-coverage-anti-aging-waterproof-concealer-xlsImpprod5770259"", ""https://www.ulta.com/p/travel-size-bye-bye-under-eye-full-coverage-anti-aging-waterproof-concealer-xlsImpprod12871043""]"
"i have very fair skin so i was looking for a concealer that would fit my shade. i believe i got the fair ivory skin shade and it came out white, very white. it didn't blend great, definitely wouldn't use applicator to blend, and emphasized my texture and dry patches. not a fan of this product.",2,2,"[""https://www.ulta.com/p/hd-pro-corrector-concealer-pimprod2022723"", ""https://www.ulta.com/p/lightweight-hd-pro-creamy-concealer-xlsImpprod15711051""]"
"i have very mild redness and it did not cover it up, i dont understand how ppl are saying it covered their severe redness. i just dont see how.",2,2,"[""https://www.ulta.com/p/photo-finish-correct-anti-redness-primer-pimprod2030499"", ""https://www.ulta.com/p/travel-size-photo-finish-correct-anti-redness-primer-pimprod2032763""]"
i have worn this powder for over 20 years and wouldn't change a thing. it's great in the summer because i can forego my double wear foundation and just wear this on really hot and humid days and feel just as covered.,2,2,"[""https://www.ulta.com/p/double-wear-stay-in-place-matte-powder-foundation-makeup-pimprod2031254"", ""https://www.ulta.com/p/double-wear-stay-in-place-matte-powder-foundation-refill-pimprod2031253""]"
i how easy it is to apply. the color looks great! the tone complements my skin well.,2,2,"[""https://www.ulta.com/p/cheek-dew-hydrating-serum-blush-pimprod2027226"", ""https://www.ulta.com/p/pressed-powder-bronzer-pimprod2038313""]"
"i initially purchased 390 and it didn't show up on my complexion. it went on smooth and didn't irritate my sensitive skin, so i'll use it as finishing powder. i then purchased this shade, 400, which is super dark. there needs to be a few shades between 390 and 400. to go from one that matches my complexion to one that is way too dark is ridiculous. also, the back of shade 400 says ""highly pigmented blush."" the back of 390 says, ""highly pigmented bronzer."" i'm guessing the back of 400 was a misprint. if there's a shade for you, i do recommend it.",2,2,"[""https://www.ulta.com/p/trublend-so-flushed-high-pigment-blush-pimprod2016942"", ""https://www.ulta.com/p/trublend-so-flushed-high-pigment-bronzer-pimprod2017123""]"
"i just brought this yesterday and when i went to apply it blended out easily, but i felt a burning sensation under my eye. then i put my concealer on and i felt another burning sensation and i said set my face and where i got a chemical burn was red",2,2,"[""https://www.ulta.com/p/hd-pro-corrector-concealer-pimprod2022723"", ""https://www.ulta.com/p/lightweight-hd-pro-creamy-concealer-xlsImpprod15711051""]"
i just got this concealer and the shade is perfect. it also has beautiful coverage that looks super natural,2,2,"[""https://www.ulta.com/p/mini-radiant-creamy-concealer-pimprod2017511"", ""https://www.ulta.com/p/radiant-creamy-concealer-xlsImpprod15251325""]"
i just love this product but every time i purchase a new one the case breaks apart within a month. just wish the clasp was a bit stronger. but otherwise great choices of colors and stays on!!,2,2,"[""https://www.ulta.com/p/trublend-so-flushed-high-pigment-blush-pimprod2016942"", ""https://www.ulta.com/p/trublend-so-flushed-high-pigment-bronzer-pimprod2017123""]"
i just recently got this primer &amp; instantly fell in love with it! it feels very lightweight on the skin &amp; rubs in very easily! it's a great base if you have oily skin because it helps control your oils!,2,2,"[""https://www.ulta.com/p/photo-finish-control-mattifying-primer-pimprod2030521"", ""https://www.ulta.com/p/travel-size-photo-finish-control-mattifying-primer-with-salicylic-acid-pimprod2032762""]"
"i just want an affordable skin tint that i can apply on-the-go without it breaking me out or needing to be set. kinda like asian bb creams (but most of them break me out unfortunately :&lt; ) this one does not break me out and on the skin (with fingers) it is easy to build up and blend into light to medium coverage. it leaves a nice satin finish that is very skin-like and natural. it doesn't sink in or emphasize pores and lasts maybe 8 hours on me. unfortunately because it doesn't fully dry down on my combo oily skin i need to set it with powder to make it less sticky/tacky feeling. that defeats the purpose of making it grab-and-go for my needs. it also oxidizes 1 shade darker, and for me the next shade up is too warm for my skin-tone. shade range could be improved. lastly the dropper packaging always leaks so it gets very messy.",2,2,"[""https://www.ulta.com/p/hide-peek-concealer-pimprod2024755"", ""https://www.ulta.com/p/hint-hint-skin-tint-pimprod2017569""]"
"i know these have a tint but my olive skintone doesn't notice any change, which i am okay with. the spf feels light and my makeup still goes on really well. i get compliments on my skin and i believe this product helps keep my skin protected. no breakouts and i have sensitive skin. will continue to buy it.",3,3,"[""https://www.ulta.com/p/bronzing-blendrops-spf-40-priming-drops-pimprod2043859"", ""https://www.ulta.com/p/illuminizing-blendrops-spf-40-priming-drops-pimprod2043861"", ""https://www.ulta.com/p/perfecting-blendrops-spf-40-priming-drops-pimprod2043860""]"
i like it,6,6,"[""https://www.ulta.com/p/blushing-blush-powder-blush-xlsImpprod10791937"", ""https://www.ulta.com/p/brighten-up-smoothing-primer-gel-pimprod2014645"", ""https://www.ulta.com/p/flawless-creator-liquid-foundation-drops-xlsImpprod16661005"", ""https://www.ulta.com/p/shape-tape-corrector-pimprod2038418"", ""https://www.ulta.com/p/shimmer-brick-highlighter-pimprod2036089"", ""https://www.ulta.com/p/sun-club-luminous-bronzing-powder-pimprod2013680""]"
i like it all tho i use when i need a spray buy nice,2,2,"[""https://www.ulta.com/p/mini-mac-prep-prime-fix-primer-setting-spray-xlsImpprod15921206"", ""https://www.ulta.com/p/prep-prime-fix-primer-setting-spray-xlsImpprod15921204""]"
i like it very much!,4,2,"[""https://www.ulta.com/p/mini-vitamin-enriched-face-base-moisturizer-primer-with-vitamin-c-hyaluronic-acid-pimprod2025025"", ""https://www.ulta.com/p/vitamin-enriched-face-base-moisturizer-primer-with-vitamin-c-hyaluronic-acid-pimprod2025028""]"
i like it.,3,3,"[""https://www.ulta.com/p/blurring-moisturizing-filter-primer-pimprod2024916"", ""https://www.ulta.com/p/sheer-finish-all-day-oil-control-pressed-powder-pimprod2041407"", ""https://www.ulta.com/p/supersize-blurring-moisturizing-filter-primer-pimprod2024917""]"
"i like the amount of product and application isnt hard, but sadly it oxidizes when put hnder my clinique concealer so theres a visible orangeness under my eyes",2,2,"[""https://www.ulta.com/p/hd-pro-corrector-concealer-pimprod2022723"", ""https://www.ulta.com/p/lightweight-hd-pro-creamy-concealer-xlsImpprod15711051""]"
"i like the multi use of the products, and it looks great on my skin complexion.. however, the top cracked and it doesn't stay on and it got all over my make up bag. very disappointing.",2,2,"[""https://www.ulta.com/p/supercharged-bronzer-multistick-pimprod2026828"", ""https://www.ulta.com/p/supercharged-cheek-lip-multistick-pimprod2021340""]"
"i like the way this makes my skin feel. i use the erborian cc cream as my foundation most days and i will say that i think this product would be better under an actual foundation vs. a tinted moisturizer. it did cause my cc cream to breakdown and get oily in my t-zone. be careful when you squeeze this out, too. because of its serum-like texture it's easy to squeeze a whole bunch out by accident.",2,2,"[""https://www.ulta.com/p/photo-finish-primerizer-hydrating-primer-with-hyaluronic-acid-pimprod2030498"", ""https://www.ulta.com/p/travel-size-photo-finish-primerizer-hydrating-primer-with-hyaluronic-acid-pimprod2032761""]"
i like this concealer shade makes my undereye make up bright.,2,2,"[""https://www.ulta.com/p/hd-pro-corrector-concealer-pimprod2022723"", ""https://www.ulta.com/p/lightweight-hd-pro-creamy-concealer-xlsImpprod15711051""]"
"i like this primer! i think people dont understand that there are 2 different versions. theres the ""kitten"" one and the og one. the ""kitten"" one has the shimmer and looks more bronzed and dark. this one is the original formula with no shimmer whatsoever. anyways back to my review. i was skeptical of this primer at first which is why i bought the small size, it did last me a long time though. when i first used this primer i was going out with some friends, that same night i got tons of compliments on my foundation. now, i love wearing this under my fenty foundation. it gives an extra layer of coverage that i haven't been able to find in any other primer. i always and i mean always get compliments on my foundation base whenever i use this primer. it makes my foundation look even. never patchy! so do i recommend it? yes. and no. because then it leaves more for me!!!",2,2,"[""https://www.ulta.com/p/one-step-correct-brightening-correcting-primer-xlsImpprod2390219"", ""https://www.ulta.com/p/travel-size-one-step-correct-brightening-correcting-primer-xlsImpprod16451215""]"
i like to use this more like a finshing powder and you don't have to be too careful because it's subtle. very pretty!,2,2,"[""https://www.ulta.com/p/dandelion-twinkle-soft-nude-pink-powder-highlighter-mini-xlsImpprod17971039"", ""https://www.ulta.com/p/dandelion-twinkle-soft-nude-pink-powder-highlighter-xlsImpprod15771001""]"
"i like using this for my under eyes . when using it, i use another brush to apply a thin layer bc the applicator kinda is messy. i recommend using another brush to apply the product rather than go straight in with the applicator",2,2,"[""https://www.ulta.com/p/hd-pro-corrector-concealer-pimprod2022723"", ""https://www.ulta.com/p/lightweight-hd-pro-creamy-concealer-xlsImpprod15711051""]"
i liked it for the most part. i do not think the can has that much product. also the cap and the nozzle do not mesh well and felt like i had a hard time putting the cap back on without accidentally spraying product.,2,2,"[""https://www.ulta.com/p/continuous-setting-mist-xlsImpprod18351117"", ""https://www.ulta.com/p/mini-continuous-setting-mist-pimprod2017654""]"
"i liked the texture of this, but did not relieve any redness on my cheeks at all.",2,2,"[""https://www.ulta.com/p/photo-finish-correct-anti-redness-primer-pimprod2030499"", ""https://www.ulta.com/p/travel-size-photo-finish-correct-anti-redness-primer-pimprod2032763""]"
"i liked the texture of this, it's like a gel. problem is it has tiny tinted microcapsules suspended in a gel and when applied it doesn't distribute evenly no matter how good you rub it in. very streaky! also it suppose to adjust to your skin tone, but it made my skin look like fake tan, and i bought shade clair. i tried their other cc cream with spf where it goes on as white cream and adjust to skin color and it it amazing.",2,2,"[""https://www.ulta.com/p/cc-water-with-hyaluronic-acid-pimprod2025143"", ""https://www.ulta.com/p/travel-size-cc-water-with-hyaluronic-acid-pimprod2025144""]"
"i literally opened the plastic around it and the product came tumbling out on the floor. it's too orange for me- i'm pale with cool under tones, but usually these contour sticks (in shades similar) don't look bad. this product is not one i'll be purchasing again",2,2,"[""https://www.ulta.com/p/velvet-contour-bronzer-stick-pimprod2040056"", ""https://www.ulta.com/p/velvet-contour-stick-blush-pimprod2040099""]"
"i loooove tbis primer. it's expensive, but it is worth it. my foundation goes on so so so smooth!",2,2,"[""https://www.ulta.com/p/photo-finish-primerizer-hydrating-primer-with-hyaluronic-acid-pimprod2030498"", ""https://www.ulta.com/p/travel-size-photo-finish-primerizer-hydrating-primer-with-hyaluronic-acid-pimprod2032761""]"
"i love a glowy sunscreen, especially if they're lightweight, and this product is that exactly! i have oily and sensitive skin and i love the fact that this sunscreen is lightweight, doesn't break me out, and has no scent to it. it works well under my makeup and works well on its own because it gives a glowy bronze finish to the skin",3,3,"[""https://www.ulta.com/p/bronzing-blendrops-spf-40-priming-drops-pimprod2043859"", ""https://www.ulta.com/p/illuminizing-blendrops-spf-40-priming-drops-pimprod2043861"", ""https://www.ulta.com/p/perfecting-blendrops-spf-40-priming-drops-pimprod2043860""]"
"i love elf halo glow as an illuminating primer.. however i find that even the lightest shade has a weird bronzey tint that makes my face look dirty lol. this is the same thing, without the bronzed tint and i love it.",2,2,"[""https://www.ulta.com/p/photo-finish-illuminate-glow-primer-pimprod2030497"", ""https://www.ulta.com/p/travel-size-photo-finish-illuminate-glow-primer-pimprod2032764""]"
i love halo i've been using it for years. is really hard to find things that work on my skin cause i have extremely sensitive skin. but this works for me.beautiful finish!,2,2,"[""https://www.ulta.com/p/halo-healthy-glow-tinted-moisturizer-broad-spectrum-spf-25-pimprod2016307"", ""https://www.ulta.com/p/mini-halo-healthy-glow-tinted-moisturizer-broad-spectrum-spf-25-pimprod2033372""]"
"i love how lightweight this formula is, however, no matter what color i order, it seems to turn very orange like a bad spray tan after about 30 minutes.",2,2,"[""https://www.ulta.com/p/cc-water-with-hyaluronic-acid-pimprod2025143"", ""https://www.ulta.com/p/travel-size-cc-water-with-hyaluronic-acid-pimprod2025144""]"
i love how silky looking it leaves my skin. i have combination skin and sometimes powders can cling to my dry spots but this does not at all!,4,4,"[""https://www.ulta.com/p/bake-set-soft-focus-setting-powder-pimprod2009225"", ""https://www.ulta.com/p/jumbo-bake-set-soft-focus-setting-powder-pimprod2043957"", ""https://www.ulta.com/p/mini-bake-set-soft-focus-setting-powder-pimprod2043959"", ""https://www.ulta.com/p/totally-set-mini-brighten-set-powder-duo-pimprod2043963""]"
i love how smooth this goes on. and my makeup looks flawless with it.,2,2,"[""https://www.ulta.com/p/photo-finish-control-mattifying-primer-pimprod2030521"", ""https://www.ulta.com/p/travel-size-photo-finish-control-mattifying-primer-with-salicylic-acid-pimprod2032762""]"
i love how soft this product feels on my skin. it also does a pretty good job at color correcting my skin before applying my foundation. it doesn't fully take the redness away but it does help.,2,2,"[""https://www.ulta.com/p/studio-perfect-color-correcting-primer-in-lavender-xlsImpprod3280315"", ""https://www.ulta.com/p/studio-perfect-face-primer-in-clear-xlsImpprod3280311""]"
i love how this spray makes makeup look. don't leave home without it. love it!,2,2,"[""https://www.ulta.com/p/porefessional-super-setter-long-lasting-makeup-setting-spray-mini-pimprod2040598"", ""https://www.ulta.com/p/porefessional-super-setter-long-lasting-makeup-setting-spray-pimprod2020913""]"
i love it,12,12,"[""https://www.ulta.com/p/9021-glow-cheek-highlighter-duo-pimprod2009530"", ""https://www.ulta.com/p/bronze-goddess-powder-bronzer-xlsImpprod14641481"", ""https://www.ulta.com/p/bronze-highlight-powder-contour-kit-xlsImpprod11571030"", ""https://www.ulta.com/p/face-tape-full-coverage-foundation-pimprod2003933"", ""https://www.ulta.com/p/halo-glow-liquid-filter-pimprod2036949"", ""https://www.ulta.com/p/honeydew-me-up-plumping-dewy-face-primer-pimprod2022019"", ""https://www.ulta.com/p/mini-translucent-loose-setting-powder-ultra-blur-pimprod2042328"", ""https://www.ulta.com/p/n1-de-chanel-revitalizing-foundation-pimprod2029950"", ""https://www.ulta.com/p/nudies-bloom-all-over-dewy-face-color-pimprod2005786"", ""https://www.ulta.com/p/prime-time-redness-reducing-primer-pimprod2036903"", ""https://www.ulta.com/p/quad-goals-multi-palette-pimprod2026433"", ""https://www.ulta.com/p/resetting-100-mineral-powder-sunscreen-spf-35-pa-pimprod2029916""]"
i love it i'm obsessed with this brand,2,2,"[""https://www.ulta.com/p/double-wear-stay-in-place-matte-powder-foundation-makeup-pimprod2031254"", ""https://www.ulta.com/p/double-wear-stay-in-place-matte-powder-foundation-refill-pimprod2031253""]"
i love it so much i been try g many concealer but this one is my favorite.,2,2,"[""https://www.ulta.com/p/photo-finish-control-mattifying-primer-pimprod2030521"", ""https://www.ulta.com/p/travel-size-photo-finish-control-mattifying-primer-with-salicylic-acid-pimprod2032762""]"
i love it when i mix it with half/ half mounsterizer. it makes me look younger! love it!,2,2,"[""https://www.ulta.com/p/bye-bye-under-eye-full-coverage-anti-aging-waterproof-concealer-xlsImpprod5770259"", ""https://www.ulta.com/p/travel-size-bye-bye-under-eye-full-coverage-anti-aging-waterproof-concealer-xlsImpprod12871043""]"
i love it's product line including the creamy full coverage foundation with spf 50 that comes in a travel size tube that is easy to take anywhere i travel around the world.,2,2,"[""https://www.ulta.com/p/cc-cream-with-spf-50-xlsImpprod5770257"", ""https://www.ulta.com/p/mini-cc-cream-with-spf-50-pimprod2013015""]"
i love it.,2,2,"[""https://www.ulta.com/p/glow-tape-highlighter-pimprod2038506"", ""https://www.ulta.com/p/hydra-touch-centella-extract-infused-hydrating-primer-pimprod2022020""]"
i love it.it is the best powder i ever had,4,4,"[""https://www.ulta.com/p/bake-set-soft-focus-setting-powder-pimprod2009225"", ""https://www.ulta.com/p/jumbo-bake-set-soft-focus-setting-powder-pimprod2043957"", ""https://www.ulta.com/p/mini-bake-set-soft-focus-setting-powder-pimprod2043959"", ""https://www.ulta.com/p/totally-set-mini-brighten-set-powder-duo-pimprod2043963""]"
i love love this cleanser. it removes my makeup completely and leaves my skin feeling smooth and refreshed. even though it's greasy it never leaves my combination skin feeling oily.,2,2,"[""https://www.ulta.com/p/pro-collagen-cleansing-balm-xlsImpprod18731145"", ""https://www.ulta.com/p/travel-size-pro-collagen-cleansing-balm-pimprod2004741""]"
i love my bareminerals products and hope you never stop supplying them to customers!,2,2,"[""https://www.ulta.com/p/mineral-veil-setting-powder-VP11355"", ""https://www.ulta.com/p/tinted-mineral-veil-setting-powder-prod110002""]"
"i love smashbox primers but this one just doesn't work for me. i've tried under different foundations and applied in different ways but it always comes out looking bad with this underneath. i've seen others say they've used only this without foundation and it gave their skin a nice ""glow."" now i know with my red skin i won't get a glow but it made my rosacea stand out more when i wore it alone.",2,2,"[""https://www.ulta.com/p/photo-finish-illuminate-glow-primer-pimprod2030497"", ""https://www.ulta.com/p/travel-size-photo-finish-illuminate-glow-primer-pimprod2032764""]"
"i love that this product can be used as a mix in for foundations and moisturizers as an added spf component! unfortunately it missed the mark for me though as it didn't follow through on the ""oil control"" claim. it made me look a ton more oily, and was super shiny. it had almost a metallic sort of finish as well, which i really wasn't a fan of.",3,3,"[""https://www.ulta.com/p/bronzing-blendrops-spf-40-priming-drops-pimprod2043859"", ""https://www.ulta.com/p/illuminizing-blendrops-spf-40-priming-drops-pimprod2043861"", ""https://www.ulta.com/p/perfecting-blendrops-spf-40-priming-drops-pimprod2043860""]"
i love the consistency and how easy it is to blend the product. the pigment is awesome too! i would recommend not applying too much because it's very strong. it also lasts a long time on my face which is awesome,2,2,"[""https://www.ulta.com/p/laguna-bronzer-powder-talc-free-pimprod2038440"", ""https://www.ulta.com/p/mini-laguna-bronzer-powder-talc-free-pimprod2038438""]"
i love the contour stick but i didnt received the one i order ir is the same name but different packaging n shade is also off,2,2,"[""https://www.ulta.com/p/megaglo-makeup-stick-conceal-pimprod2012854"", ""https://www.ulta.com/p/megaglo-makeup-stick-contour-xlsImpprod16731047""]"
"i love the coverage about this concealer, but i do find it creases fairly easily. the skin around my eyes gets dry sometimes, and i find it slightly clings to it. i would recommend trying different applications depending on your skin.",2,2,"[""https://www.ulta.com/p/i-am-magic-concealer-pimprod2006835"", ""https://www.ulta.com/p/i-am-magic-mini-concealer-pimprod2026783""]"
i love the double wear makeup. it goes on very smoothly. it doesn't a shine.,2,2,"[""https://www.ulta.com/p/double-wear-stay-in-place-matte-powder-foundation-makeup-pimprod2031254"", ""https://www.ulta.com/p/double-wear-stay-in-place-matte-powder-foundation-refill-pimprod2031253""]"
i love the feeling of the foundation powder- no caking- smooth coverage pretty hue on my face,2,2,"[""https://www.ulta.com/p/double-wear-stay-in-place-matte-powder-foundation-makeup-pimprod2031254"", ""https://www.ulta.com/p/double-wear-stay-in-place-matte-powder-foundation-refill-pimprod2031253""]"
i love the peach passion blush. it's such a natural and beautiful shade of peach that looks great with my skin tone. very happy with this color and the quality of the blush. i've found that this blush blends very well with the pure color matte lipstick shade 676 flirtatious.,2,2,"[""https://www.ulta.com/p/pure-color-envy-sculpting-blush-pimprod2030735"", ""https://www.ulta.com/p/pure-color-envy-sculpting-blush-refill-pimprod2031074""]"
i love the shade color and it's not too shiny look which i prefer on a blush on. it's very light weight. packaging is very nice and looks very classy,2,2,"[""https://www.ulta.com/p/pure-color-envy-sculpting-blush-pimprod2030735"", ""https://www.ulta.com/p/pure-color-envy-sculpting-blush-refill-pimprod2031074""]"
i love the spray - its light but does a great job,2,2,"[""https://www.ulta.com/p/porefessional-super-setter-long-lasting-makeup-setting-spray-mini-pimprod2040598"", ""https://www.ulta.com/p/porefessional-super-setter-long-lasting-makeup-setting-spray-pimprod2020913""]"
i love this,4,4,"[""https://www.ulta.com/p/cc-water-with-hyaluronic-acid-pimprod2025143"", ""https://www.ulta.com/p/gen-nude-blonzer-blush-bronzer-pimprod2031864"", ""https://www.ulta.com/p/oil-free-eye-makeup-remover-prod2109669"", ""https://www.ulta.com/p/travel-size-cc-water-with-hyaluronic-acid-pimprod2025144""]"
"i love this baking powder. i am a medium toned, black woman, and it's hard to find setting powers that don't leave a cast. you can use a little just to set your under eyes softly, or you can use a lot to have a brighter under eye. it didn't increase or separate much either. i'm so happy i decided to try it. i recommend!",4,4,"[""https://www.ulta.com/p/bake-set-soft-focus-setting-powder-pimprod2009225"", ""https://www.ulta.com/p/jumbo-bake-set-soft-focus-setting-powder-pimprod2043957"", ""https://www.ulta.com/p/mini-bake-set-soft-focus-setting-powder-pimprod2043959"", ""https://www.ulta.com/p/totally-set-mini-brighten-set-powder-duo-pimprod2043963""]"
"i love this blur for my pores! i cannot believe that my pores are gone! i am 51 and was feeling bad about myself and now i'm smooth and soft! i love this product, it's the best blur!!! i have more in my cart! thank you!",3,3,"[""https://www.ulta.com/p/facestudio-master-prime-blur-pore-minimize-primer-xlsImpprod18351169"", ""https://www.ulta.com/p/facestudio-master-prime-blur-redness-control-primer-xlsImpprod11861005"", ""https://www.ulta.com/p/facestudio-master-prime-blur-smooth-primer-xlsImpprod11861001""]"
"i love this blush, and have been using it for 5 years!!",2,2,"[""https://www.ulta.com/p/pure-color-envy-sculpting-blush-pimprod2030735"", ""https://www.ulta.com/p/pure-color-envy-sculpting-blush-refill-pimprod2031074""]"
i love this blush. it's soft and blends beautifully! i wish they would put more product in the tin instead of a useless brush. i like that the tins are refillable!,2,2,"[""https://www.ulta.com/p/pure-color-envy-sculpting-blush-pimprod2030735"", ""https://www.ulta.com/p/pure-color-envy-sculpting-blush-refill-pimprod2031074""]"
i love this bronzer. it smells great and brings a makeup look together nicely. i especially love using this when i am running late/dont want to do too much makeup because i can use it as eyeshadow as well to make my whole makeup look cohesive quickly.,2,2,"[""https://www.ulta.com/p/butter-bronzer-murumuru-butter-bronzer-xlsImpprod13621011"", ""https://www.ulta.com/p/matte-monoi-butter-bronzer-pimprod2021750""]"
"i love this bronzer. smooth finish, the deep shade isn't too warm or orangey, it provides the perfect bronze. only reason for a 4 instead of 5 is that i am a light to medium skin tone, and the deep bronzer would not work for true deep skin toned poc.",2,2,"[""https://www.ulta.com/p/butter-bronzer-murumuru-butter-bronzer-xlsImpprod13621011"", ""https://www.ulta.com/p/matte-monoi-butter-bronzer-pimprod2021750""]"
"i love this bronzer. the only thing i have to say is that if you have fair skin you should use the ""bronzer"" shade instead of ""light bronzer"" if you want it to actually show up.",2,2,"[""https://www.ulta.com/p/butter-bronzer-murumuru-butter-bronzer-xlsImpprod13621011"", ""https://www.ulta.com/p/matte-monoi-butter-bronzer-pimprod2021750""]"
"i love this cc cream. it's not full coverage tho, i dont know why people say thay or maybe i'm using way less than usual but that's how i like it. and i love that it has spf which makes it even better. i have sensitive skin and this hasn't given me any issues. i've been using it for a year now and i'm planning to repurchase once i'm out.",2,2,"[""https://www.ulta.com/p/cc-cream-with-spf-50-xlsImpprod5770257"", ""https://www.ulta.com/p/mini-cc-cream-with-spf-50-pimprod2013015""]"
i love this cleanser. it works so well taking off makeup. that's why i bought two. one for me and one for my sister. and i am sure that she will love it too.,2,2,"[""https://www.ulta.com/p/take-day-off-cleansing-balm-makeup-remover-mini-xlsImpprod18791009"", ""https://www.ulta.com/p/take-day-off-cleansing-balm-makeup-remover-xlsImpprod11771009""]"
i love this concealer but i got a new one and it started squirting water?? i was squeezing and realised it had like it had no product and just sraight up water,2,2,"[""https://www.ulta.com/p/hd-pro-corrector-concealer-pimprod2022723"", ""https://www.ulta.com/p/lightweight-hd-pro-creamy-concealer-xlsImpprod15711051""]"
"i love this concealer for the product but the packaging was terrible. the product squeezes out when you twist the bottle closed and i ended up wasting product. after a fair bit of use but not close to using the whole bottle, the cap broke and now i can't open the bottle no matter what i try! disappointed for sure.",2,2,"[""https://www.ulta.com/p/i-am-magic-concealer-pimprod2006835"", ""https://www.ulta.com/p/i-am-magic-mini-concealer-pimprod2026783""]"
i love this concealer so much. its not dry or patchy. it moves around and easy to blend. it has great coverage. the onky downside is the shade match its a bit too light for me.,2,2,"[""https://www.ulta.com/p/i-am-magic-concealer-pimprod2006835"", ""https://www.ulta.com/p/i-am-magic-mini-concealer-pimprod2026783""]"
i love this face base. it is moisturizing and not oily. i wear both wet and dry foundation on top and it works fine.,2,2,"[""https://www.ulta.com/p/mini-vitamin-enriched-face-base-moisturizer-primer-with-vitamin-c-hyaluronic-acid-pimprod2025025"", ""https://www.ulta.com/p/vitamin-enriched-face-base-moisturizer-primer-with-vitamin-c-hyaluronic-acid-pimprod2025028""]"
i love this i would definitely always buy again it leaves a blurring effect and is the best powder yet,4,4,"[""https://www.ulta.com/p/bake-set-soft-focus-setting-powder-pimprod2009225"", ""https://www.ulta.com/p/jumbo-bake-set-soft-focus-setting-powder-pimprod2043957"", ""https://www.ulta.com/p/mini-bake-set-soft-focus-setting-powder-pimprod2043959"", ""https://www.ulta.com/p/totally-set-mini-brighten-set-powder-duo-pimprod2043963""]"
i love this just because it smells so good. the application is iffy at first but it blends out well so i don't mind. it lasts all day and i love the tone for my skin. a+ for me.,2,2,"[""https://www.ulta.com/p/butter-bronzer-murumuru-butter-bronzer-xlsImpprod13621011"", ""https://www.ulta.com/p/matte-monoi-butter-bronzer-pimprod2021750""]"
i love this last cleaner because it effectively removes the sticky glue gunk and old mascara from the lashes without damaging them. will buy again.,3,2,"[""https://www.ulta.com/p/lash-clean-oil-free-makeup-remover-pimprod2018008"", ""https://www.ulta.com/p/travel-size-lash-clean-oil-free-makeup-remover-pimprod2018009""]"
"i love this powder! i use it to set my foundation. it feels light on the face and doesn't clog my pores. gives a nice coverage too! pleas, please, please estã©e lauder get 1w0 in warm porcelain back in this powder!! please! the sand color is too dark on me-i just bought it recently hoping it would work but it's not right for my skin color.",2,2,"[""https://www.ulta.com/p/double-wear-stay-in-place-matte-powder-foundation-makeup-pimprod2031254"", ""https://www.ulta.com/p/double-wear-stay-in-place-matte-powder-foundation-refill-pimprod2031253""]"
i love this primer for my combination skin. i have a tendency to get dry patches on my skin when i wear foundation during the colder months. this product prevents those dry patches from forming.,2,2,"[""https://www.ulta.com/p/photo-finish-primerizer-hydrating-primer-with-hyaluronic-acid-pimprod2030498"", ""https://www.ulta.com/p/travel-size-photo-finish-primerizer-hydrating-primer-with-hyaluronic-acid-pimprod2032761""]"
"i love this primer. i have used a lot of different ones. this has a beautiful fragrance, easy to use, and have purchased a second one.",2,2,"[""https://www.ulta.com/p/smooth-affair-facial-primer-brightener-pimprod2004113"", ""https://www.ulta.com/p/smooth-affair-mattifying-face-primer-pimprod2033620""]"
i love this primer. it helps my makeup stay on throughout the day and smooths my skin so it looks flawless. i would definitely buy again. there is no scent which is great too!,4,2,"[""https://www.ulta.com/p/photo-finish-resurface-primer-with-glycolic-acid-pimprod2044509"", ""https://www.ulta.com/p/travel-size-photo-finish-resurface-primer-with-glycolic-acid-pimprod2044511""]"
i love this product but can not understand why the price is so high. baby oil works as well and cost is so much less.,2,2,"[""https://www.ulta.com/p/take-day-off-cleansing-balm-makeup-remover-mini-xlsImpprod18791009"", ""https://www.ulta.com/p/take-day-off-cleansing-balm-makeup-remover-xlsImpprod11771009""]"
"i love this product for removing lash glue. i use liner glue on my lashline to apply strip lashes, and this remover gets all the glue off of my eyelid and natural lashes with little effort. i just use a cotton pad and the glue comes off with a few swipes. it also works for removing eye makeup. i have sensitive skin and i haven't had any issues. i bought the small size first and it lasted longer than expected. i am ordering the large bottle this time.",2,2,"[""https://www.ulta.com/p/lash-clean-oil-free-makeup-remover-pimprod2018008"", ""https://www.ulta.com/p/travel-size-lash-clean-oil-free-makeup-remover-pimprod2018009""]"
"i love this product so much. this was the first blush i bought for myself when i started using blush. ever since, even after trying different blushes ( some cheap and expensive) this will always be my best fit. the shade i got for myself is ""floral majority"" and i have a yellowish undertone. something i wish i could change is the packaging. i've had one for a while now and the plastic that keeps it together, broke in half. other then that it is affordable and is great for the price!",2,2,"[""https://www.ulta.com/p/megaglo-makeup-stick-blush-xlsImpprod16731045"", ""https://www.ulta.com/p/megaglo-makeup-stick-pimprod2043772""]"
i love this product the estã©e lauder powder foundation. i use the color fresco and will recommend to my friends. it stays on all day and you don't have to reply. i have been using this product for years. i just needed to make sure i buy the right color.,2,2,"[""https://www.ulta.com/p/double-wear-stay-in-place-matte-powder-foundation-makeup-pimprod2031254"", ""https://www.ulta.com/p/double-wear-stay-in-place-matte-powder-foundation-refill-pimprod2031253""]"
i love this product!,2,2,"[""https://www.ulta.com/p/airbrush-flawless-longwear-foundation-pimprod2044233"", ""https://www.ulta.com/p/redness-solutions-makeup-broad-spectrum-spf-15-with-probiotic-technology-foundation-xlsImpprod10791925""]"
"i love this product!! it makes my skin so smooth and less texturized, and makes my tint/foundation look gorgeous and stay long. the packaging is great because it lets you use every last drop of the product. doesn't really smell much.",2,2,"[""https://www.ulta.com/p/photo-finish-resurface-primer-with-glycolic-acid-pimprod2044509"", ""https://www.ulta.com/p/travel-size-photo-finish-resurface-primer-with-glycolic-acid-pimprod2044511""]"
"i love this product, my skin is very rosie and this helps with the red pigment in my cheeks, worth the 💰",2,2,"[""https://www.ulta.com/p/one-step-correct-brightening-correcting-primer-xlsImpprod2390219"", ""https://www.ulta.com/p/travel-size-one-step-correct-brightening-correcting-primer-xlsImpprod16451215""]"
i love this product. i use it to contour. works nice. it's smooth and creamy and very easy to blend,2,2,"[""https://www.ulta.com/p/velvet-contour-bronzer-stick-pimprod2040056"", ""https://www.ulta.com/p/velvet-contour-stick-blush-pimprod2040099""]"
i love this product. it really does brighten my face and diminishes fine lines and wrinkles. love it!,2,2,"[""https://www.ulta.com/p/smooth-affair-facial-primer-brightener-pimprod2004113"", ""https://www.ulta.com/p/smooth-affair-mattifying-face-primer-pimprod2033620""]"
i love this product. it's a perfect color for my skin,2,2,"[""https://www.ulta.com/p/megaglo-makeup-stick-conceal-pimprod2012854"", ""https://www.ulta.com/p/megaglo-makeup-stick-contour-xlsImpprod16731047""]"
i love this setting spray! it makes my make up look good and last longer! i would definitely recommend it.,2,2,"[""https://www.ulta.com/p/airbrush-flawless-setting-spray-pimprod2043342"", ""https://www.ulta.com/p/travel-size-airbrush-flawless-setting-spray-pimprod2043334""]"
i love this setting spray!!! it lasts me all day and keeps my skin looking hydrated and makes my makeup stay on so much better!!! definitely recommend for oily and dry skin types!!,2,2,"[""https://www.ulta.com/p/porefessional-super-setter-long-lasting-makeup-setting-spray-mini-pimprod2040598"", ""https://www.ulta.com/p/porefessional-super-setter-long-lasting-makeup-setting-spray-pimprod2020913""]"
i love this shade. it is just the right pink and make my cheeks have that nice little flushed look. cover girl is such a trusted brand why not give it a try!,2,2,"[""https://www.ulta.com/p/trublend-so-flushed-high-pigment-blush-pimprod2016942"", ""https://www.ulta.com/p/trublend-so-flushed-high-pigment-bronzer-pimprod2017123""]"
i love this under makeup smooths out the skin really nice,2,2,"[""https://www.ulta.com/p/porefessional-super-setter-long-lasting-makeup-setting-spray-mini-pimprod2040598"", ""https://www.ulta.com/p/porefessional-super-setter-long-lasting-makeup-setting-spray-pimprod2020913""]"
i love this! i have spent money on other primers but have always come back to this one. nothing beats it! i have the one that also contains salicylic acid and im older now but my skin does not dry out. makeup stays on better and looks great! ive had so many compliments since using this product!!!!!!,2,2,"[""https://www.ulta.com/p/photo-finish-control-mattifying-primer-pimprod2030521"", ""https://www.ulta.com/p/travel-size-photo-finish-control-mattifying-primer-with-salicylic-acid-pimprod2032762""]"
i love this! my first time using it but i won't be buying anything else but this now :),2,2,"[""https://www.ulta.com/p/smooth-affair-facial-primer-brightener-pimprod2004113"", ""https://www.ulta.com/p/smooth-affair-mattifying-face-primer-pimprod2033620""]"
"i love this! the color is intense but very blendable. a little goes a long way and the product lasts a long time. i use one brush to place the product on my face and another to blend it in. the creaminess is just right - not too dry, not too moist. at 50 years old, this cream blush is just what my skin needs to look fresh.",2,2,"[""https://www.ulta.com/p/velvet-contour-bronzer-stick-pimprod2040056"", ""https://www.ulta.com/p/velvet-contour-stick-blush-pimprod2040099""]"
"i love this. i use it on my cheeks and lips. it's easy and quick to apply, and looks great.",2,2,"[""https://www.ulta.com/p/megaglo-makeup-stick-blush-xlsImpprod16731045"", ""https://www.ulta.com/p/megaglo-makeup-stick-pimprod2043772""]"
"i love when a primer does multiple things. love the blurring, the spf, and how it makes my makeup last l day. i def recommend!",3,3,"[""https://www.ulta.com/p/facestudio-master-prime-blur-pore-minimize-primer-xlsImpprod18351169"", ""https://www.ulta.com/p/facestudio-master-prime-blur-redness-control-primer-xlsImpprod11861005"", ""https://www.ulta.com/p/facestudio-master-prime-blur-smooth-primer-xlsImpprod11861001""]"
"i love, love, love this primer. i was never really into primers because i felt like they didn't work. that was until i was introduced to smashbox's. i've been using this for a few years now, and it keeps my makeup in tact all day. i never have to touch up and it gives me that matte look that i love. i will say it's a tad pricey.",2,2,"[""https://www.ulta.com/p/photo-finish-control-mattifying-primer-pimprod2030521"", ""https://www.ulta.com/p/travel-size-photo-finish-control-mattifying-primer-with-salicylic-acid-pimprod2032762""]"
i loved :u1f970:,2,2,"[""https://www.ulta.com/p/matte-cream-mattifying-blurring-primer-pimprod2044585"", ""https://www.ulta.com/p/travel-size-matte-cream-mattifying-blurring-primer-pimprod2044589""]"
i loved it,5,5,"[""https://www.ulta.com/p/all-nighter-vitamin-c-hydrating-setting-spray-pimprod2032530"", ""https://www.ulta.com/p/complexion-rescue-liquid-highlighting-blush-pimprod2045186"", ""https://www.ulta.com/p/dual-finish-multi-tasking-lightweight-pressed-powder-foundation-xlsImpprod3650148"", ""https://www.ulta.com/p/matte-satin-blush-trios-palette-xlsImpprod16211247"", ""https://www.ulta.com/p/nudescreen-daily-mineral-veil-spf-30-pimprod2031256""]"
"i loved my other smash box primers, so i gave this one a tryâ¦ it made my face breakout like crazy!!! will not continue using and will not buy again!",2,2,"[""https://www.ulta.com/p/photo-finish-primerizer-hydrating-primer-with-hyaluronic-acid-pimprod2030498"", ""https://www.ulta.com/p/travel-size-photo-finish-primerizer-hydrating-primer-with-hyaluronic-acid-pimprod2032761""]"
i loved using this product to clean my false lashes! it helped remove the glue and make-up that was leftover on my falsies. great product to give to friends to try!,2,2,"[""https://www.ulta.com/p/lash-clean-oil-free-makeup-remover-pimprod2018008"", ""https://www.ulta.com/p/travel-size-lash-clean-oil-free-makeup-remover-pimprod2018009""]"
"i mix this with my regular tinted moisturizer (currently sun bum glow 30 - soooo much better than super goop) to add enough green undertone to look natural. i do not have any red to my skin, so i can't speak to whether that part works, but it adequately colors corrects and that is what i need.",3,3,"[""https://www.ulta.com/p/studio-perfect-color-correcting-primer-in-green-xlsImpprod3280313"", ""https://www.ulta.com/p/studio-perfect-color-correcting-primer-in-lavender-xlsImpprod3280315"", ""https://www.ulta.com/p/studio-perfect-face-primer-in-clear-xlsImpprod3280311""]"
i needed a small everyday blush for travel. this blush is very pigmentatedâbonus. the other bonus is that it is incredibly long wearing. held up on a 12 hour day under lights. the part i dont like is that this really isnt pink its very coral.,2,2,"[""https://www.ulta.com/p/wanderful-world-silky-soft-powder-blush-mini-xlsImpprod13741141"", ""https://www.ulta.com/p/wanderful-world-silky-soft-powder-blush-xlsImpprod820350""]"
i never leave reviews but i absolutely love this primer. i suffer from redness and this protect helps maintain my rosacea. and not to mention the natural glow it gives when wearing makeup.,2,2,"[""https://www.ulta.com/p/one-step-correct-brightening-correcting-primer-xlsImpprod2390219"", ""https://www.ulta.com/p/travel-size-one-step-correct-brightening-correcting-primer-xlsImpprod16451215""]"
"i never write reviews. ever. this is the best primer ever! i have super oily skin along with rosacea, and it does wonders for me. it lasts for the whole day. i barely wear anything besides this now, that's how much of a difference i saw!",3,3,"[""https://www.ulta.com/p/facestudio-master-prime-blur-pore-minimize-primer-xlsImpprod18351169"", ""https://www.ulta.com/p/facestudio-master-prime-blur-redness-control-primer-xlsImpprod11861005"", ""https://www.ulta.com/p/facestudio-master-prime-blur-smooth-primer-xlsImpprod11861001""]"
"i only bought it cause someone really recommended it and i am so happy about it. idk what it is about this formula or maybe the color but it just looks soo cute. i have a huge blush collection and a ton of high end blushes. i can't lie, i am a sucker for high end so i don't buy too much drugstore but every single time i use this one i am like ""why does my makeup look so good today?"" i finally realized that every time i used this blush i just looked prettier. it could be the color is just perfect for me (peach one) but i love the way it blends. it almost melts into the skin and leaves a cute glowy looking color that just looks so good. honestly i didn't think i would ever like it this much but i am absolutely buying every color they have.",2,2,"[""https://www.ulta.com/p/megaglo-makeup-stick-blush-xlsImpprod16731045"", ""https://www.ulta.com/p/megaglo-makeup-stick-pimprod2043772""]"
"i ordered a sample of the bb cream from the erborian website. it took a few weeks to arrive, but it was worth the wait! it went on so smoothly with a nice, matte finish. i didn't wait long before ordering a full size tube. i can't wait to receive it ; start using it!",2,2,"[""https://www.ulta.com/p/bb-cream-spf-20-pimprod2005693"", ""https://www.ulta.com/p/travel-size-bb-cream-spf-20-pimprod2015578""]"
"i ordered this online and when i received it, i noticed smudges all over the container. when i opened it, it was all a powdered mess. literally all of the product was a big clump of powder that got all over my clothes and floor.",2,2,"[""https://www.ulta.com/p/butter-bronzer-murumuru-butter-bronzer-xlsImpprod13621011"", ""https://www.ulta.com/p/matte-monoi-butter-bronzer-pimprod2021750""]"
"i personally can't say that i've tried every single bronzer in the book but i know, for a fact that this one is the best bang for your book! this bronzer applies so seamlessly, so silky, so flawlessly, they should charge more for this bronzer, but i'm so glad that they don't! it blends out like a dream if you have to do any blending at all, would you probably don't because it's like butter and it literally melts and glides onto your skin!",2,2,"[""https://www.ulta.com/p/butter-bronzer-murumuru-butter-bronzer-xlsImpprod13621011"", ""https://www.ulta.com/p/matte-monoi-butter-bronzer-pimprod2021750""]"
i purchase this product with confidence that my skin will be smooth and makeup blends in perfectly,2,2,"[""https://www.ulta.com/p/blurring-moisturizing-filter-primer-pimprod2024916"", ""https://www.ulta.com/p/supersize-blurring-moisturizing-filter-primer-pimprod2024917""]"
i put this over my spf bb cream and it looked blotchy and orange. returning.,2,2,"[""https://www.ulta.com/p/mineral-veil-setting-powder-VP11355"", ""https://www.ulta.com/p/tinted-mineral-veil-setting-powder-prod110002""]"
"i reach for this when i want something lightweight but still with some coverage that i feel confident about my skin. when i want something easy, no fuss, that i can blend with my fingertips. this is legit the best bb cream ever!! pricy but it does last a long time",2,2,"[""https://www.ulta.com/p/bb-cream-spf-20-pimprod2005693"", ""https://www.ulta.com/p/travel-size-bb-cream-spf-20-pimprod2015578""]"
"i really enjoyed how effective this product was. i used the product with a reusable cotton round, and applied onto the pad then onto my eyes for 30 seconds. my glue from my falsies came off with some light brushing with the lash clean brush. i would recommend this product.",2,2,"[""https://www.ulta.com/p/lash-clean-oil-free-makeup-remover-pimprod2018008"", ""https://www.ulta.com/p/travel-size-lash-clean-oil-free-makeup-remover-pimprod2018009""]"
"i really like the concealer, i find it very nice. its creamy and light and blends out easily and beautifully. doesnt really last all day tho, i noticed throughout the day my undereyes start to darken just a bit. also be careful of the stopper, the product tends to spill out. other than that, its a really great concealer and i love it. for a good pricd too!",2,2,"[""https://www.ulta.com/p/i-am-magic-concealer-pimprod2006835"", ""https://www.ulta.com/p/i-am-magic-mini-concealer-pimprod2026783""]"
i really like the smoothness and the coverage. i put it on half my face and asked my husband if he saw a difference and he did ! so it is a winner so far.,2,2,"[""https://www.ulta.com/p/bb-cream-spf-20-pimprod2005693"", ""https://www.ulta.com/p/travel-size-bb-cream-spf-20-pimprod2015578""]"
i really like the texture of this product. it applies smooth and the coverage is nice! there's not really a scent to this product and the packaging it came in was good quality. after applying my makeup it sets really well.,2,2,"[""https://www.ulta.com/p/photo-finish-resurface-primer-with-glycolic-acid-pimprod2044509"", ""https://www.ulta.com/p/travel-size-photo-finish-resurface-primer-with-glycolic-acid-pimprod2044511""]"
"i really like this and have a few, they last awhile and work really good, easy to blend out and good coverage",2,2,"[""https://www.ulta.com/p/hd-pro-corrector-concealer-pimprod2022723"", ""https://www.ulta.com/p/lightweight-hd-pro-creamy-concealer-xlsImpprod15711051""]"
"i really like this bb cream because it has a nice texture, goes on easily, and provides decent coverage. my only problems with it is that i am oily and i find it works better for me with the use of a matting primer to help keep the oils down. it also is a little dark for my fair complexion and wish it came in a lighter color. if you have breakouts or suffer from rosacea as i do, you will still need to use a spot concealer to cover your blemishes since this doesn't provide enough coverage.",2,2,"[""https://www.ulta.com/p/bb-cream-spf-20-pimprod2005693"", ""https://www.ulta.com/p/travel-size-bb-cream-spf-20-pimprod2015578""]"
"i really like this cc cream in the light version. it softens, plumps and brightens. it's easy to use and works immediately.",2,2,"[""https://www.ulta.com/p/cc-water-with-hyaluronic-acid-pimprod2025143"", ""https://www.ulta.com/p/travel-size-cc-water-with-hyaluronic-acid-pimprod2025144""]"
i really like this product. when i don't want to used to much makeup and look natural a just applied a little bit on my cheek and nose is 10/10,2,2,"[""https://www.ulta.com/p/trublend-so-flushed-high-pigment-blush-pimprod2016942"", ""https://www.ulta.com/p/trublend-so-flushed-high-pigment-bronzer-pimprod2017123""]"
"i really love using this primer it is really long lasting. it's easy to apply, no harsh scent, i have combination skin &amp; it kept everything under control. the picture i attached was after 8hrs &amp; my makeup was still flawless. i recommend this 100%..",2,2,"[""https://www.ulta.com/p/photo-finish-resurface-primer-with-glycolic-acid-pimprod2044509"", ""https://www.ulta.com/p/travel-size-photo-finish-resurface-primer-with-glycolic-acid-pimprod2044511""]"
"i really miss audacious plum blush. it was a lovely cool- toned pink. i have been searching for years for a replacement. there is nothing like it. estee lauder blushes are very nice, but they contain talc, which i understand is not good for you, so i avoid it. talc is not worth the risk. please reformulate without talc! please bring back audacious plum in a healthier formulation.",2,2,"[""https://www.ulta.com/p/pure-color-envy-sculpting-blush-pimprod2030735"", ""https://www.ulta.com/p/pure-color-envy-sculpting-blush-refill-pimprod2031074""]"
"i really wanted this product to work. but it disnt even touch my mascara. it kinda took off my eyeshadow but honestly, it really took a lot of effort. i wont be buying again.",2,2,"[""https://www.ulta.com/p/take-day-off-cleansing-balm-makeup-remover-mini-xlsImpprod18791009"", ""https://www.ulta.com/p/take-day-off-cleansing-balm-makeup-remover-xlsImpprod11771009""]"
"i really wanted to like this since it was highly reviewed and i thought finally something would work to control my pores and shine. did absolutely nothing. it mattified going on but after about an hour and setting with powder, i still was a greasy mess.",2,2,"[""https://www.ulta.com/p/photo-finish-control-mattifying-primer-pimprod2030521"", ""https://www.ulta.com/p/travel-size-photo-finish-control-mattifying-primer-with-salicylic-acid-pimprod2032762""]"
"i received a sample of this, so i decided to try it, although i use another primer most days. i only used a little. the smell was very strong and bad! at first, i was not worried because often, the smell of face products fades after a few minutes. this did not, and after 15 minutes, i had to wash it off. i cannot speak to whether it makes makeup last longer because i could not keep it on that long. i definitely will not purchase or recommend it to a friend. btw, i tried to check the expiration date, but it did not have one.",2,2,"[""https://www.ulta.com/p/hangover-replenishing-face-primer-xlsImpprod10751024"", ""https://www.ulta.com/p/travel-size-hangover-replenishing-face-primer-pimprod2031193""]"
i received a small sample of this from a department store and was able to test it that way. it's very nice so i went to ulta for a full size product. it has a pump which is nice to avoid using too much. it soaks in very well and is a great base for makeup.,2,2,"[""https://www.ulta.com/p/hangover-replenishing-face-primer-xlsImpprod10751024"", ""https://www.ulta.com/p/travel-size-hangover-replenishing-face-primer-pimprod2031193""]"
i recently bought the morphe pink setting powder at ulta. i've been using this product for three days and now have a rash across my forehead. this is the only new product that i have been using and can be the only thing causing this. i will be returning this asap to ulta and let them know it caused a rash on my face.,4,4,"[""https://www.ulta.com/p/bake-set-soft-focus-setting-powder-pimprod2009225"", ""https://www.ulta.com/p/jumbo-bake-set-soft-focus-setting-powder-pimprod2043957"", ""https://www.ulta.com/p/mini-bake-set-soft-focus-setting-powder-pimprod2043959"", ""https://www.ulta.com/p/totally-set-mini-brighten-set-powder-duo-pimprod2043963""]"
"i recently tried the smashbox primer, and i love it! it's super smooth and lightweight, making my skin feel so soft. it really helps to hide my pores and fine lines, creates nice base for my makeup.",2,2,"[""https://www.ulta.com/p/photo-finish-resurface-primer-with-glycolic-acid-pimprod2044509"", ""https://www.ulta.com/p/travel-size-photo-finish-resurface-primer-with-glycolic-acid-pimprod2044511""]"
"i recently tried the tula blurring and moisturizing filter primer, and unfortunately, it didn't work for me at all. despite its claims, i found that it did not provide any noticeable blurring effect. worse yet, it left my skin looking ashy and dull, rather than providing the smooth and moisturized finish i was expecting. overall, this product was a disappointment and did not live up to its promises. i would not recommend it.",2,2,"[""https://www.ulta.com/p/blurring-moisturizing-filter-primer-pimprod2024916"", ""https://www.ulta.com/p/supersize-blurring-moisturizing-filter-primer-pimprod2024917""]"
i recently tried this and it's perfect! it bronzes without over darkening and has a slight shimmer to it. makes this winter skin look a little happier.,2,2,"[""https://www.ulta.com/p/trublend-so-flushed-high-pigment-blush-pimprod2016942"", ""https://www.ulta.com/p/trublend-so-flushed-high-pigment-bronzer-pimprod2017123""]"
i recommend this product as a tint! it tints instantly and leaves a perfect color. easy to use and good for beginners.,2,2,"[""https://www.ulta.com/p/liquid-lip-blush-cheek-tint-pimprod2008308"", ""https://www.ulta.com/p/value-size-liquid-lip-blush-cheek-tint-pimprod2043819""]"
"i selected the peach bums shade and it is so pretty! its a peachy, slighty shimmery blush. i love the stick applicator, its so easy. i go in with a fluffy brush and blend it out. the color is soft and feminine.",2,2,"[""https://www.ulta.com/p/megaglo-makeup-stick-blush-xlsImpprod16731045"", ""https://www.ulta.com/p/megaglo-makeup-stick-pimprod2043772""]"
"i should've done my research. my nozzle is defective, shoots out 3 different streams in all directions like lasers at an edm festival.",2,2,"[""https://www.ulta.com/p/continuous-setting-mist-xlsImpprod18351117"", ""https://www.ulta.com/p/mini-continuous-setting-mist-pimprod2017654""]"
i stay oil free with this powder and it last all day long.,2,2,"[""https://www.ulta.com/p/double-wear-stay-in-place-matte-powder-foundation-makeup-pimprod2031254"", ""https://www.ulta.com/p/double-wear-stay-in-place-matte-powder-foundation-refill-pimprod2031253""]"
"i tend to have dry skin, but this primer works so well. it's smooth and it makes my makeup last all day, i only need to put on powder on my oily areas a couple times throughout the day. such a great primer, just wish it were cheaper!",2,2,"[""https://www.ulta.com/p/original-photo-finish-smooth-blur-oil-free-primer-xlsImpprod3590041"", ""https://www.ulta.com/p/travel-size-original-photo-finish-smooth-blur-oil-free-primer-pimprod2033047""]"
"i think a lot of ppl dont think anout this brand a lot bc its not ""trending"". but its such a great tm. it makes my skin look better. it doesnt look like i have a layer of cake on. it evens out my complexion, adding a glow but nothing like a tin man-ish. this is def an over looked product. it wears for hours wo looking patchy, separated. i cant say enough great things about this!",2,2,"[""https://www.ulta.com/p/halo-healthy-glow-tinted-moisturizer-broad-spectrum-spf-25-pimprod2016307"", ""https://www.ulta.com/p/mini-halo-healthy-glow-tinted-moisturizer-broad-spectrum-spf-25-pimprod2033372""]"
i think it's a more expensive version of l'oreal bb cream. i like it and use it. i'll wait till i use it more to see if i like it enough to keep buying it.,2,2,"[""https://www.ulta.com/p/blurring-moisturizing-filter-primer-pimprod2024916"", ""https://www.ulta.com/p/supersize-blurring-moisturizing-filter-primer-pimprod2024917""]"
i think this product is great and super kind to your skin and would recommend applying every couple of hours to keep the look 😊 this could be better if it was longer lasting. it has a really nice matte finish to look neutrally d would definitely recommend,2,2,"[""https://www.ulta.com/p/trublend-so-flushed-high-pigment-blush-pimprod2016942"", ""https://www.ulta.com/p/trublend-so-flushed-high-pigment-bronzer-pimprod2017123""]"
"i thought was a nice addition to my makeup, as i had never used one before. it is buildable and applies nicely.",2,2,"[""https://www.ulta.com/p/trublend-so-flushed-high-pigment-blush-pimprod2016942"", ""https://www.ulta.com/p/trublend-so-flushed-high-pigment-bronzer-pimprod2017123""]"
"i tried a new color this time, mauve mystique, and am quite happy with it. not crazy about the short-handled brush, but i'm delighted this blush now comes in a refillable case. this blush powder gives me a light or heavier blush, depending on application. i like that it's possible to build a little more color for evening wear or keep it subtle during the daytime.",2,2,"[""https://www.ulta.com/p/pure-color-envy-sculpting-blush-pimprod2030735"", ""https://www.ulta.com/p/pure-color-envy-sculpting-blush-refill-pimprod2031074""]"
"i tried it it did not work for me after i wanted to and it's still like me like a green cast, i didn't like the residue of it either. the green does not bent at all. i hate it.",2,2,"[""https://www.ulta.com/p/photo-finish-correct-anti-redness-primer-pimprod2030499"", ""https://www.ulta.com/p/travel-size-photo-finish-correct-anti-redness-primer-pimprod2032763""]"
"i tried this at ulta and figured i should give it a try. it works so much better than garnier micellar water(popular) and other makeup removals. i wear a lot of waterproof liners/mascaras, use eyelashes, full face coverage of makeup. using this..it all came off effortlessly. not even the eyelash glue got left behind!!! unlike with other products i've used.",2,2,"[""https://www.ulta.com/p/take-day-off-cleansing-balm-makeup-remover-mini-xlsImpprod18791009"", ""https://www.ulta.com/p/take-day-off-cleansing-balm-makeup-remover-xlsImpprod11771009""]"
"i tried this concealer since i had seen how popular it was. it has a really nice creamy formula that is my favorite part. however, it creases and flakes off after 3-ish hours even with my favorite powder. it's not horrible i just wouldn't recommend for long-wear.",2,2,"[""https://www.ulta.com/p/mini-radiant-creamy-concealer-pimprod2017511"", ""https://www.ulta.com/p/radiant-creamy-concealer-xlsImpprod15251325""]"
"i tried this foundation for something that had spf in it. i normally love smashbox products and this did not disappoint. i have combo skin so it's not easy to find anything that works. but this did! i used it for vacation and although the color match was off, i did use concealer to even out brighter spots, like under eyes, forehead and chin. i also set with a morphe powder and used the smashbox endurance setting spray. i didn't worry about it sliding or anything. the product also has its own primer in it so all i had to do was put on moisturizer and apply with a sponge. i would definitely buy this again.",2,2,"[""https://www.ulta.com/p/halo-healthy-glow-tinted-moisturizer-broad-spectrum-spf-25-pimprod2016307"", ""https://www.ulta.com/p/mini-halo-healthy-glow-tinted-moisturizer-broad-spectrum-spf-25-pimprod2033372""]"
i tried this in a sample form . but purchased for my daughter iy is perfect for her as she doesn't want coverage. it is too light in coverage for me though i prefer the original cc cream in clair .,2,2,"[""https://www.ulta.com/p/cc-water-with-hyaluronic-acid-pimprod2025143"", ""https://www.ulta.com/p/travel-size-cc-water-with-hyaluronic-acid-pimprod2025144""]"
i tried this once and will not purchase again. did not work as well as the original,2,2,"[""https://www.ulta.com/p/photo-finish-primerizer-hydrating-primer-with-hyaluronic-acid-pimprod2030498"", ""https://www.ulta.com/p/travel-size-photo-finish-primerizer-hydrating-primer-with-hyaluronic-acid-pimprod2032761""]"
i tried this primer for the first time yesterday and it made a huge difference in the way my makeup looked. i'll definitely be repurchasing.,2,2,"[""https://www.ulta.com/p/porefessional-lite-ultra-lightweight-face-primer-mini-pimprod2029931"", ""https://www.ulta.com/p/porefessional-lite-ultra-lightweight-face-primer-pimprod2029932""]"
i tried this the texture was nice but no matter what it would not work. i think the only way this may work is if you gey a bad spray tan it looks likes your hands after eating cheetos. maybe if you can do a darker stage it wont be prange but for us light gals run!!!,2,2,"[""https://www.ulta.com/p/cc-water-with-hyaluronic-acid-pimprod2025143"", ""https://www.ulta.com/p/travel-size-cc-water-with-hyaluronic-acid-pimprod2025144""]"
"i tried this two years ago, and have never found a tinted moisturizer to compare. it has a beautiful glowy finish, and is really hydrating for those with dryer skin. i love!!!",2,2,"[""https://www.ulta.com/p/halo-healthy-glow-tinted-moisturizer-broad-spectrum-spf-25-pimprod2016307"", ""https://www.ulta.com/p/mini-halo-healthy-glow-tinted-moisturizer-broad-spectrum-spf-25-pimprod2033372""]"
"i typically like nyx produces, but this one disappointed. i've had hormonal acne flare ups over the past few months which has led residual (though slowly fading) redness in spots. using this primer did not soften the redness nor did it soften dark circles, it was really just the same as the clear primer, despite being opaque green.",2,2,"[""https://www.ulta.com/p/studio-perfect-color-correcting-primer-in-lavender-xlsImpprod3280315"", ""https://www.ulta.com/p/studio-perfect-face-primer-in-clear-xlsImpprod3280311""]"
"i typically use estee lauder through the winter but in the summer i needed something more breathable. this product is light but made my skin look absolutely horrendous. i noticed it didnt do anything different once i had finished my make up. but by 2 hours into a cool day, my makeup looked cakey and crackly. settled in all my fine lines. i'd use no primer before i use this again.",2,2,"[""https://www.ulta.com/p/blurring-moisturizing-filter-primer-pimprod2024916"", ""https://www.ulta.com/p/supersize-blurring-moisturizing-filter-primer-pimprod2024917""]"
"i use the porefessional by benefit (for my large pores) under the stila corrector, then apply foundation. skin looks very blended and disguises my rosey cheeks! i highly recommend it.",2,2,"[""https://www.ulta.com/p/one-step-correct-brightening-correcting-primer-xlsImpprod2390219"", ""https://www.ulta.com/p/travel-size-one-step-correct-brightening-correcting-primer-xlsImpprod16451215""]"
"i use this after their cream moisturizer, and i work with dogs and in the sun pretty often. i often sweating for long periods of time and this stays in place which is an anomaly for me. ive tried many products. (the powder celebration foundation also stays in place regardless of if i use the cc cream with it or not.) i am impressed. i just gently pat my face dry when im sweating and it doesnt move.",2,2,"[""https://www.ulta.com/p/cc-cream-with-spf-50-xlsImpprod5770257"", ""https://www.ulta.com/p/mini-cc-cream-with-spf-50-pimprod2013015""]"
i use this alone when i don't want to wear make up. i have dark circles and red cheeks. this gives me a more even look and i really like it. it goes on silky and absorbs well.,2,2,"[""https://www.ulta.com/p/one-step-correct-brightening-correcting-primer-xlsImpprod2390219"", ""https://www.ulta.com/p/travel-size-one-step-correct-brightening-correcting-primer-xlsImpprod16451215""]"
i use this as a bit of light bronzer and it works great!,2,2,"[""https://www.ulta.com/p/cheek-dew-hydrating-serum-blush-pimprod2027226"", ""https://www.ulta.com/p/pressed-powder-bronzer-pimprod2038313""]"
i use this in place of a moisturizer under the powder foundation or contouring - it looks amazing!,2,2,"[""https://www.ulta.com/p/cc-water-with-hyaluronic-acid-pimprod2025143"", ""https://www.ulta.com/p/travel-size-cc-water-with-hyaluronic-acid-pimprod2025144""]"
i use this mostly when i do not want to do makeup but still want my skin to look bright and shiny. it gives a bit color as well and needs some time to dry it otherwise it will be on your tshirt. it is not a strong primer tho it only makes your face even color but if you want something to hold your makeup this will not work well,2,2,"[""https://www.ulta.com/p/blurring-moisturizing-filter-primer-pimprod2024916"", ""https://www.ulta.com/p/supersize-blurring-moisturizing-filter-primer-pimprod2024917""]"
i use this on top of my moisturizer on days i don't wear makeup and it helps keep my face matted throught out the day! i've been using this for years.,2,2,"[""https://www.ulta.com/p/porefessional-pore-minimizing-primer-mini-xlsImpprod10141042"", ""https://www.ulta.com/p/porefessional-pore-minimizing-primer-xlsImpprod2290003""]"
i use this product as an end of the day cleanser. it removes all my makeup if i wear makeup and it seems to help with keeping my skin clear in general. i always use another cleanser after. it is very gentle and doesnt require a makeup pad to use which helps with preventing eyelash loss. i make sure my face and hands are dry when using it then rinse.,2,2,"[""https://www.ulta.com/p/take-day-off-cleansing-balm-makeup-remover-mini-xlsImpprod18791009"", ""https://www.ulta.com/p/take-day-off-cleansing-balm-makeup-remover-xlsImpprod11771009""]"
"i use this product for ridding on my face. it does correct my skin, then i apply my foundation.",2,2,"[""https://www.ulta.com/p/one-step-correct-brightening-correcting-primer-xlsImpprod2390219"", ""https://www.ulta.com/p/travel-size-one-step-correct-brightening-correcting-primer-xlsImpprod16451215""]"
"i use this to offset the yellow tones that my cc cream gives on my face. my cc cream was too yellow and shade darker than my skin tone, but this color corrector fixes that perfectly. i also blend this with my concealer. easy to use, good applicator. for reference, i have light skin with warm/olive undertones.",2,2,"[""https://www.ulta.com/p/hd-pro-corrector-concealer-pimprod2022723"", ""https://www.ulta.com/p/lightweight-hd-pro-creamy-concealer-xlsImpprod15711051""]"
"i use this under my foundation and it gives me a more refined look by hiding my pores, evens out skin tone and gives me a glow.",2,2,"[""https://www.ulta.com/p/one-step-correct-brightening-correcting-primer-xlsImpprod2390219"", ""https://www.ulta.com/p/travel-size-one-step-correct-brightening-correcting-primer-xlsImpprod16451215""]"
i use to love this concealer back in the day. it has started to cause my makeup to peel and creases like crazy.,2,2,"[""https://www.ulta.com/p/hd-pro-corrector-concealer-pimprod2022723"", ""https://www.ulta.com/p/lightweight-hd-pro-creamy-concealer-xlsImpprod15711051""]"
i used this a few times last week and my face started breaking out with tiny whiteheads. not purchasing it again!,2,2,"[""https://www.ulta.com/p/double-wear-stay-in-place-matte-powder-foundation-makeup-pimprod2031254"", ""https://www.ulta.com/p/double-wear-stay-in-place-matte-powder-foundation-refill-pimprod2031253""]"
"i used this the morning after flight delays and baggage issues at the airport got me to sleep 4 and a half hours before i had to be up for work the next morning. i actually got complimented on how good i looked that morning at work! this hasn't been the first compliment since i started using this primer, but it was one when i normally wouldn't have gotten any kind of compliment without this primer. i'm definitely going to continue purchasing it and spreading the word about how well it works! it also helps when the weather is as dry as it is here in the desert.",2,2,"[""https://www.ulta.com/p/hangover-replenishing-face-primer-xlsImpprod10751024"", ""https://www.ulta.com/p/travel-size-hangover-replenishing-face-primer-pimprod2031193""]"
"i used to use a cheap-o primer, but after using this i'll never skip on it again! my foundation seems to sink into my fine lines and wrinkles, and this gives it a smoother appearance all day! love it!",2,2,"[""https://www.ulta.com/p/porefessional-pore-minimizing-primer-mini-xlsImpprod10141042"", ""https://www.ulta.com/p/porefessional-pore-minimizing-primer-xlsImpprod2290003""]"
"i usually love this bronzer. i don't know if the consistency changed, or what? as soon as my bronzer brush hits the product, it crumbles. a complete mess!",2,2,"[""https://www.ulta.com/p/butter-bronzer-murumuru-butter-bronzer-xlsImpprod13621011"", ""https://www.ulta.com/p/matte-monoi-butter-bronzer-pimprod2021750""]"
i usually use laura mercier setting powder but was not pleased with the price (especially in this economy). i decided to give morphe setting powder a shot! and was not disappointed. the powder is very light weight but also sets what it needs to set. it does not crease or create dry patches.,4,4,"[""https://www.ulta.com/p/bake-set-soft-focus-setting-powder-pimprod2009225"", ""https://www.ulta.com/p/jumbo-bake-set-soft-focus-setting-powder-pimprod2043957"", ""https://www.ulta.com/p/mini-bake-set-soft-focus-setting-powder-pimprod2043959"", ""https://www.ulta.com/p/totally-set-mini-brighten-set-powder-duo-pimprod2043963""]"
"i want something for my pores. primers from laura mercier, benefit etc could not be helpful. ulta sales executive suggested this one. i thought maybe a drugstore brand could do the job right. it felt like i used nothing, makeup wasn't as flawless",3,3,"[""https://www.ulta.com/p/facestudio-master-prime-blur-pore-minimize-primer-xlsImpprod18351169"", ""https://www.ulta.com/p/facestudio-master-prime-blur-redness-control-primer-xlsImpprod11861005"", ""https://www.ulta.com/p/facestudio-master-prime-blur-smooth-primer-xlsImpprod11861001""]"
i want to appologize to it cosmetic i currently wrote review saying this cause breakouts but it's not . i was thinking that using it cc cream cause me breakouts but i found out it was something else is causing me breakouts. so i repurchase this cc cream and i love it. also it covers my preblems and give me confidence .,2,2,"[""https://www.ulta.com/p/cc-cream-with-spf-50-xlsImpprod5770257"", ""https://www.ulta.com/p/mini-cc-cream-with-spf-50-pimprod2013015""]"
"i wanted to like this product and heard amazing reviews about it. i was disappointed though because it looks really shiny on, and made my face feel sticky. it also emphasized my pores and acne scars rather than blurring them",2,2,"[""https://www.ulta.com/p/blurring-moisturizing-filter-primer-pimprod2024916"", ""https://www.ulta.com/p/supersize-blurring-moisturizing-filter-primer-pimprod2024917""]"
"i wanted to like this. it was my first tula purchase. first, i didn't feel like it made a difference to the look of my skin/pores at all. secondly, it made my skin break out badly each time i wore it. i thought maybe my skin just needed time to adjust but it never got any better. i've heard great things about tula so i was very dissapointed",2,2,"[""https://www.ulta.com/p/blurring-moisturizing-filter-primer-pimprod2024916"", ""https://www.ulta.com/p/supersize-blurring-moisturizing-filter-primer-pimprod2024917""]"
i wanted to love this but my armani silk foundation pulled immediately over it.,2,2,"[""https://www.ulta.com/p/photo-finish-illuminate-glow-primer-pimprod2030497"", ""https://www.ulta.com/p/travel-size-photo-finish-illuminate-glow-primer-pimprod2032764""]"
"i wanted to love this, it does help melt powders into your skin. but the fragrance?! omg its soooo potent. it's like an older woman floral perfume hitting your face and not dissipating for 2-3 minutes. it's unnecessarily strong for no reason. i dont get why they did this before the gold bottle doesn't have it, so it can be done without! i won't use this again unless they have a fragrance free versionâ¦ instant headache.",2,2,"[""https://www.ulta.com/p/continuous-setting-mist-xlsImpprod18351117"", ""https://www.ulta.com/p/mini-continuous-setting-mist-pimprod2017654""]"
"i wanted to love this. the color corrextion is good. but when i go to put my makeup over it, it pills up and then i have to spend 10 minutes picking off thr little balls of product off my face. if this is all im wearing on my face its good. but i cannot wear it under anything except powder if i apply it with a brush and super lightly. im disappointed i bought it.",2,2,"[""https://www.ulta.com/p/one-step-correct-brightening-correcting-primer-xlsImpprod2390219"", ""https://www.ulta.com/p/travel-size-one-step-correct-brightening-correcting-primer-xlsImpprod16451215""]"
i was a little nervous to use this since it was a darker color then i am. but i mixed a little with my moisturizer and it worked perfectly and went on very nicely.,3,3,"[""https://www.ulta.com/p/bronzing-blendrops-spf-40-priming-drops-pimprod2043859"", ""https://www.ulta.com/p/illuminizing-blendrops-spf-40-priming-drops-pimprod2043861"", ""https://www.ulta.com/p/perfecting-blendrops-spf-40-priming-drops-pimprod2043860""]"
i was anxious to try this as i regularly use cleansing balms to remove makeup before eashing my face. the smell is too over powering and i'm not sensitive to scents at all. it's accidentally gotten into my mouth and that experience is awful. i also fine it doesnt remove my makeup as well as elf or cerave. i'll stick with my jars of those. they're much smaller in size but a fraction of the price while being more effective.,2,2,"[""https://www.ulta.com/p/pro-collagen-cleansing-balm-xlsImpprod18731145"", ""https://www.ulta.com/p/travel-size-pro-collagen-cleansing-balm-pimprod2004741""]"
i was browsing the make isle and came across this bronzer!! it was on sale so i decided to give it a try and honestly it's not to thick and i use it in combination with my blush it gives such a nice contour and glow!!,2,2,"[""https://www.ulta.com/p/trublend-so-flushed-high-pigment-blush-pimprod2016942"", ""https://www.ulta.com/p/trublend-so-flushed-high-pigment-bronzer-pimprod2017123""]"
"i was disappointed at how flaky this made my skin look instead of finished. i used my moisturizer, bare minerals primer and foundation.",2,2,"[""https://www.ulta.com/p/mineral-veil-setting-powder-VP11355"", ""https://www.ulta.com/p/tinted-mineral-veil-setting-powder-prod110002""]"
i was gifted this from a friend 10 months ago and i have used it every day sense and it is just now running out. i apply two dots along my cheek bone and then go over it with a subtle powder blush and it last all day and is beautiful.,2,2,"[""https://www.ulta.com/p/supercharged-bronzer-multistick-pimprod2026828"", ""https://www.ulta.com/p/supercharged-cheek-lip-multistick-pimprod2021340""]"
"i was hoping the fragrance in this would be peach not old lady perfume. the smell never fades either and gives me a headache. the color is very light, i really have to pack it on for it to show on my nc20-ish skin. i don't mind adding more but the scent is just too much for me.",2,2,"[""https://www.ulta.com/p/wanderful-world-silky-soft-powder-blush-mini-xlsImpprod13741141"", ""https://www.ulta.com/p/wanderful-world-silky-soft-powder-blush-xlsImpprod820350""]"
"i was immediately disappointed by thos product. as soon as i opened it the blush fell out. also, there is very little actual product in tube. less than half. applies patchy and drys too quickly. 2/10, would not repurchase.",2,2,"[""https://www.ulta.com/p/velvet-contour-bronzer-stick-pimprod2040056"", ""https://www.ulta.com/p/velvet-contour-stick-blush-pimprod2040099""]"
"i was in search of a new, better made blush than i was previously using, and i found it! i have used a benefit blush before, and now will never not. i bought the willa soft neutral-rose blush, and it is perfect for every day wear. it hold up all day and it the loveliest shade. it packs a punch - a little goas a long way! it also has a soft, nice scent to it. the size and amount in the package will last a long time. 10/10 recommend!",2,2,"[""https://www.ulta.com/p/wanderful-world-silky-soft-powder-blush-mini-xlsImpprod13741141"", ""https://www.ulta.com/p/wanderful-world-silky-soft-powder-blush-xlsImpprod820350""]"
"i was kind of disappointed with this because it had such amazing reviews but it doesn't do what i need it to. i need good pore and fine line blurring so i think benefit's porefessional primer will always be my top pick. however a little does go a long way with the bobbi brown, it leaves face sticky which may be good for liquid foundation application afterwards. it smells like lemon cake if you like that.",2,2,"[""https://www.ulta.com/p/mini-vitamin-enriched-face-base-moisturizer-primer-with-vitamin-c-hyaluronic-acid-pimprod2025025"", ""https://www.ulta.com/p/vitamin-enriched-face-base-moisturizer-primer-with-vitamin-c-hyaluronic-acid-pimprod2025028""]"
i was really excited to try it but it was terrible and i never had the chancr to return it. did not set my makeup at all,2,2,"[""https://www.ulta.com/p/continuous-setting-mist-xlsImpprod18351117"", ""https://www.ulta.com/p/mini-continuous-setting-mist-pimprod2017654""]"
"i was so disappointed in this new formulation. i received it in the mail and assumed it was just new packaging, but it doesn't go on as smoothly as the original. the original was cream to powder. this has the texture of sunscreen and has to be rubbed in. i hate it. it definitely doesn't make foundation go on smoother. i'll be trying to find another brand's dupe of the original from now on.",2,2,"[""https://www.ulta.com/p/photo-finish-correct-anti-redness-primer-pimprod2030499"", ""https://www.ulta.com/p/travel-size-photo-finish-correct-anti-redness-primer-pimprod2032763""]"
"i was so excited to be able to play with this smashbox primer and put this formula to the test. rarely am i disappointed by any product from this brand. and i'm happy to report back with another formula that actually delivers as advertised! this formula didn't leave my skin feeling oily, which is always a make or break when it comes to any product applied to my face. i don't have to worry about the formula agreeing with the rest of my makeup routine, meaning that it's easily agreeable with all of my concealers and foundations, never turning into a cakey or greasy mess. ultimately i would absolutely encourage anyone to go out and grab a smashbox photo finish primer. enjoy!",2,2,"[""https://www.ulta.com/p/photo-finish-resurface-primer-with-glycolic-acid-pimprod2044509"", ""https://www.ulta.com/p/travel-size-photo-finish-resurface-primer-with-glycolic-acid-pimprod2044511""]"
"i was so excited to try out this setting spray! i didn't buy it for years because of the price. now that my bottle is about half gone, i have to say that i'm pretty disappointed. i apply it liberally over setting powder - the same way i use all my other setting sprays - and my foundation rubs off throughout the day. i was just trying to remove a spot of mascara from my cheek and my foundation rubbed off with it. mind you, this is foundation that i've used many times before and never have an issue with. i typically use the elf setting spray in the blue bottle and my makeup doesn't budge, even if i rub my face. i've only had makeup on for a few hours and it's like i didn't apply any setting spray at all. other sprays also have a finer mist - this one does not, to my surprise.",2,2,"[""https://www.ulta.com/p/mini-mac-prep-prime-fix-primer-setting-spray-xlsImpprod15921206"", ""https://www.ulta.com/p/prep-prime-fix-primer-setting-spray-xlsImpprod15921204""]"
i was super excited to try this product as i self tan my body but not my face. i was hoping it would be like the de bronzing drops bur unfortunately its not. this will leave visible glitter on your face. and if you were to use this product in the amount you need for sunscreen you would be looking crazy! do not rely on this product for your sunscreen people! unless you are using the required amount of sunscreen to be safely protected!,3,3,"[""https://www.ulta.com/p/bronzing-blendrops-spf-40-priming-drops-pimprod2043859"", ""https://www.ulta.com/p/illuminizing-blendrops-spf-40-priming-drops-pimprod2043861"", ""https://www.ulta.com/p/perfecting-blendrops-spf-40-priming-drops-pimprod2043860""]"
"i was surprised to see the glow and subtle warmth it gave my face as if i have been in the sun. my skin felt hydrated and looked healthy all day. very lightweight but mighty product! it doesn't have spf, which is why i think it will be perfect during gloomy and cold winter months when there's almost no sun exposure, but my skin would do with some hydration and a healthy glow with subtle bronze to liven up my complexion.",2,2,"[""https://www.ulta.com/p/cc-water-with-hyaluronic-acid-pimprod2025143"", ""https://www.ulta.com/p/travel-size-cc-water-with-hyaluronic-acid-pimprod2025144""]"
i wear a fairly good amount of eye makeup and this cleaner does a great job removing it and any glue residue. i'm also notorious for accidentally getting glue on the lash tips! i will continue to use this product!,2,2,"[""https://www.ulta.com/p/lash-clean-oil-free-makeup-remover-pimprod2018008"", ""https://www.ulta.com/p/travel-size-lash-clean-oil-free-makeup-remover-pimprod2018009""]"
i wear it everyday! it looks so pretty when you're not wearing makeup !,2,2,"[""https://www.ulta.com/p/velvet-contour-bronzer-stick-pimprod2040056"", ""https://www.ulta.com/p/velvet-contour-stick-blush-pimprod2040099""]"
i will be definitely buying this again. i love the way it feels and does the job at a cheaper price than i normally pay.,3,3,"[""https://www.ulta.com/p/facestudio-master-prime-blur-pore-minimize-primer-xlsImpprod18351169"", ""https://www.ulta.com/p/facestudio-master-prime-blur-redness-control-primer-xlsImpprod11861005"", ""https://www.ulta.com/p/facestudio-master-prime-blur-smooth-primer-xlsImpprod11861001""]"
"i will continue to buy this primer as it has consistently worked well on my skin. i do use a light foundation over it however, i know of others who only need to use this as for light coverage,",2,2,"[""https://www.ulta.com/p/blurring-moisturizing-filter-primer-pimprod2024916"", ""https://www.ulta.com/p/supersize-blurring-moisturizing-filter-primer-pimprod2024917""]"
"i will never buy anything from benefit again. they do not stand by the quality of their products. this product was so dried out that it fell off my finger when i squeezed it out of tube. i had to keep picking it up and trying to stick it onto my face, but it kept crumbling and falling off. when i contacted customer support, they told me i could send it back, but at my expense.",2,2,"[""https://www.ulta.com/p/porefessional-lite-ultra-lightweight-face-primer-mini-pimprod2029931"", ""https://www.ulta.com/p/porefessional-lite-ultra-lightweight-face-primer-pimprod2029932""]"
i wish i could give it a five but as my cons say it drys a little bit to quickly for me but otherwise i love it,2,2,"[""https://www.ulta.com/p/liquid-lip-blush-cheek-tint-pimprod2008308"", ""https://www.ulta.com/p/value-size-liquid-lip-blush-cheek-tint-pimprod2043819""]"
i wont be using this again. it creates an orangish coloring and does not blend well. it looks unnatural. i truly dont see how anyone could use this product and be satisfied with it.,3,3,"[""https://www.ulta.com/p/hoola-matte-powder-bronzer-jumbo-pimprod2045528"", ""https://www.ulta.com/p/hoola-matte-powder-bronzer-mini-xlsImpprod13741145"", ""https://www.ulta.com/p/hoola-matte-powder-bronzer-xlsImpprod820346""]"
i would buy this again,2,2,"[""https://www.ulta.com/p/original-mineral-veil-pressed-setting-powder-translucent-pimprod2025830"", ""https://www.ulta.com/p/prime-time-hydrate-glow-primer-pimprod2036902""]"
"i would get this in the smaller spray can and l loved it so much and had no problems so i decide to get the bigger and more expensive sized can, loved it for a few days until, the nozzle messed up and now sprays with a stream and not a clear spray. so it messes up my makeup :( i tried everything to clean the nozzle, nothing worked. i'm so sad bc other wise this is an amazing setting spray for me.",2,2,"[""https://www.ulta.com/p/continuous-setting-mist-xlsImpprod18351117"", ""https://www.ulta.com/p/mini-continuous-setting-mist-pimprod2017654""]"
i would give this a 4 star. the only reason why i don't think it deserves 5 is because the purple one is way better for my skin. i own a lot of primera and always go back to smashbox.,2,2,"[""https://www.ulta.com/p/photo-finish-primerizer-hydrating-primer-with-hyaluronic-acid-pimprod2030498"", ""https://www.ulta.com/p/travel-size-photo-finish-primerizer-hydrating-primer-with-hyaluronic-acid-pimprod2032761""]"
i would not buy this product again. i do not see much of a difference with or without the primer.,2,2,"[""https://www.ulta.com/p/studio-perfect-color-correcting-primer-in-lavender-xlsImpprod3280315"", ""https://www.ulta.com/p/studio-perfect-face-primer-in-clear-xlsImpprod3280311""]"
i would purchase again,2,2,"[""https://www.ulta.com/p/cc-cream-with-spf-50-xlsImpprod5770257"", ""https://www.ulta.com/p/mini-cc-cream-with-spf-50-pimprod2013015""]"
i',2,2,"[""https://www.ulta.com/p/matte-cream-mattifying-blurring-primer-pimprod2044585"", ""https://www.ulta.com/p/travel-size-matte-cream-mattifying-blurring-primer-pimprod2044589""]"
i'm 43 and i love the glow this product gives my skin. i have a little bit of redness around my nostrils and it takes care of that too. i buy the kitten version because i like the subtle shimmer it gives off. i frequently wear this product by itself- provides a nice base for my cream blush. when i do wear foundation (dior's forever glow) i feel like my skin looks completely flawless.,2,2,"[""https://www.ulta.com/p/one-step-correct-brightening-correcting-primer-xlsImpprod2390219"", ""https://www.ulta.com/p/travel-size-one-step-correct-brightening-correcting-primer-xlsImpprod16451215""]"
"i'm a beautiful chocolate woman with oily skin, who is in search of a matte primer. sadly, this product left a white cast/film on my face, and i couldn't even bring myself to put a make-up or tinted moisturizer layer. i returned it and will be testing other products.",2,2,"[""https://www.ulta.com/p/photo-finish-control-mattifying-primer-pimprod2030521"", ""https://www.ulta.com/p/travel-size-photo-finish-control-mattifying-primer-with-salicylic-acid-pimprod2032762""]"
"i'm currently in a bronzing and contour stick phase and am looking for an affordable drugstore option. unfortunately, this isn't it. it doesn't blend well and ""stuck"" where i applied it. it was a good light shade, i just wish it was more of a creamy application.",2,2,"[""https://www.ulta.com/p/velvet-contour-bronzer-stick-pimprod2040056"", ""https://www.ulta.com/p/velvet-contour-stick-blush-pimprod2040099""]"
i'm enjoying this primer. my makeup goes on smoothly and lasts.,2,2,"[""https://www.ulta.com/p/matte-cream-mattifying-blurring-primer-pimprod2044585"", ""https://www.ulta.com/p/travel-size-matte-cream-mattifying-blurring-primer-pimprod2044589""]"
i'm glad i bought a small jar. i'm not sure what all the hype is? didn't do anything to help my dry skin?,2,2,"[""https://www.ulta.com/p/mini-vitamin-enriched-face-base-moisturizer-primer-with-vitamin-c-hyaluronic-acid-pimprod2025025"", ""https://www.ulta.com/p/vitamin-enriched-face-base-moisturizer-primer-with-vitamin-c-hyaluronic-acid-pimprod2025028""]"
"i'm leery of color correctors because too often they leave a green cast no matter how little you use. this one was terrific. i received this in kitten as a sample, but it was a bit dark for me. i purchased the original.... perfect! definitely in my top 3 primers.",2,2,"[""https://www.ulta.com/p/one-step-correct-brightening-correcting-primer-xlsImpprod2390219"", ""https://www.ulta.com/p/travel-size-one-step-correct-brightening-correcting-primer-xlsImpprod16451215""]"
"i'm not sure if they changed formulas or what because i've been using double wear for years but this last order was complete junk! i use a primer and setting spray and the powder still comes off every time you touch it! don't go outside and sweat either, it runs off like clown makeup!",2,2,"[""https://www.ulta.com/p/double-wear-stay-in-place-matte-powder-foundation-makeup-pimprod2031254"", ""https://www.ulta.com/p/double-wear-stay-in-place-matte-powder-foundation-refill-pimprod2031253""]"
i'm not usually a big user of bronzer because i'm super fair and it always just seems unnatural. but this formula is so silky and blendable that i can use it to contour without it looking harsh. i'm really happy with it.,2,2,"[""https://www.ulta.com/p/laguna-bronzer-powder-talc-free-pimprod2038440"", ""https://www.ulta.com/p/mini-laguna-bronzer-powder-talc-free-pimprod2038438""]"
"i'm obsessed with these blushes. i was influenced to buy them by a tiktok i saw a while ago. they tried out ""hot frenzy"" (red) so i purchased that one, along with ""temptation"" (purple) because i loved the color. upon trying ""hot frenzy"", i picked up a lot on my blush brush, expecting to have to build it up. i was wrong, upon dabbing it on my cheeks, they quickly turned into snow whites cheeks. the same happened with temptation my cheeks were suddenly very purple. with learning how extreme the pigment was, after trying it and using the right amount, these became my favorite drug store blushes.",2,2,"[""https://www.ulta.com/p/trublend-so-flushed-high-pigment-blush-pimprod2016942"", ""https://www.ulta.com/p/trublend-so-flushed-high-pigment-bronzer-pimprod2017123""]"
"i'm obsessed with this bronzer! toasted looks fantastic on my skin, giving light and buildable coverage. i love wearing it on my light makeup days to help add some definition to my face.",3,3,"[""https://www.ulta.com/p/hoola-matte-powder-bronzer-jumbo-pimprod2045528"", ""https://www.ulta.com/p/hoola-matte-powder-bronzer-mini-xlsImpprod13741145"", ""https://www.ulta.com/p/hoola-matte-powder-bronzer-xlsImpprod820346""]"
i'm obsessed! i got shade willa it's v pretty and gives off a mauve pinky shade. has good pigment and easy to work with. it also kinda smells like perfume which i love but it's not strong or irritating,2,2,"[""https://www.ulta.com/p/wanderful-world-silky-soft-powder-blush-mini-xlsImpprod13741141"", ""https://www.ulta.com/p/wanderful-world-silky-soft-powder-blush-xlsImpprod820350""]"
"i'm pretty fair and most foundations that match my depth pull too pink on me, especially drug store ones. i use the green corrector to adjust the shade of too-pink foundations to better match me. it works like a charm! just a small dab mixed in makes all the difference in the undertone. i find it a bit too dry on my already dry skin to use on it's own, but i use so little of it as a mixing agent that i don't find it alters the finish of my foundations. it look me at least a year to make it through one tube of this using it this way. way cheaper to adjust pink drug store foundations than splurge on high end/luxury brands where i still can't find a 100% perfect shade match. i'll never be without this stuff!",2,2,"[""https://www.ulta.com/p/hd-pro-corrector-concealer-pimprod2022723"", ""https://www.ulta.com/p/lightweight-hd-pro-creamy-concealer-xlsImpprod15711051""]"
"i'm so glad nars extended their laguna shades. 03 is the perfect neutral, not orangey at all shade on my skin tone. not patchy at all, and can really be built up if needed.",2,2,"[""https://www.ulta.com/p/laguna-bronzer-powder-talc-free-pimprod2038440"", ""https://www.ulta.com/p/mini-laguna-bronzer-powder-talc-free-pimprod2038438""]"
i'm so happy i purchased this,2,2,"[""https://www.ulta.com/p/bye-bye-under-eye-full-coverage-anti-aging-waterproof-concealer-xlsImpprod5770259"", ""https://www.ulta.com/p/travel-size-bye-bye-under-eye-full-coverage-anti-aging-waterproof-concealer-xlsImpprod12871043""]"
i'm very happy with how this primer works with my foundation.,2,2,"[""https://www.ulta.com/p/photo-finish-primerizer-hydrating-primer-with-hyaluronic-acid-pimprod2030498"", ""https://www.ulta.com/p/travel-size-photo-finish-primerizer-hydrating-primer-with-hyaluronic-acid-pimprod2032761""]"
"i've always had an issue with my makeup ""melting"" into my skin halfway through the day, especially mu blush. i've tried a number of different primers and various formulas of blush,, but none of them really did the trick so i thought i would give this a try since i newly discovered mac foundation and like it a lot. i began by misting lightly on my freshly cleansed skin, waiting a minute, then applying foundation, bronzer, and blush, lightly spraying before each layer and allowing a minutes or so of dry time between. to my surprise, when i checked my makeup on my lunch hour, it looked the same as it did when i first applied that morning. no need for a refresh, even my blush! as a matter of fact, it looked the same at 5:00. i know i only tried it once but i must say, this really worked well right out of the gate. i will definitely buy this again and again!",2,2,"[""https://www.ulta.com/p/mini-mac-prep-prime-fix-primer-setting-spray-xlsImpprod15921206"", ""https://www.ulta.com/p/prep-prime-fix-primer-setting-spray-xlsImpprod15921204""]"
i've been a bare minerals girl but tried this when my usual was not in stock and love it and haven't switched back added a new bronzer and works great together,4,4,"[""https://www.ulta.com/p/bake-set-soft-focus-setting-powder-pimprod2009225"", ""https://www.ulta.com/p/jumbo-bake-set-soft-focus-setting-powder-pimprod2043957"", ""https://www.ulta.com/p/mini-bake-set-soft-focus-setting-powder-pimprod2043959"", ""https://www.ulta.com/p/totally-set-mini-brighten-set-powder-duo-pimprod2043963""]"
"i've been looking for this in my local ulta for months, but its forever sold out. i decided to order online and use points to redeem on this product. it arrived broken. i couldn't even get the blush out of the cap as it was stuck to the top of the lid. since no location around me has this color in stock, i'm torn on if i want to return it altogether or if i want to just scrape the product out of the lid. i feel like the packaging isn't the best.",2,2,"[""https://www.ulta.com/p/nudies-matte-all-over-face-blush-color-xlsImpprod15581029"", ""https://www.ulta.com/p/nudies-matte-all-over-face-bronze-color-pimprod2036361""]"
"i've been loving using this as a contour shade. it's not too warm or cool so it looks really natural and blends out super well, so it's buildable. shade 06 is perfect for when i'm more tan like now in the summer.",2,2,"[""https://www.ulta.com/p/laguna-bronzer-powder-talc-free-pimprod2038440"", ""https://www.ulta.com/p/mini-laguna-bronzer-powder-talc-free-pimprod2038438""]"
i've been struggling to find a solution for makeup breaking up on me as i get oily throughout the day. this is the solution. the finish is beautiful with my estã©e lauder double wear foundation.,2,2,"[""https://www.ulta.com/p/photo-finish-control-mattifying-primer-pimprod2030521"", ""https://www.ulta.com/p/travel-size-photo-finish-control-mattifying-primer-with-salicylic-acid-pimprod2032762""]"
i've been using it for years. great coverage and doesn't dry out or settle into lines,2,2,"[""https://www.ulta.com/p/bye-bye-under-eye-full-coverage-anti-aging-waterproof-concealer-xlsImpprod5770259"", ""https://www.ulta.com/p/travel-size-bye-bye-under-eye-full-coverage-anti-aging-waterproof-concealer-xlsImpprod12871043""]"
"i've been using the mineral veil since i was an undergraduate two decades ago. i have tried some different finishing powders, but they look cakey and fake, especially once you start sweating. so this is my go-to. it's translucent, it sets whatever product you're wearing underneath, but the best part is that after a few minutes mineral veil essentially disappears into your skin. you have a nice finished look, but it looks like real skin that happens to not shine but maybe glow? is that a good word. i will always go for the translucent original. slightly pricey, but worth it.",2,2,"[""https://www.ulta.com/p/mineral-veil-setting-powder-VP11355"", ""https://www.ulta.com/p/tinted-mineral-veil-setting-powder-prod110002""]"
"i've been using the travel size as a primer and i enjoy it a lot so far. the formula smooths things out without drying the skin, and i only need a quarter-sized amount to cover my whole face. my only gripe is that it is really expensive. plus, the scent is very strong. i don't mind the orange/citrus smell, but if that's a problem for you then i wouldnt recvomend because the scent is quite strong.",2,2,"[""https://www.ulta.com/p/mini-vitamin-enriched-face-base-moisturizer-primer-with-vitamin-c-hyaluronic-acid-pimprod2025025"", ""https://www.ulta.com/p/vitamin-enriched-face-base-moisturizer-primer-with-vitamin-c-hyaluronic-acid-pimprod2025028""]"
"i've been using this concealer for about 4 years now and it is still my favorite. it blends well, doesn't oxidize and good for a ""just concealer"" look. 10/10 so creamy and smooth",2,2,"[""https://www.ulta.com/p/mini-radiant-creamy-concealer-pimprod2017511"", ""https://www.ulta.com/p/radiant-creamy-concealer-xlsImpprod15251325""]"
i've been using this off and on for maybe 5 years now and i always come back to it! i have oily skin with medium to large pores. it works great for me and holds my makeup all day! i've found that it works really well with fenty foundation. don't forget to look what the base of your primer is and what the base of your foundation is,2,2,"[""https://www.ulta.com/p/studio-perfect-color-correcting-primer-in-lavender-xlsImpprod3280315"", ""https://www.ulta.com/p/studio-perfect-face-primer-in-clear-xlsImpprod3280311""]"
i've been using this pressed foundation for years. there is nothing like it when it's applied with a dense foundation brush. it turns into an all day formula when i set it with a translucent loose powder. love it!,2,2,"[""https://www.ulta.com/p/double-wear-stay-in-place-matte-powder-foundation-makeup-pimprod2031254"", ""https://www.ulta.com/p/double-wear-stay-in-place-matte-powder-foundation-refill-pimprod2031253""]"
"i've been using this primer for years (back when the packaging was still light blue) and haven't found anything that compares. i have very oily skin and this primer prevents me from looking like an oil slick halfway through my day. it also doesn't feel drying or stripping on my skin and lays nicely under my makeup. i even use it on days when i'm not wearing face makeup for oil control! even though it is on the pricier side, a little goes a long way and i will never regret spending the extra money on this primer!",2,2,"[""https://www.ulta.com/p/photo-finish-control-mattifying-primer-pimprod2030521"", ""https://www.ulta.com/p/travel-size-photo-finish-control-mattifying-primer-with-salicylic-acid-pimprod2032762""]"
i've been using this product for a long time. i've tried to use other powder makeup products and keep coming back to estee lauder double wear. it's been hard to find one that covers this well.,2,2,"[""https://www.ulta.com/p/double-wear-stay-in-place-matte-powder-foundation-makeup-pimprod2031254"", ""https://www.ulta.com/p/double-wear-stay-in-place-matte-powder-foundation-refill-pimprod2031253""]"
"i've been using this product for about 2 years and have loved it. this last tube arrived and the product is very oily. not at all the firm paste-like consistency. my make-up slips right off my face and i am an oil slick. i've tried to let it dry for 15 minutes before applying foundation, and i get the same results. i'm really not looking forward to having to search for a new primer. this one was perfect, why did they have to change it?",2,2,"[""https://www.ulta.com/p/matte-cream-mattifying-blurring-primer-pimprod2044585"", ""https://www.ulta.com/p/travel-size-matte-cream-mattifying-blurring-primer-pimprod2044589""]"
"i've been using this product in its various forms for years. i really llove the clear original best! i love how smooth ly your make-up goes on over it. with my sensitive skin, i've never had any problems. an old faithful!",2,2,"[""https://www.ulta.com/p/mini-prime-time-original-pore-minimizing-primer-pimprod2039236"", ""https://www.ulta.com/p/prime-time-original-pore-minimizing-primer-pimprod2036786""]"
"i've been wearing this primer since i was a teenager, i'm 29 now. lol it's just so good! i tried every primer that was ever made i'm convinced but nothing compares to this. even the expensive ones aren't as good as this. buy it!",2,2,"[""https://www.ulta.com/p/original-photo-finish-smooth-blur-oil-free-primer-xlsImpprod3590041"", ""https://www.ulta.com/p/travel-size-original-photo-finish-smooth-blur-oil-free-primer-pimprod2033047""]"
"i've bought this half off during ulta's 21 days of beauty. wanted to try it to compare if it's better than the original. was surprised that when i squeezed it from the tube, it always falls off!! i have the original and i never had this experience. will be returning this and will just go back to the original. i guess, the classic ones will always be the best one. they should keep defective products off the market. i thought this one is water based then why is it too dry that it falls off from your finger and could not even spread it on your skin. what a waste!",2,2,"[""https://www.ulta.com/p/porefessional-lite-ultra-lightweight-face-primer-mini-pimprod2029931"", ""https://www.ulta.com/p/porefessional-lite-ultra-lightweight-face-primer-pimprod2029932""]"
i've gotten before. and tried others. but i feel that this is the best. covers and fills in nicely. others don't do the same thing for me. i would recommend to my friends. another great product from ulta. appreciate staff suggestion to try first time.,2,2,"[""https://www.ulta.com/p/porefessional-pore-minimizing-primer-mini-xlsImpprod10141042"", ""https://www.ulta.com/p/porefessional-pore-minimizing-primer-xlsImpprod2290003""]"
i've heard so many great things about this product. i really would like to try it out and know for my self of its what everyone keeps hyping it up to be. i will be purchasing soon. or hopefully i get a sample of this so i can try before i buy it. i recommend it to everyone.,2,2,"[""https://www.ulta.com/p/trublend-so-flushed-high-pigment-blush-pimprod2016942"", ""https://www.ulta.com/p/trublend-so-flushed-high-pigment-bronzer-pimprod2017123""]"
"i've never had a setting powder do this, but it looks orange when it goes on my skin. i put it wherever i used concealer and it makes everything look darker and actually accentuates dark spots and my melasma.",2,2,"[""https://www.ulta.com/p/mineral-veil-setting-powder-VP11355"", ""https://www.ulta.com/p/tinted-mineral-veil-setting-powder-prod110002""]"
i've never tried the other brand that was viral but i was so excited to try these as they are very similar!! i'm a self tanner so these worked amazing for my face ! it gave me the perfect summer time glow &amp; color to my face like i had been tanning! i would mix them with a moisturizer or even a light skin tint/foundation because they do have a lot of shine to it!,3,3,"[""https://www.ulta.com/p/bronzing-blendrops-spf-40-priming-drops-pimprod2043859"", ""https://www.ulta.com/p/illuminizing-blendrops-spf-40-priming-drops-pimprod2043861"", ""https://www.ulta.com/p/perfecting-blendrops-spf-40-priming-drops-pimprod2043860""]"
"i've never used a setting spray and this stuff works! i have oily skin and the countless high end primers ive tried dont work. when i put this on top of my makeup, its perfect for at least 12 hours. i also love it because i can put it on over powder and it takes away that powdery look and gives me a beautiful glowy face for hours. i would highly recommend this. i use both a primer on my face and then set my make up with the spray. the oil stays away all day! buy it!!",2,2,"[""https://www.ulta.com/p/porefessional-super-setter-long-lasting-makeup-setting-spray-mini-pimprod2040598"", ""https://www.ulta.com/p/porefessional-super-setter-long-lasting-makeup-setting-spray-pimprod2020913""]"
i've never used a setting spray before and this keeps you looking natural,2,2,"[""https://www.ulta.com/p/porefessional-super-setter-long-lasting-makeup-setting-spray-mini-pimprod2040598"", ""https://www.ulta.com/p/porefessional-super-setter-long-lasting-makeup-setting-spray-pimprod2020913""]"
i've only been using this incredible primer/moisturizer for a month and holy grail! i will never be without it. it's a little pricey but it is well worth it! my makeup goes on so much smoother and my skin feels super hydrating. i highly recommend.,2,2,"[""https://www.ulta.com/p/mini-vitamin-enriched-face-base-moisturizer-primer-with-vitamin-c-hyaluronic-acid-pimprod2025025"", ""https://www.ulta.com/p/vitamin-enriched-face-base-moisturizer-primer-with-vitamin-c-hyaluronic-acid-pimprod2025028""]"
i've only used it 2x and noticed the same problem. the pores of my nose looked lumpy . not pleased,2,2,"[""https://www.ulta.com/p/porefessional-pore-minimizing-primer-mini-xlsImpprod10141042"", ""https://www.ulta.com/p/porefessional-pore-minimizing-primer-xlsImpprod2290003""]"
i've recently been exploring different products for my face and i've been looking for something like this for a long time. i love how it hides my pores and it so smooth and silky.,2,2,"[""https://www.ulta.com/p/porefessional-pore-minimizing-primer-mini-xlsImpprod10141042"", ""https://www.ulta.com/p/porefessional-pore-minimizing-primer-xlsImpprod2290003""]"
"i've spent a lot of $ on primers! this one actually does a great job for hours! doesn't hold for an entire work day but most only last 2 hours and this surpasses them. i have older, rosacia skin that is both dry and oily and acne prone, sensitive too. i didn't expect much from this but was pleasantly surprised.",2,2,"[""https://www.ulta.com/p/photo-finish-control-mattifying-primer-pimprod2030521"", ""https://www.ulta.com/p/travel-size-photo-finish-control-mattifying-primer-with-salicylic-acid-pimprod2032762""]"
i've tired many foundations which all wore off resulting in my fair skin with red tones showing mid-day. this primer was suggested to me at ulta and i am so glad i tried it. the redness has decreased and the make up stays on. my skin looks smoother and is softer.,2,2,"[""https://www.ulta.com/p/photo-finish-correct-anti-redness-primer-pimprod2030499"", ""https://www.ulta.com/p/travel-size-photo-finish-correct-anti-redness-primer-pimprod2032763""]"
"i've used all different kinds of loose powders and this is one of the best for baking. 100% recommend, i will continue to buy!",4,4,"[""https://www.ulta.com/p/bake-set-soft-focus-setting-powder-pimprod2009225"", ""https://www.ulta.com/p/jumbo-bake-set-soft-focus-setting-powder-pimprod2043957"", ""https://www.ulta.com/p/mini-bake-set-soft-focus-setting-powder-pimprod2043959"", ""https://www.ulta.com/p/totally-set-mini-brighten-set-powder-duo-pimprod2043963""]"
i've used jane airedale makeup for about 10 years. it is the best makeup on the market in my opinion. i especially love that it is cruelty free! i will never buy anything else!,2,2,"[""https://www.ulta.com/p/smooth-affair-facial-primer-brightener-pimprod2004113"", ""https://www.ulta.com/p/smooth-affair-mattifying-face-primer-pimprod2033620""]"
"i've used lancome, mac, benefit, tula, smashbox, dr. brant, elf, este lauder, and clarins. this is second to last place just behind the elf putty. i have combo skin and rarely have blemishes. this primer gave me a new zit every time i wore it. it is very liquid and dries as soon as you apply it so your makeup doesn't spread nicely. it did reduce oil but also left my face feeling dry and tight. i couldn't wait to wash my make-up off because i felt like i was wearing a mask and i was going to get another zit at any moment. it did not blur anything. it soaked in lines and emphasized my imperfections (i'm 41 and have surface lines and visible pores). i still can't find anything that tops the original mac face veil, shocked it doesn't have better reviews.",2,2,"[""https://www.ulta.com/p/smooth-affair-facial-primer-brightener-pimprod2004113"", ""https://www.ulta.com/p/smooth-affair-mattifying-face-primer-pimprod2033620""]"
i've used loads of different setting sprays and they usually smell quite nice. this one smelled very chemical-heavy and the fine mist lingers longer than other sprays so if you dont want to inhale it you almost have to leave the room right after you spray.,2,2,"[""https://www.ulta.com/p/continuous-setting-mist-xlsImpprod18351117"", ""https://www.ulta.com/p/mini-continuous-setting-mist-pimprod2017654""]"
"i've used this for the past few months and recently ran out so i bought a new one, it's my favorite primer i've ever bought and i totally recommend it if you can afford it.",2,2,"[""https://www.ulta.com/p/hangover-replenishing-face-primer-xlsImpprod10751024"", ""https://www.ulta.com/p/travel-size-hangover-replenishing-face-primer-pimprod2031193""]"
i've used this primer a couple times before i dont feel like it does anything. i'll put it on and my redness will still be there. and the consistency is just not up my alley.,2,2,"[""https://www.ulta.com/p/studio-perfect-color-correcting-primer-in-lavender-xlsImpprod3280315"", ""https://www.ulta.com/p/studio-perfect-face-primer-in-clear-xlsImpprod3280311""]"
"idk what is issue, but i have cc+ in a shade ""light"" that was too dark for me, so i ordered ""fair light"" hoping i will mix it and get shade i need, but this fair light is darker than my ""light"" shade 😆 i am confused. honestly, comparing to the shade pictures, my shade i got ""fair light"" is similar to ""neutral medium"". i really like this cc, but shades are too confusing.",2,2,"[""https://www.ulta.com/p/cc-cream-with-spf-50-xlsImpprod5770257"", ""https://www.ulta.com/p/mini-cc-cream-with-spf-50-pimprod2013015""]"
if you have oily skin and acne scarring this is a great product for you!,2,2,"[""https://www.ulta.com/p/porefessional-lite-ultra-lightweight-face-primer-mini-pimprod2029931"", ""https://www.ulta.com/p/porefessional-lite-ultra-lightweight-face-primer-pimprod2029932""]"
"if you're a pale person like i am, you need this. it's wonderful. great mix of pink and peach, and its blends beautifully. so glad i found this!",2,2,"[""https://www.ulta.com/p/wanderful-world-silky-soft-powder-blush-mini-xlsImpprod13741141"", ""https://www.ulta.com/p/wanderful-world-silky-soft-powder-blush-xlsImpprod820350""]"
"if you're looking for a natural glow, look no further. this highlighter imparts a sophisticated look that is appropriate for a professional without making someone look like they're about to go clubbing. many highlighter give a garish bling that looks ridiculous at the office; not this one!",2,2,"[""https://www.ulta.com/p/dandelion-twinkle-soft-nude-pink-powder-highlighter-mini-xlsImpprod17971039"", ""https://www.ulta.com/p/dandelion-twinkle-soft-nude-pink-powder-highlighter-xlsImpprod15771001""]"
im a big fan of juvias place and generally love their products but this settles in and breaks up in my fine lines no matter what steps i take. i love the color and how it blends but especially as a 20 year old whose just getting crows feet i don't appreciate the accentuating of my fine lines,2,2,"[""https://www.ulta.com/p/i-am-magic-concealer-pimprod2006835"", ""https://www.ulta.com/p/i-am-magic-mini-concealer-pimprod2026783""]"
im in my 40s and have dry very sensitive skin and this is by far one of the best cleansing balms i have ever used!,2,2,"[""https://www.ulta.com/p/pro-collagen-cleansing-balm-xlsImpprod18731145"", ""https://www.ulta.com/p/travel-size-pro-collagen-cleansing-balm-pimprod2004741""]"
"im new to makeup so of course i had asked an employee what primers they recommended for very oily skin since the elf niacinamide just did not help me. her first recommendation was this one, i bought the mini (traveling size, i think), and it blurred and left my skin feeling smooth. it barely has a scent and does the job! totally would recommend!",2,2,"[""https://www.ulta.com/p/porefessional-pore-minimizing-primer-mini-xlsImpprod10141042"", ""https://www.ulta.com/p/porefessional-pore-minimizing-primer-xlsImpprod2290003""]"
"in my opinion, this product is essential for those who have oily skin and facial sweat . i've been using this for about a week now and i've noticed that my makeup does not need ""touch ups"" throughout the day and my makeup stays in place. this is my new primer!",2,2,"[""https://www.ulta.com/p/photo-finish-control-mattifying-primer-pimprod2030521"", ""https://www.ulta.com/p/travel-size-photo-finish-control-mattifying-primer-with-salicylic-acid-pimprod2032762""]"
it applies smoothly but it acts more like a primer than a color corrector. it's green in color but it's not green once it's applied on the face to cover the redness. i wanted to like it but unfortunately it just didn't do anything for me.,2,2,"[""https://www.ulta.com/p/studio-perfect-color-correcting-primer-in-lavender-xlsImpprod3280315"", ""https://www.ulta.com/p/studio-perfect-face-primer-in-clear-xlsImpprod3280311""]"
it are wonderful products.,2,2,"[""https://www.ulta.com/p/cc-cream-with-spf-50-xlsImpprod5770257"", ""https://www.ulta.com/p/mini-cc-cream-with-spf-50-pimprod2013015""]"
it blends out well and i have not had any problems with this contour stick. it's amazing and the price is so affordable. i would recommend this product.,2,2,"[""https://www.ulta.com/p/velvet-contour-bronzer-stick-pimprod2040056"", ""https://www.ulta.com/p/velvet-contour-stick-blush-pimprod2040099""]"
it can't just be me this was terrible it balled up didn't do anything for my red roseacea cheek thank god i got the mini first so i didn't waste even more money,2,2,"[""https://www.ulta.com/p/photo-finish-correct-anti-redness-primer-pimprod2030499"", ""https://www.ulta.com/p/travel-size-photo-finish-correct-anti-redness-primer-pimprod2032763""]"
"it definitely makes your makeup stay on longer, and go on smoother.",2,2,"[""https://www.ulta.com/p/smooth-affair-facial-primer-brightener-pimprod2004113"", ""https://www.ulta.com/p/smooth-affair-mattifying-face-primer-pimprod2033620""]"
"it did cover pretty well, but unfortunately, it gave me a really bad allergy reaction to my eyes are red and puffy, and itching throughout the day while i had it on.",2,2,"[""https://www.ulta.com/p/mini-radiant-creamy-concealer-pimprod2017511"", ""https://www.ulta.com/p/radiant-creamy-concealer-xlsImpprod15251325""]"
it feels so watery compared to nyx's previous color correcting. barely there coverage.,2,2,"[""https://www.ulta.com/p/studio-perfect-color-correcting-primer-in-lavender-xlsImpprod3280315"", ""https://www.ulta.com/p/studio-perfect-face-primer-in-clear-xlsImpprod3280311""]"
"it gives the skin with a beautiful glow, perfect for wearing alone or blending with moisturizer for a radiant base. the skin benefits it provides are simply outstanding. i'm absolutely loving the luminous finish it gives.",3,3,"[""https://www.ulta.com/p/bronzing-blendrops-spf-40-priming-drops-pimprod2043859"", ""https://www.ulta.com/p/illuminizing-blendrops-spf-40-priming-drops-pimprod2043861"", ""https://www.ulta.com/p/perfecting-blendrops-spf-40-priming-drops-pimprod2043860""]"
it has a good texture. feels good on the face.,2,2,"[""https://www.ulta.com/p/porefessional-pore-minimizing-primer-mini-xlsImpprod10141042"", ""https://www.ulta.com/p/porefessional-pore-minimizing-primer-xlsImpprod2290003""]"
"it has a satin finish, no scent with a good coverage. i wear it for my 12 hour shift at the hospital and made my make up last for longer than that. it was a good packaging to take it with me in my make up bag. my only complaint is that it tends to dry your skin so use a fat face cream. other than that i love it especially how makes me looks on photos",2,2,"[""https://www.ulta.com/p/photo-finish-resurface-primer-with-glycolic-acid-pimprod2044509"", ""https://www.ulta.com/p/travel-size-photo-finish-resurface-primer-with-glycolic-acid-pimprod2044511""]"
it has a very smooth texture and glides on very nicely. i love the scent and it has a tacky finish which makes foundation application really easy.,2,2,"[""https://www.ulta.com/p/photo-finish-resurface-primer-with-glycolic-acid-pimprod2044509"", ""https://www.ulta.com/p/travel-size-photo-finish-resurface-primer-with-glycolic-acid-pimprod2044511""]"
"it has a very weird texture : feels almost solid while squeezing through the tube, falls off the fingers due to the solidity, and because of the weird texture you will need to use a lot more product than the original version. definitely recommend the original version, not the 'lite' one",2,2,"[""https://www.ulta.com/p/porefessional-lite-ultra-lightweight-face-primer-mini-pimprod2029931"", ""https://www.ulta.com/p/porefessional-lite-ultra-lightweight-face-primer-pimprod2029932""]"
it has the perfect amount of coverage and moisture for me. i will probably buy it again if they don't mess with the formula.,2,2,"[""https://www.ulta.com/p/halo-healthy-glow-tinted-moisturizer-broad-spectrum-spf-25-pimprod2016307"", ""https://www.ulta.com/p/mini-halo-healthy-glow-tinted-moisturizer-broad-spectrum-spf-25-pimprod2033372""]"
it is light and locks in moisture. my foundation powder and liquid minerals foundation both stay on longer with this underneath.,2,2,"[""https://www.ulta.com/p/smooth-affair-facial-primer-brightener-pimprod2004113"", ""https://www.ulta.com/p/smooth-affair-mattifying-face-primer-pimprod2033620""]"
"it is my daughter, who is fair-complected like her dad, who introduced me to your product. she said my makeup was too heavy and i should try your clair cream. i took her advice even though i am olive-complected. i liked the product, but not the shade. i recently re-ordered the dore cream and i am so pleased! heavy make-up is not advisable at my age (82 1/2) and this dore cream fits my needs ; satisfaction perfectly!",2,2,"[""https://www.ulta.com/p/bb-cream-spf-20-pimprod2005693"", ""https://www.ulta.com/p/travel-size-bb-cream-spf-20-pimprod2015578""]"
it lasts and has the perfect pigment!,2,2,"[""https://www.ulta.com/p/wanderful-world-silky-soft-powder-blush-mini-xlsImpprod13741141"", ""https://www.ulta.com/p/wanderful-world-silky-soft-powder-blush-xlsImpprod820350""]"
it looks great when it first goes on but through the day my waterproof mascara wears on lower lid starts showing on top of the concealer.,2,2,"[""https://www.ulta.com/p/bye-bye-under-eye-full-coverage-anti-aging-waterproof-concealer-xlsImpprod5770259"", ""https://www.ulta.com/p/travel-size-bye-bye-under-eye-full-coverage-anti-aging-waterproof-concealer-xlsImpprod12871043""]"
it made all my lashes fall out &amp; if you buy from an actual beauty store or a lash supply store that won't happen i was in a rush and i didn't have time to go to the beauty store to buy the other one but i don't recommend it's a waste of money,2,2,"[""https://www.ulta.com/p/lash-clean-oil-free-makeup-remover-pimprod2018008"", ""https://www.ulta.com/p/travel-size-lash-clean-oil-free-makeup-remover-pimprod2018009""]"
"it might just be me but i noticed this concealer shows so much texture and looks so bad, it has a nice creamy formula but it just brings out allll ur texture",2,2,"[""https://www.ulta.com/p/i-am-magic-concealer-pimprod2006835"", ""https://www.ulta.com/p/i-am-magic-mini-concealer-pimprod2026783""]"
it seemed to provide some coverage for redness but the problem is that my nyx foundation applied over it rubs right off and defines pores even more once that happens. don't recommend it unless you don't plan to wear foundation.,3,3,"[""https://www.ulta.com/p/studio-perfect-color-correcting-primer-in-green-xlsImpprod3280313"", ""https://www.ulta.com/p/studio-perfect-color-correcting-primer-in-lavender-xlsImpprod3280315"", ""https://www.ulta.com/p/studio-perfect-face-primer-in-clear-xlsImpprod3280311""]"
it smells nice and is not greasy or drying but i have pores i would like to make less noticeable and also my aged related crepey under eyes less noticeable and it really did nothing for that.,2,2,"[""https://www.ulta.com/p/mini-vitamin-enriched-face-base-moisturizer-primer-with-vitamin-c-hyaluronic-acid-pimprod2025025"", ""https://www.ulta.com/p/vitamin-enriched-face-base-moisturizer-primer-with-vitamin-c-hyaluronic-acid-pimprod2025028""]"
it smells so strong (like a perfume imo) but it actually does an amazing job setting makeup. lasts through my 12 hour shifts. doesnt control oil or anything- just sets the face.,2,2,"[""https://www.ulta.com/p/airbrush-flawless-setting-spray-pimprod2043342"", ""https://www.ulta.com/p/travel-size-airbrush-flawless-setting-spray-pimprod2043334""]"
it takes a little bit of rubbing to get the lash adhesive loosened from the lash.,2,2,"[""https://www.ulta.com/p/lash-clean-oil-free-makeup-remover-pimprod2018008"", ""https://www.ulta.com/p/travel-size-lash-clean-oil-free-makeup-remover-pimprod2018009""]"
it was blotchy when trying to blend out. i applied with the stick directly and blender with a beauty blender,2,2,"[""https://www.ulta.com/p/velvet-contour-bronzer-stick-pimprod2040056"", ""https://www.ulta.com/p/velvet-contour-stick-blush-pimprod2040099""]"
it was really hard to blend and it made my foundation look weird. definitely disappointing,2,2,"[""https://www.ulta.com/p/nudies-matte-all-over-face-blush-color-xlsImpprod15581029"", ""https://www.ulta.com/p/nudies-matte-all-over-face-bronze-color-pimprod2036361""]"
it was very pigmented like yes! had a nice look on face and works well with brush 10/10,2,2,"[""https://www.ulta.com/p/trublend-so-flushed-high-pigment-blush-pimprod2016942"", ""https://www.ulta.com/p/trublend-so-flushed-high-pigment-bronzer-pimprod2017123""]"
it works! and it lasts a long time.,2,2,"[""https://www.ulta.com/p/take-day-off-cleansing-balm-makeup-remover-mini-xlsImpprod18791009"", ""https://www.ulta.com/p/take-day-off-cleansing-balm-makeup-remover-xlsImpprod11771009""]"
it's a little sticky. there was no irritation or bad odor. i just didn't like the dry down. the ingredients are typical of .oat cosmetic products.,3,3,"[""https://www.ulta.com/p/bronzing-blendrops-spf-40-priming-drops-pimprod2043859"", ""https://www.ulta.com/p/illuminizing-blendrops-spf-40-priming-drops-pimprod2043861"", ""https://www.ulta.com/p/perfecting-blendrops-spf-40-priming-drops-pimprod2043860""]"
it's beautiful it's super creamy and easy to blend out it's my first time trying out a cream blush stick i use to stick to powder blush but now a days seems everyone is doing shimmer blush i don't want my blush to be shimmering only my highlighter and eyeshadow,2,2,"[""https://www.ulta.com/p/megaglo-makeup-stick-blush-xlsImpprod16731045"", ""https://www.ulta.com/p/megaglo-makeup-stick-pimprod2043772""]"
it's blendable and buildable,2,2,"[""https://www.ulta.com/p/butter-bronzer-murumuru-butter-bronzer-xlsImpprod13621011"", ""https://www.ulta.com/p/matte-monoi-butter-bronzer-pimprod2021750""]"
it's chalky and you get what you pay for. invest in a better product. this is just using a bad crayon on your face.,2,2,"[""https://www.ulta.com/p/velvet-contour-bronzer-stick-pimprod2040056"", ""https://www.ulta.com/p/velvet-contour-stick-blush-pimprod2040099""]"
"it's do hard to find a primer that actually works, i was actually impressed with this and will definitely be buying more! my foundation looked flawless",2,2,"[""https://www.ulta.com/p/mini-vitamin-enriched-face-base-moisturizer-primer-with-vitamin-c-hyaluronic-acid-pimprod2025025"", ""https://www.ulta.com/p/vitamin-enriched-face-base-moisturizer-primer-with-vitamin-c-hyaluronic-acid-pimprod2025028""]"
"it's expensive for how small it is, it barely has any shimmer in it, and it does not show any visible results to what it promises.",2,2,"[""https://www.ulta.com/p/glow-baby-anywhere-brightening-vitamin-c-balm-pimprod2033409"", ""https://www.ulta.com/p/wake-up-beautiful-anywhere-de-puff-calm-balm-pimprod2033412""]"
it's gooey and i'm working with it.,2,2,"[""https://www.ulta.com/p/smooth-affair-facial-primer-brightener-pimprod2004113"", ""https://www.ulta.com/p/smooth-affair-mattifying-face-primer-pimprod2033620""]"
"it's just okay, doesn't feel as heavy as the original but not worth it for the price point. i'm not sure if the one i got was defective but it came out dry",2,2,"[""https://www.ulta.com/p/porefessional-lite-ultra-lightweight-face-primer-mini-pimprod2029931"", ""https://www.ulta.com/p/porefessional-lite-ultra-lightweight-face-primer-pimprod2029932""]"
it's niceï¼i love it.,2,2,"[""https://www.ulta.com/p/mini-vitamin-enriched-face-base-moisturizer-primer-with-vitamin-c-hyaluronic-acid-pimprod2025025"", ""https://www.ulta.com/p/vitamin-enriched-face-base-moisturizer-primer-with-vitamin-c-hyaluronic-acid-pimprod2025028""]"
it's not bad it's just not for me or my skin type,2,2,"[""https://www.ulta.com/p/bye-bye-under-eye-full-coverage-anti-aging-waterproof-concealer-xlsImpprod5770259"", ""https://www.ulta.com/p/travel-size-bye-bye-under-eye-full-coverage-anti-aging-waterproof-concealer-xlsImpprod12871043""]"
it's o.k but pretty expensive for an o.k product.,2,2,"[""https://www.ulta.com/p/wanderful-world-silky-soft-powder-blush-mini-xlsImpprod13741141"", ""https://www.ulta.com/p/wanderful-world-silky-soft-powder-blush-xlsImpprod820350""]"
"it's ok, not the best container. i bought the small one as well to travel with but i foresee it leaking in my makeup bag.",2,2,"[""https://www.ulta.com/p/lash-clean-oil-free-makeup-remover-pimprod2018008"", ""https://www.ulta.com/p/travel-size-lash-clean-oil-free-makeup-remover-pimprod2018009""]"
it's pretty much just pink and gold glitter.,2,2,"[""https://www.ulta.com/p/trublend-so-flushed-high-pigment-blush-pimprod2016942"", ""https://www.ulta.com/p/trublend-so-flushed-high-pigment-bronzer-pimprod2017123""]"
"it's really nice that colourpop offers a veriety of undertones to match. i like mixing a couple shades to get the right balance of tan around the perimeter of my face. i love that this bronzer has a very natural finish. it's also easy to build up to the right payoff without looking too powdery. next time, i'm buying the larger version of the bronzer as this is going into my daily routine.",2,2,"[""https://www.ulta.com/p/cheek-dew-hydrating-serum-blush-pimprod2027226"", ""https://www.ulta.com/p/pressed-powder-bronzer-pimprod2038313""]"
it's so nice feeling on my skin and helps with dark spots and acne coverage. me and my 4 friends all have the concealer and wear it everyday. i highly recommend!,2,2,"[""https://www.ulta.com/p/mini-radiant-creamy-concealer-pimprod2017511"", ""https://www.ulta.com/p/radiant-creamy-concealer-xlsImpprod15251325""]"
"it's so oily and greasy, for starters. not only that but it made me breakout. as someone with already oily and sensitive skin, this is a definite no. didn't even remove mascara. do not buy this!",2,2,"[""https://www.ulta.com/p/take-day-off-cleansing-balm-makeup-remover-mini-xlsImpprod18791009"", ""https://www.ulta.com/p/take-day-off-cleansing-balm-makeup-remover-xlsImpprod11771009""]"
it's the perfect setting spray makes my makeup look good and last long plus ain't too expensive i've tried the expensive ones as well and they make my makeup separate but morphe never had a problem,2,2,"[""https://www.ulta.com/p/continuous-setting-mist-xlsImpprod18351117"", ""https://www.ulta.com/p/mini-continuous-setting-mist-pimprod2017654""]"
it's very very unfortunate bare minerals changed this product. it is a completely different consistency and does not give them same buttery smooth feel to the skin that the old primer did. please bring the old product back!!!,2,2,"[""https://www.ulta.com/p/mini-prime-time-original-pore-minimizing-primer-pimprod2039236"", ""https://www.ulta.com/p/prime-time-original-pore-minimizing-primer-pimprod2036786""]"
"its a good price, i ordered a nude and they gave me a supper pink concealer, i thought i ordered the wrong color but i ordered the right color, so now i have a blush and not s concealer",2,2,"[""https://www.ulta.com/p/hd-pro-corrector-concealer-pimprod2022723"", ""https://www.ulta.com/p/lightweight-hd-pro-creamy-concealer-xlsImpprod15711051""]"
"its a really good product super hydrating sets nicely ,really liquid and milky smooth but for the price i had to get the mini and it's great but i can get this same quality from my elf primers maybe even better for half the price and some times it peels so it's good not great 😊",2,2,"[""https://www.ulta.com/p/photo-finish-primerizer-hydrating-primer-with-hyaluronic-acid-pimprod2030498"", ""https://www.ulta.com/p/travel-size-photo-finish-primerizer-hydrating-primer-with-hyaluronic-acid-pimprod2032761""]"
"its alright! it supposedly says its ""medium coverage"" but in my opinion its more light coverage. it has a light creamy texture and the applicator is nice but it creases in my opinion and doesnt last very long either but if you want a very natural looking concealer this ones for you",2,2,"[""https://www.ulta.com/p/mini-radiant-creamy-concealer-pimprod2017511"", ""https://www.ulta.com/p/radiant-creamy-concealer-xlsImpprod15251325""]"
its crazy how small the full size is now. i thought they sent me a mini. disappointed,2,2,"[""https://www.ulta.com/p/porefessional-lite-ultra-lightweight-face-primer-mini-pimprod2029931"", ""https://www.ulta.com/p/porefessional-lite-ultra-lightweight-face-primer-pimprod2029932""]"
"its great, i love it and 100% recommend",2,2,"[""https://www.ulta.com/p/airbrush-flawless-setting-spray-pimprod2043342"", ""https://www.ulta.com/p/travel-size-airbrush-flawless-setting-spray-pimprod2043334""]"
its more of a golden highlight then a bronzer. no pigmentation at all!,2,2,"[""https://www.ulta.com/p/velvet-contour-bronzer-stick-pimprod2040056"", ""https://www.ulta.com/p/velvet-contour-stick-blush-pimprod2040099""]"
its more of ã greasy mess then anything. no pigmentation. pass for me,2,2,"[""https://www.ulta.com/p/velvet-contour-bronzer-stick-pimprod2040056"", ""https://www.ulta.com/p/velvet-contour-stick-blush-pimprod2040099""]"
its pigmented and does the job! blends into skin and you can say its blends very easily this is it!,2,2,"[""https://www.ulta.com/p/butter-bronzer-murumuru-butter-bronzer-xlsImpprod13621011"", ""https://www.ulta.com/p/matte-monoi-butter-bronzer-pimprod2021750""]"
"ive been devastated since they revamped the box powders because dallas (the og shade) was my holy grail blush. i was browsing online and thought starlaa seemed close. in real life, it is not, which is on me for not going to look in person. however, there is literally no color payoff. even when swatched directly with my finger, i get nothing. so disappointed, not just with this, but the overall decline of benefit over the years.",2,2,"[""https://www.ulta.com/p/wanderful-world-silky-soft-powder-blush-mini-xlsImpprod13741141"", ""https://www.ulta.com/p/wanderful-world-silky-soft-powder-blush-xlsImpprod820350""]"
ive been using powder foundation for years and would never go back to liquid. although i have a few fine lines (at 63) i find liquid settles in them then you have to use powder to set it so it doesnt move. why not just use a nice creamy powder foundation like this one ? doublewear powder goes on beautifully and covers my rosacea. the range of colors is fabulous and best of all you can buy refills to keep the cost down and help save our planet. please never stop making ecru - its perfect for me.,2,2,"[""https://www.ulta.com/p/double-wear-stay-in-place-matte-powder-foundation-makeup-pimprod2031254"", ""https://www.ulta.com/p/double-wear-stay-in-place-matte-powder-foundation-refill-pimprod2031253""]"
ive been using this for 5 years now. not only did they make the tube smaller so its less product. but the formula is different its so oily and it isnt full coverage. the shades are completely different. i used to use the light shade years back and had to switch to the fair light shade. they modified the shades and they are more orangy and pink toned no neutral tones at all. either warm or cool. no longer purchasing anymore.,2,2,"[""https://www.ulta.com/p/cc-cream-with-spf-50-xlsImpprod5770257"", ""https://www.ulta.com/p/mini-cc-cream-with-spf-50-pimprod2013015""]"
"ive been using this product for a while now and absolutely love it. great coverage, feels light, and isn't greasy. i also occasionally use a tinted spf from another highly rated brand, but i prefer the it cosmetics cc cream 100%.",2,2,"[""https://www.ulta.com/p/cc-cream-with-spf-50-xlsImpprod5770257"", ""https://www.ulta.com/p/mini-cc-cream-with-spf-50-pimprod2013015""]"
"ive bought this product twice and both times the packaging was defective:( the product is good in terms of coverage and blendability however, it creases so much throughout the day. i wouldn't recommend from my experience.",2,2,"[""https://www.ulta.com/p/i-am-magic-concealer-pimprod2006835"", ""https://www.ulta.com/p/i-am-magic-mini-concealer-pimprod2026783""]"
"ive got super dry skin and this was giving hairspray, therefore my face that needs tlc and lost of moisture would get flaky and cracked within the day. i saw my friends makeup blur like magic after spraying this but i forgot to take into account she got oily skinâ¦dry skin girlies beware this'll make your skin super tight like a thin layer of glue and make you feel crusty after dry time. i reccomend the morphe setting spray for us dry girlies.",2,2,"[""https://www.ulta.com/p/airbrush-flawless-setting-spray-pimprod2043342"", ""https://www.ulta.com/p/travel-size-airbrush-flawless-setting-spray-pimprod2043334""]"
ive used a ton of primers and this one is my number 1. its so good for dewy makeup (little to no makeup look) and its super hydrating😊 it made my skin look clearer and smoother,2,2,"[""https://www.ulta.com/p/hangover-replenishing-face-primer-xlsImpprod10751024"", ""https://www.ulta.com/p/travel-size-hangover-replenishing-face-primer-pimprod2031193""]"
just as nice as any hi-end stick; super blendable and beautiful. every color is gorgeous,2,2,"[""https://www.ulta.com/p/megaglo-makeup-stick-blush-xlsImpprod16731045"", ""https://www.ulta.com/p/megaglo-makeup-stick-pimprod2043772""]"
just as nice as any hi-end stick; super blendable and beautiful. every color is gorgeous.,2,2,"[""https://www.ulta.com/p/megaglo-makeup-stick-blush-xlsImpprod16731045"", ""https://www.ulta.com/p/megaglo-makeup-stick-pimprod2043772""]"
keeps makeup from clumping and become shiny,3,3,"[""https://www.ulta.com/p/facestudio-master-prime-blur-pore-minimize-primer-xlsImpprod18351169"", ""https://www.ulta.com/p/facestudio-master-prime-blur-redness-control-primer-xlsImpprod11861005"", ""https://www.ulta.com/p/facestudio-master-prime-blur-smooth-primer-xlsImpprod11861001""]"
"labeled as ã¢â¬ëmakeup with skin care', skin hero takes a more honest approach to the ã¢â¬åno pigment foundationã¢â¬â idea. as someone who doesn't often wear foundation/base, i use this product in its place. skin hero acts as a primer and perfects the complexion, but it lacks the silky slip of silicones in the pink primer &amp; care. i do not find this formula particularly hydrating, but it's not drying either. the consistency is a thick, but lightweight gel-cream. the color is a very pale greenish cream (like the lightest shade of jade), and it helps to subtly color correct minor redness. it gently mattifies, without making skin appear dull; it blurs pores, giving a soft focus effect on the skin, and it wears nicely throughout the day. my only criticism of skin hero is that it's not very smooth in terms of application. it's not buildableã¢â¬"" if you try to build up coverage, you'll see powdery greenish cream colored streaks on your face. i have found that i negate this the best by applying the product as i would a foundation. i use my fingers, and gently spread a small amount of product, then pat it in. i see the subtle difference it makes on my complexion without tint. it really does perfect, and i really like that!",2,2,"[""https://www.ulta.com/p/matte-cream-mattifying-blurring-primer-pimprod2044585"", ""https://www.ulta.com/p/travel-size-matte-cream-mattifying-blurring-primer-pimprod2044589""]"
lasts all day long!,2,2,"[""https://www.ulta.com/p/bye-bye-under-eye-full-coverage-anti-aging-waterproof-concealer-xlsImpprod5770259"", ""https://www.ulta.com/p/travel-size-bye-bye-under-eye-full-coverage-anti-aging-waterproof-concealer-xlsImpprod12871043""]"
legit bound my makeup together giving me such a skin like finish (even with layers of foundation &amp; powder). my look lasted all night without having to reapply. i sprayed after my foundation and again at the end of my look. fave step!,2,2,"[""https://www.ulta.com/p/continuous-setting-mist-xlsImpprod18351117"", ""https://www.ulta.com/p/mini-continuous-setting-mist-pimprod2017654""]"
let me start by saying i have really sensitive combination skin. i used this for a couple of days and it worked fine. it took my makeup off well. the 3rd day it started burning my face upon application and woke up to extra zits the next morning. i really wanted to like this but it's a no go for my face!,2,2,"[""https://www.ulta.com/p/take-day-off-cleansing-balm-makeup-remover-mini-xlsImpprod18791009"", ""https://www.ulta.com/p/take-day-off-cleansing-balm-makeup-remover-xlsImpprod11771009""]"
light not super pigmented,2,2,"[""https://www.ulta.com/p/cheek-dew-hydrating-serum-blush-pimprod2027226"", ""https://www.ulta.com/p/pressed-powder-bronzer-pimprod2038313""]"
light weight coverage,2,2,"[""https://www.ulta.com/p/one-step-correct-brightening-correcting-primer-xlsImpprod2390219"", ""https://www.ulta.com/p/travel-size-one-step-correct-brightening-correcting-primer-xlsImpprod16451215""]"
"like a lot of red haired people, i have a fair amount of natural flushing. this product feels wonderful but doesn't do much to dampen the glow.",3,3,"[""https://www.ulta.com/p/facestudio-master-prime-blur-pore-minimize-primer-xlsImpprod18351169"", ""https://www.ulta.com/p/facestudio-master-prime-blur-redness-control-primer-xlsImpprod11861005"", ""https://www.ulta.com/p/facestudio-master-prime-blur-smooth-primer-xlsImpprod11861001""]"
like it for my dry acne prone sensitive skin. blends nicely and doesn't fade throughout the day,2,2,"[""https://www.ulta.com/p/cheek-dew-hydrating-serum-blush-pimprod2027226"", ""https://www.ulta.com/p/pressed-powder-bronzer-pimprod2038313""]"
lite and useful. this primer seems to help my makeup stick but not as long as the others i have tried in the past. i wouldn't repurchase it as it's not worth the price point.,2,2,"[""https://www.ulta.com/p/porefessional-lite-ultra-lightweight-face-primer-mini-pimprod2029931"", ""https://www.ulta.com/p/porefessional-lite-ultra-lightweight-face-primer-pimprod2029932""]"
literally i have tried different primers but this one it's just great because it's smooth out everything. my make up didn't look cakey thoughout the night,2,2,"[""https://www.ulta.com/p/original-photo-finish-smooth-blur-oil-free-primer-xlsImpprod3590041"", ""https://www.ulta.com/p/travel-size-original-photo-finish-smooth-blur-oil-free-primer-pimprod2033047""]"
literally the best setting spray for matte makeup. i would always buy the smaller ones but once i saw this larger one i couldn't not buy it. morphe did their thing forreal.,2,2,"[""https://www.ulta.com/p/continuous-setting-mist-xlsImpprod18351117"", ""https://www.ulta.com/p/mini-continuous-setting-mist-pimprod2017654""]"
"little effect on oily skin, very disappointing",2,2,"[""https://www.ulta.com/p/matte-cream-mattifying-blurring-primer-pimprod2044585"", ""https://www.ulta.com/p/travel-size-matte-cream-mattifying-blurring-primer-pimprod2044589""]"
"lol i have no idea if im using this wrong or not! i set on top of the liquid foundation version of this or any other cream/liquid foundation i own. i've set with a sponge, a powder pouf, a brush and the cheap sponge it comess with but it doesn't actually set. i use a huge amount and set for a while too, but my skin still feels wet to the touch after i tried setting with this powder. i've tried different techniques and applicators but i can't seem to make it work. this makes me sad becuase it's on the pricy side.",2,2,"[""https://www.ulta.com/p/double-wear-stay-in-place-matte-powder-foundation-makeup-pimprod2031254"", ""https://www.ulta.com/p/double-wear-stay-in-place-matte-powder-foundation-refill-pimprod2031253""]"
looks like i had face tan,2,2,"[""https://www.ulta.com/p/cc-water-with-hyaluronic-acid-pimprod2025143"", ""https://www.ulta.com/p/travel-size-cc-water-with-hyaluronic-acid-pimprod2025144""]"
looooove,2,2,"[""https://www.ulta.com/p/hangover-replenishing-face-primer-xlsImpprod10751024"", ""https://www.ulta.com/p/travel-size-hangover-replenishing-face-primer-pimprod2031193""]"
love,7,7,"[""https://www.ulta.com/p/bronze-stix-pimprod2041471"", ""https://www.ulta.com/p/cheek-dew-hydrating-serum-blush-pimprod2027226"", ""https://www.ulta.com/p/pressed-powder-bronzer-pimprod2038313"", ""https://www.ulta.com/p/revolution-pro-blur-stick-universal-face-primer-pimprod2007566"", ""https://www.ulta.com/p/sculpting-touch-creamy-stick-contour-pimprod2020401"", ""https://www.ulta.com/p/sun-bunny-natural-bronzer-xlsImpprod18031043"", ""https://www.ulta.com/p/vanish-airbrush-concealer-pimprod2020477""]"
love color but product has a perfume smell that isn't necessary.,2,2,"[""https://www.ulta.com/p/wanderful-world-silky-soft-powder-blush-mini-xlsImpprod13741141"", ""https://www.ulta.com/p/wanderful-world-silky-soft-powder-blush-xlsImpprod820350""]"
"love how silky the texture is and how it applies so smoothly and blends so easily. it is also buildable so i find it very versatile, whether you want to apply a light layer for the sunkissed effect or build it up for contouring purposes.",2,2,"[""https://www.ulta.com/p/laguna-bronzer-powder-talc-free-pimprod2038440"", ""https://www.ulta.com/p/mini-laguna-bronzer-powder-talc-free-pimprod2038438""]"
love how this is super easy to use. blendable. the perfect bronzing color. would purchase when finished. it feels natural/no patchiness. makes me feel like a summer-bronzed goddess.,2,2,"[""https://www.ulta.com/p/laguna-bronzer-powder-talc-free-pimprod2038440"", ""https://www.ulta.com/p/mini-laguna-bronzer-powder-talc-free-pimprod2038438""]"
love it,33,33,"[""https://www.ulta.com/p/amazonian-clay-blurring-powder-foundation-pimprod2036934"", ""https://www.ulta.com/p/baby-got-blush-pimprod2037387"", ""https://www.ulta.com/p/blended-face-powder-xlsImpprod10791891"", ""https://www.ulta.com/p/boi-ing-industrial-strength-full-coverage-cream-concealer-xlsImpprod16251012"", ""https://www.ulta.com/p/bye-bye-under-eye-full-coverage-anti-aging-waterproof-concealer-xlsImpprod5770259"", ""https://www.ulta.com/p/cheeky-rose-cream-blush-pimprod2022397"", ""https://www.ulta.com/p/colored-clay-cc-undereye-corrector-xlsImpprod10821078"", ""https://www.ulta.com/p/continuous-prep-set-setting-mist-pimprod2039645"", ""https://www.ulta.com/p/dual-finish-multi-tasking-lightweight-pressed-powder-foundation-xlsImpprod3650148"", ""https://www.ulta.com/p/futurist-skin-tint-serum-foundation-spf-20-pimprod2041704"", ""https://www.ulta.com/p/grandevanish-bi-phase-makeup-remover-pimprod2039443"", ""https://www.ulta.com/p/hide-peek-concealer-pimprod2024755"", ""https://www.ulta.com/p/hint-hint-skin-tint-pimprod2017569"", ""https://www.ulta.com/p/hy-glam-concealer-pimprod2038096"", ""https://www.ulta.com/p/instant-age-rewind-eraser-treatment-foundation-pimprod2043641"", ""https://www.ulta.com/p/magic-skin-beautifier-bb-cream-anti-redness-xlsImpprod10821034"", ""https://www.ulta.com/p/matte-foundation-broad-spectrum-spf-15-xlsImpprod1480002"", ""https://www.ulta.com/p/mineral-veil-finishing-powder-broad-spectrum-spf-25-xlsImpprod1840021"", ""https://www.ulta.com/p/pure-plush-gentle-deep-cleansing-foam-xlsImpprod13481005"", ""https://www.ulta.com/p/quad-goals-multi-palette-pimprod2026433"", ""https://www.ulta.com/p/shape-tape-cloud-cc-cream-broad-spectrum-spf-15-sunscreen-pimprod2030161"", ""https://www.ulta.com/p/shape-tape-stay-spray-setting-spray-pimprod2007204"", ""https://www.ulta.com/p/skin-feels-good-hydrating-tinted-moisturizer-with-spf-23-xlsImpprod17691285"", ""https://www.ulta.com/p/skin-treat-poreless-tinted-moisturizer-spf-20-pimprod2020888"", ""https://www.ulta.com/p/skin-twin-creamy-concealer-pimprod2038185"", ""https://www.ulta.com/p/smooth-finish-foundation-powder-pimprod2026345"", ""https://www.ulta.com/p/studio-radiance-moisturizing-illuminating-primer-pimprod2032070"", ""https://www.ulta.com/p/travel-size-bye-bye-under-eye-full-coverage-anti-aging-waterproof-concealer-xlsImpprod12871043"", ""https://www.ulta.com/p/travel-size-face-tape-full-coverage-foundation-pimprod2012651"", ""https://www.ulta.com/p/trick-treat-concealer-xlsImpprod15001111"", ""https://www.ulta.com/p/trifecta-metallica-lip-eye-cheek-stick-pimprod2016439"", ""https://www.ulta.com/p/vitalumiere-aqua-ultra-light-skin-perfecting-sunscreen-makeup-broad-spectrum-spf-15-pimprod2030103"", ""https://www.ulta.com/p/water-blush-pimprod2026608""]"
love it it blends beautifully. can definitely combine with primer if you just want a glowy face or foundation. don't really have a scent but it i'd very shimmery.,3,3,"[""https://www.ulta.com/p/bronzing-blendrops-spf-40-priming-drops-pimprod2043859"", ""https://www.ulta.com/p/illuminizing-blendrops-spf-40-priming-drops-pimprod2043861"", ""https://www.ulta.com/p/perfecting-blendrops-spf-40-priming-drops-pimprod2043860""]"
love it non greasy,2,2,"[""https://www.ulta.com/p/mini-prime-time-original-pore-minimizing-primer-pimprod2039236"", ""https://www.ulta.com/p/prime-time-original-pore-minimizing-primer-pimprod2036786""]"
love it!,18,18,"[""https://www.ulta.com/p/cheek-dew-hydrating-serum-blush-pimprod2027226"", ""https://www.ulta.com/p/convertible-color-lip-cheek-cream-blush-VP12620"", ""https://www.ulta.com/p/dream-tint-tinted-moisturizer-pimprod2004093"", ""https://www.ulta.com/p/gen-nude-highlighting-blush-pimprod2039778"", ""https://www.ulta.com/p/makeup-melt-makeup-removing-balm-pimprod2014646"", ""https://www.ulta.com/p/mineralize-skinfinish-natural-face-powder-xlsImpprod15921190"", ""https://www.ulta.com/p/mini-filmstar-bronze-glow-pimprod2043322"", ""https://www.ulta.com/p/nudies-matte-all-over-face-blush-color-xlsImpprod15581029"", ""https://www.ulta.com/p/original-photo-finish-smooth-blur-oil-free-primer-xlsImpprod3590041"", ""https://www.ulta.com/p/pink-primer-care-pimprod2019024"", ""https://www.ulta.com/p/plump-prime-face-plumping-primer-serum-pimprod2016855"", ""https://www.ulta.com/p/pressed-powder-bronzer-pimprod2038313"", ""https://www.ulta.com/p/prime-of-your-life-smoothing-firming-treatment-primer-pimprod2024582"", ""https://www.ulta.com/p/shape-tape-radiant-medium-coverage-concealer-pimprod2039503"", ""https://www.ulta.com/p/smooth-affair-illuminating-glow-face-primer-pimprod2025253"", ""https://www.ulta.com/p/tinted-moisturizer-oil-free-natural-skin-perfector-broad-spectrum-spf-20-pimprod2025045"", ""https://www.ulta.com/p/travel-size-original-photo-finish-smooth-blur-oil-free-primer-pimprod2033047"", ""https://www.ulta.com/p/white-tea-tinted-moisturizer-spf-30-pimprod2037233""]"
"love it! my skin is normal to dry. this applies smoothly, and allows for flawless foundation application. it's comparable to smashbox. great product &amp; value.",3,3,"[""https://www.ulta.com/p/studio-perfect-color-correcting-primer-in-green-xlsImpprod3280313"", ""https://www.ulta.com/p/studio-perfect-color-correcting-primer-in-lavender-xlsImpprod3280315"", ""https://www.ulta.com/p/studio-perfect-face-primer-in-clear-xlsImpprod3280311""]"
love it!!,3,3,"[""https://www.ulta.com/p/futurist-hydra-rescue-moisturizing-foundation-spf-45-pimprod2013152"", ""https://www.ulta.com/p/pure-plush-gentle-deep-cleansing-foam-xlsImpprod13481005"", ""https://www.ulta.com/p/smooth-affair-illuminating-glow-face-primer-pimprod2025253""]"
love it!!!,3,3,"[""https://www.ulta.com/p/lash-clean-oil-free-makeup-remover-pimprod2018008"", ""https://www.ulta.com/p/set-refresh-perfecting-makeup-mist-xlsImpprod16641031"", ""https://www.ulta.com/p/travel-size-lash-clean-oil-free-makeup-remover-pimprod2018009""]"
love it.,6,6,"[""https://www.ulta.com/p/born-this-way-natural-finish-longwear-liquid-foundation-xlsImpprod12621017"", ""https://www.ulta.com/p/chubby-stick-sculpting-contour-xlsImpprod11981013"", ""https://www.ulta.com/p/i-am-magic-concealer-pimprod2006835"", ""https://www.ulta.com/p/i-am-magic-mini-concealer-pimprod2026783"", ""https://www.ulta.com/p/original-mineral-veil-pressed-setting-powder-translucent-pimprod2025830"", ""https://www.ulta.com/p/pure-plush-gentle-deep-cleansing-foam-xlsImpprod13481005""]"
love love love,4,4,"[""https://www.ulta.com/p/4-in-1-correcting-primer-redness-reducer-xlsImpprod18931482"", ""https://www.ulta.com/p/prime-time-redness-reducing-primer-pimprod2036903"", ""https://www.ulta.com/p/sunsetter-spf-30-high-protection-broad-spectrum-setting-spray-pimprod2039647"", ""https://www.ulta.com/p/super-shock-highlighter-xlsImpprod17801017""]"
love the clean feel,2,2,"[""https://www.ulta.com/p/porefessional-lite-ultra-lightweight-face-primer-mini-pimprod2029931"", ""https://www.ulta.com/p/porefessional-lite-ultra-lightweight-face-primer-pimprod2029932""]"
love the color,3,3,"[""https://www.ulta.com/p/bronzed-duo-pimprod2025279"", ""https://www.ulta.com/p/travel-size-amazonian-clay-waterproof-bronzer-pimprod2009599"", ""https://www.ulta.com/p/unlimited-blush-pimprod2032252""]"
"love the continous spray. the price is great and makes it easier for me to purchase whenever i am running low. every time i use this, whether i have powder on or not, it melts my makeup and gives it the most natural, blended and glowy look. i do feel like it extends the life of my look, especially combined with a setting powder. i do air on the greasier side, so during summer powder before and a bit after is a must. regardless, this spray i will purchase again and again. i dont even know how many times i've repurchased this. more than 5 for sure.",2,2,"[""https://www.ulta.com/p/continuous-setting-mist-xlsImpprod18351117"", ""https://www.ulta.com/p/mini-continuous-setting-mist-pimprod2017654""]"
love the fact that i do not need to buy another compact. woul love it even more if they sent another application sponge.,2,2,"[""https://www.ulta.com/p/double-wear-stay-in-place-matte-powder-foundation-makeup-pimprod2031254"", ""https://www.ulta.com/p/double-wear-stay-in-place-matte-powder-foundation-refill-pimprod2031253""]"
"love the lightweight feel, warm color, and ease of application. long wearing without feeling or looking too chalky or ashy. great price. very impressed with the items i've tried by colorpop so far.",2,2,"[""https://www.ulta.com/p/cheek-dew-hydrating-serum-blush-pimprod2027226"", ""https://www.ulta.com/p/pressed-powder-bronzer-pimprod2038313""]"
"love the mist and literally melts my makeup so nice i would totally buy it again,i thinks it's really worth the price and it doesn't have a strong smell like others totally recommended if you want a matte look, for a glowy skin try something elseee",2,2,"[""https://www.ulta.com/p/airbrush-flawless-setting-spray-pimprod2043342"", ""https://www.ulta.com/p/travel-size-airbrush-flawless-setting-spray-pimprod2043334""]"
love the product,2,2,"[""https://www.ulta.com/p/moisturizing-primer-spray-xlsImpprod18691111"", ""https://www.ulta.com/p/tinted-moisturizer-cream-bronzer-pimprod2038471""]"
love the smell and the buttery texture. so easy to apply and blend in.,2,2,"[""https://www.ulta.com/p/butter-bronzer-murumuru-butter-bronzer-xlsImpprod13621011"", ""https://www.ulta.com/p/matte-monoi-butter-bronzer-pimprod2021750""]"
"love these blushes! they're not expensive, but are pigmented and blend like a dream. and, they last all day. i have three shades: floral majority, peach bums, and dusty pink. bought them on a whim, and didn't expect much. but, i was pleasantly surprised! they blend and perform better than more expensive products i've tried. the colors are so pretty and definitely worth the purchase. i would recommend better packaging though. the lid came off one and caused a big mess! i'd be willing to pay more for sturdier packaging, as this is a great product that i will repurchase",2,2,"[""https://www.ulta.com/p/megaglo-makeup-stick-blush-xlsImpprod16731045"", ""https://www.ulta.com/p/megaglo-makeup-stick-pimprod2043772""]"
love these cheek serums! they last all day and blend so easily!,2,2,"[""https://www.ulta.com/p/cheek-dew-hydrating-serum-blush-pimprod2027226"", ""https://www.ulta.com/p/pressed-powder-bronzer-pimprod2038313""]"
love these little samplers. what a great way to find out if you like the color and product. make great little gifts too.,2,2,"[""https://www.ulta.com/p/wanderful-world-silky-soft-powder-blush-mini-xlsImpprod13741141"", ""https://www.ulta.com/p/wanderful-world-silky-soft-powder-blush-xlsImpprod820350""]"
love these!,2,2,"[""https://www.ulta.com/p/makeup-removing-towels-pimprod2037115"", ""https://www.ulta.com/p/on-go-oopsies-waterproof-makeup-remover-pimprod2020028""]"
love this,6,6,"[""https://www.ulta.com/p/diamond-bomb-all-over-diamond-veil-pimprod2031379"", ""https://www.ulta.com/p/glow-first-priming-serum-pimprod2038176"", ""https://www.ulta.com/p/moisturizing-complexion-stick-pimprod2045978"", ""https://www.ulta.com/p/pro-matte-mixing-pigment-pimprod2003317"", ""https://www.ulta.com/p/skin-treat-poreless-tinted-moisturizer-spf-20-pimprod2020888"", ""https://www.ulta.com/p/superdewy-liquid-blush-pimprod2024993""]"
"love this blush on cheeks and lips!! i love using this on my cheeks then putting powder blush on top, and i also love using these on lips with a gloss on top! so pretty and great formula!",2,2,"[""https://www.ulta.com/p/megaglo-makeup-stick-blush-xlsImpprod16731045"", ""https://www.ulta.com/p/megaglo-makeup-stick-pimprod2043772""]"
"love this cleansing balm! it smells good, not too strong, like fresh herbs, and the texture is nice and thick. i love that a little bit a really long way. this is extremely effective at pulling out all the nasty impurities from the day, including dirt and oil, but also dissolves all of my make up and sunscreen. i have sensitive skin and this balm has not impacted me negatively at all. this is the perfect way to end a long day, i use it as part of my nighttime skincare ritual. i switch this up with other oil cleansers. this is the first step in a three step facial cleanse; i follow it up with a nice liquid face wash from la roche posay or youth to the people or sunday riley, followed by hardcore skincareâ toners, serums, rx ointments, oils, lotions, based on the needs of my skin that day. i have seen a dramatic improvement in my skin, my texture has improved and my pores are cleaner. this is great for facial lymphatic massage.",2,2,"[""https://www.ulta.com/p/pro-collagen-cleansing-balm-xlsImpprod18731145"", ""https://www.ulta.com/p/travel-size-pro-collagen-cleansing-balm-pimprod2004741""]"
love this contour stick! i use this product everyday when applying my makeup. it doesn't look patchy and gives my face the right amount of glow to it.,2,2,"[""https://www.ulta.com/p/megaglo-makeup-stick-conceal-pimprod2012854"", ""https://www.ulta.com/p/megaglo-makeup-stick-contour-xlsImpprod16731047""]"
love this contouring stick. inexpensive and easy to use for an everyday quick rush to the office makeup. i love it. i've bought it three times in a row. got a couple this time.,2,2,"[""https://www.ulta.com/p/velvet-contour-bronzer-stick-pimprod2040056"", ""https://www.ulta.com/p/velvet-contour-stick-blush-pimprod2040099""]"
love this primer . just suggest a good moisturizer toner before appying on face. tends to be a bit dry for dry skin . i paid for the 1.5oz bottle of this. thanks ulta for replacing my order i placed . no gift came along .,2,2,"[""https://www.ulta.com/p/porefessional-lite-ultra-lightweight-face-primer-mini-pimprod2029931"", ""https://www.ulta.com/p/porefessional-lite-ultra-lightweight-face-primer-pimprod2029932""]"
love this primer on my face. makes my skin feel moisturized and refreshed in the morning before i apply my make up my skin feels like it's glowing before i apply my foundation and powder. i get a lot of compliments on my skin.,2,2,"[""https://www.ulta.com/p/smooth-affair-facial-primer-brightener-pimprod2004113"", ""https://www.ulta.com/p/smooth-affair-mattifying-face-primer-pimprod2033620""]"
"love this primer. i use it before i apply my paula's choice mineral spf, then my makeup and face looks smooth and hydrated. i'm on my second bottle.",2,2,"[""https://www.ulta.com/p/hangover-replenishing-face-primer-xlsImpprod10751024"", ""https://www.ulta.com/p/travel-size-hangover-replenishing-face-primer-pimprod2031193""]"
love this product,7,7,"[""https://www.ulta.com/p/bronze-glow-drops-with-niacinamide-pimprod2043853"", ""https://www.ulta.com/p/correct-transform-pimprod2037679"", ""https://www.ulta.com/p/light-illusion-perfecting-powder-xlsImpprod17631335"", ""https://www.ulta.com/p/no-filter-loose-setting-powder-pimprod2030981"", ""https://www.ulta.com/p/quickie-24hr-full-coverage-waterproof-concealer-pimprod2036680"", ""https://www.ulta.com/p/red-rescue-color-correcting-face-primer-pimprod2046604"", ""https://www.ulta.com/p/smooth-affair-illuminating-glow-face-primer-pimprod2025253""]"
love this product - doesn't crease and perfect for aging skin,2,2,"[""https://www.ulta.com/p/cc-cream-with-spf-50-xlsImpprod5770257"", ""https://www.ulta.com/p/mini-cc-cream-with-spf-50-pimprod2013015""]"
love this product especially for mature skin,2,2,"[""https://www.ulta.com/p/photo-finish-illuminate-glow-primer-pimprod2030497"", ""https://www.ulta.com/p/travel-size-photo-finish-illuminate-glow-primer-pimprod2032764""]"
love this product it really helps to cover dark circles and lines around my eyes,2,2,"[""https://www.ulta.com/p/bye-bye-under-eye-full-coverage-anti-aging-waterproof-concealer-xlsImpprod5770259"", ""https://www.ulta.com/p/travel-size-bye-bye-under-eye-full-coverage-anti-aging-waterproof-concealer-xlsImpprod12871043""]"
love this product so smooth and it is buttery!!!,2,2,"[""https://www.ulta.com/p/butter-bronzer-murumuru-butter-bronzer-xlsImpprod13621011"", ""https://www.ulta.com/p/matte-monoi-butter-bronzer-pimprod2021750""]"
love this product!,12,12,"[""https://www.ulta.com/p/all-nighter-extra-glow-makeup-primer-pimprod2017479"", ""https://www.ulta.com/p/circledelete-concealer-pimprod2004082"", ""https://www.ulta.com/p/glow-first-priming-serum-pimprod2038176"", ""https://www.ulta.com/p/maracuja-vegan-tinted-moisturizer-pimprod2014942"", ""https://www.ulta.com/p/no-makeup-blush-pimprod2004408"", ""https://www.ulta.com/p/peeper-perfect-under-eye-concealer-pimprod2029606"", ""https://www.ulta.com/p/pro-setting-brightening-loose-setting-powder-pimprod2043744"", ""https://www.ulta.com/p/purepressed-base-mineral-foundation-refill-pimprod2033383"", ""https://www.ulta.com/p/secret-brightening-powder-under-eyes-pimprod2012344"", ""https://www.ulta.com/p/shape-tape-stay-spray-setting-spray-pimprod2007204"", ""https://www.ulta.com/p/superfood-glow-priming-moisturiser-pimprod2022684"", ""https://www.ulta.com/p/true-color-mineral-matte-creme-powder-foundation-spf-15-pimprod2022221""]"
love this product. it takes away all my make up and leaves my face feeling soft and clean without drying it out. rinses clean. i've been using this product for the past 2 years and i would highly recommend.,2,2,"[""https://www.ulta.com/p/pro-collagen-cleansing-balm-xlsImpprod18731145"", ""https://www.ulta.com/p/travel-size-pro-collagen-cleansing-balm-pimprod2004741""]"
love this spray. i use it before my mattifing spray. this helps blends powder and cream products together and gets rid of cakeyness. wouldn't use this by itself due to me havibg very oily skin,2,2,"[""https://www.ulta.com/p/porefessional-super-setter-long-lasting-makeup-setting-spray-mini-pimprod2040598"", ""https://www.ulta.com/p/porefessional-super-setter-long-lasting-makeup-setting-spray-pimprod2020913""]"
love this!,3,3,"[""https://www.ulta.com/p/key-largo-glow-drops-pimprod2042767"", ""https://www.ulta.com/p/laguna-bronzing-cream-pimprod2032699"", ""https://www.ulta.com/p/pro-prep-hd-face-primer-xlsImpprod15711033""]"
love this!! is great as a base to give my foundation an absolutely flawless finish!! extremely smooth and silky! leaves my skin feeling and looking amazing!,2,2,"[""https://www.ulta.com/p/photo-finish-primerizer-hydrating-primer-with-hyaluronic-acid-pimprod2030498"", ""https://www.ulta.com/p/travel-size-photo-finish-primerizer-hydrating-primer-with-hyaluronic-acid-pimprod2032761""]"
love this. always wanted to try a dual stick plus brush and i'm a fan! it's a little pricey but the quality of it itself is nice. comes in a little metal tin and the lid is a mirror. would buy more colors,2,2,"[""https://www.ulta.com/p/nudies-matte-all-over-face-blush-color-xlsImpprod15581029"", ""https://www.ulta.com/p/nudies-matte-all-over-face-bronze-color-pimprod2036361""]"
love!,2,2,"[""https://www.ulta.com/p/nudies-bloom-all-over-dewy-face-color-pimprod2005786"", ""https://www.ulta.com/p/super-stay-full-coverage-foundation-xlsImpprod17161541""]"
loved it,7,7,"[""https://www.ulta.com/p/cheek-dew-hydrating-serum-blush-pimprod2027226"", ""https://www.ulta.com/p/gen-nude-highlighting-blush-pimprod2039778"", ""https://www.ulta.com/p/glow-first-priming-serum-pimprod2038176"", ""https://www.ulta.com/p/keep-me-covered-long-lasting-foundation-pimprod2037417"", ""https://www.ulta.com/p/prep-prime-natural-radiance-primer-xlsImpprod15921212"", ""https://www.ulta.com/p/pressed-powder-bronzer-pimprod2038313"", ""https://www.ulta.com/p/studio-radiance-serum-powered-foundation-pimprod2040797""]"
loved it worked good would definitely buy again.,2,2,"[""https://www.ulta.com/p/hd-pro-corrector-concealer-pimprod2022723"", ""https://www.ulta.com/p/lightweight-hd-pro-creamy-concealer-xlsImpprod15711051""]"
lovely delicate texture - glides on under my cc cream and banishes the shiny appearance of cc cream alone. lets me simplify my routine and toss the setting powder and brush. thanks erborian!,2,2,"[""https://www.ulta.com/p/matte-cream-mattifying-blurring-primer-pimprod2044585"", ""https://www.ulta.com/p/travel-size-matte-cream-mattifying-blurring-primer-pimprod2044589""]"
luckily i got this with a starter kit so its a small amount. it's a clear gel that doesn't seem to do anything.,2,2,"[""https://www.ulta.com/p/mini-prime-time-original-pore-minimizing-primer-pimprod2039236"", ""https://www.ulta.com/p/prime-time-original-pore-minimizing-primer-pimprod2036786""]"
made my foundation look dry and cakey,2,2,"[""https://www.ulta.com/p/porefessional-lite-ultra-lightweight-face-primer-mini-pimprod2029931"", ""https://www.ulta.com/p/porefessional-lite-ultra-lightweight-face-primer-pimprod2029932""]"
made my makeup patchey makeup would come of my nose. it would also flake off my makeup. would not recommend i did love the smell of it though.,2,2,"[""https://www.ulta.com/p/hangover-replenishing-face-primer-xlsImpprod10751024"", ""https://www.ulta.com/p/travel-size-hangover-replenishing-face-primer-pimprod2031193""]"
makes my makeup look great.,2,2,"[""https://www.ulta.com/p/original-photo-finish-smooth-blur-oil-free-primer-xlsImpprod3590041"", ""https://www.ulta.com/p/travel-size-original-photo-finish-smooth-blur-oil-free-primer-pimprod2033047""]"
makes your face so velvety and works so well.,2,2,"[""https://www.ulta.com/p/matte-cream-mattifying-blurring-primer-pimprod2044585"", ""https://www.ulta.com/p/travel-size-matte-cream-mattifying-blurring-primer-pimprod2044589""]"
makes your makeup feel runny and makeup did not last all day. i have never had that issue before.,3,3,"[""https://www.ulta.com/p/facestudio-master-prime-blur-pore-minimize-primer-xlsImpprod18351169"", ""https://www.ulta.com/p/facestudio-master-prime-blur-redness-control-primer-xlsImpprod11861005"", ""https://www.ulta.com/p/facestudio-master-prime-blur-smooth-primer-xlsImpprod11861001""]"
makeup come off easy don't like the fact i have to sab my face with a sponge most of the day not sure if i want to buy again,2,2,"[""https://www.ulta.com/p/cc-cream-with-spf-50-xlsImpprod5770257"", ""https://www.ulta.com/p/mini-cc-cream-with-spf-50-pimprod2013015""]"
"maybe i bought a lighter shade but i'm very pale and it still doesn't show. i don't like how potent the smell is. ofc it smells nice, but not to have it on my face.",2,2,"[""https://www.ulta.com/p/butter-bronzer-murumuru-butter-bronzer-xlsImpprod13621011"", ""https://www.ulta.com/p/matte-monoi-butter-bronzer-pimprod2021750""]"
"mineral veil is a perfect product to finish my face. it is this product, even more then foundation, that leaves your face with the ""airbrushed"" look. if i'm rushing i can use this instead of foundation and although it does not have the coverage of foundation it leaves you face with an overall smooth appearance",2,2,"[""https://www.ulta.com/p/mineral-veil-setting-powder-VP11355"", ""https://www.ulta.com/p/tinted-mineral-veil-setting-powder-prod110002""]"
"mixed with foundation, made foundation wipe right off. made me look like a tin man.",2,2,"[""https://www.ulta.com/p/hd-pro-corrector-concealer-pimprod2022723"", ""https://www.ulta.com/p/lightweight-hd-pro-creamy-concealer-xlsImpprod15711051""]"
more oily than anticipated but draws less attention to my texture/pores,3,3,"[""https://www.ulta.com/p/facestudio-master-prime-blur-pore-minimize-primer-xlsImpprod18351169"", ""https://www.ulta.com/p/facestudio-master-prime-blur-redness-control-primer-xlsImpprod11861005"", ""https://www.ulta.com/p/facestudio-master-prime-blur-smooth-primer-xlsImpprod11861001""]"
"most popular primers are so heavy on the silicone and feel tacky (and smell bad!), depsite the great results. i needed something light and breathable for daily use. it also doesn't have any discernable scent. this product absolutely conditions my skin and reduces discoloration - while making my foundation last all day. i've used this consitently for 3 years and have been so pleased with it as my daily primer. i only occasionally use the other brands for special evenings i will set this aside for the other primers when i want a heavy coverage, but i can always rely on this product for my 24/7/365 needs.",2,2,"[""https://www.ulta.com/p/one-step-correct-brightening-correcting-primer-xlsImpprod2390219"", ""https://www.ulta.com/p/travel-size-one-step-correct-brightening-correcting-primer-xlsImpprod16451215""]"
much darker than i thought.the color doesn't look like the screen...and when it is called shell beige - one expects it to be lighter than what it turned out to be. i think i am happier with the shade from the drugstore that i had to get b/c this one i purchased from here is unusable. what a waste of money. i've never had issues with estee products but this was a fail,2,2,"[""https://www.ulta.com/p/double-wear-stay-in-place-matte-powder-foundation-makeup-pimprod2031254"", ""https://www.ulta.com/p/double-wear-stay-in-place-matte-powder-foundation-refill-pimprod2031253""]"
"my face tends to turn into an oil slick by the end of the day, especially in the summer. i've tried setting powders and sprays, along with mattifying primers. nothing works 100% but this comes as close as anything i've tried. my liquid foundation goes on smoothly over this primer. no pilling, which is a huge plus. i only wish it blurred over pores and fine lines a little better. but it's a great primer. especially when it's on sale!",2,2,"[""https://www.ulta.com/p/photo-finish-control-mattifying-primer-pimprod2030521"", ""https://www.ulta.com/p/travel-size-photo-finish-control-mattifying-primer-with-salicylic-acid-pimprod2032762""]"
"my first makeup experience with a big name was estee lauder, and i used a few of the serums and creams back in the day. i saw it's the most used in the usa, so i thought i'd give it a go again. okay, let me first say that i have ventured into the high high end realm the coco-you-know-who brand, and a lot of other blushes, but when i finally got this home, and tried it, can i say....oh my gosh, no patchy missed spots. every other blush would just not cover this one spot on my cheek. no high end or makeup guru product would work. this blend is so light and easy to sweep onto the cheeks, and not cake or flakey. i am so glad i came back to estee lauder! i will have to try the magnolia perfume next. ladies, come back home to the best line out there. thank you for this formulation in blush! i got rebellious rose and i am very light with dark hair, and it looks fabulous! i can't wait to try the foundation next.",2,2,"[""https://www.ulta.com/p/pure-color-envy-sculpting-blush-pimprod2030735"", ""https://www.ulta.com/p/pure-color-envy-sculpting-blush-refill-pimprod2031074""]"
"my first review on this site and took advantage of ulta minis bogo. i fell in love with this miracle in a jar and never used a balm before and wow! i have oily skin and acne prone, but after this face spa, my skin was smoother, pores looked/felt smaller, and make up glided effortlessly! i am now shopping and exploring other elemis products!",2,2,"[""https://www.ulta.com/p/pro-collagen-cleansing-balm-xlsImpprod18731145"", ""https://www.ulta.com/p/travel-size-pro-collagen-cleansing-balm-pimprod2004741""]"
"my friend recommended juvia's place. i had never heard of them before. i was a little worried when i first put on the concealer that it was too dark, but after blending it in, it was the perfect shade. i might start buying other jp products.",2,2,"[""https://www.ulta.com/p/i-am-magic-concealer-pimprod2006835"", ""https://www.ulta.com/p/i-am-magic-mini-concealer-pimprod2026783""]"
my friends compliment on how youthful my face looks two days after i started using this product,2,2,"[""https://www.ulta.com/p/blurring-moisturizing-filter-primer-pimprod2024916"", ""https://www.ulta.com/p/supersize-blurring-moisturizing-filter-primer-pimprod2024917""]"
my go to every time! feels soft and velvety!,2,2,"[""https://www.ulta.com/p/porefessional-pore-minimizing-primer-mini-xlsImpprod10141042"", ""https://www.ulta.com/p/porefessional-pore-minimizing-primer-xlsImpprod2290003""]"
my make up oxidized pretty quickly and within an hour was already seeping into my pores. do not recommend if your skin is oily!,2,2,"[""https://www.ulta.com/p/mini-prime-time-original-pore-minimizing-primer-pimprod2039236"", ""https://www.ulta.com/p/prime-time-original-pore-minimizing-primer-pimprod2036786""]"
"my mom reccomended this to me and literally none of my makeup budged!! one issue i did have was that it does feel a bit wet sometimes, but other than that, i 100% reccomend it!!",2,2,"[""https://www.ulta.com/p/mini-mac-prep-prime-fix-primer-setting-spray-xlsImpprod15921206"", ""https://www.ulta.com/p/prep-prime-fix-primer-setting-spray-xlsImpprod15921204""]"
"my skin is aging and now i have some fine lines and age spots. i wanted to try a better brand of foundation to help minimize these annoying features. i have the it concealer and love it, so i thought foundation would be perfect. i loved the way it went on. it was very smooth and good coverage (with the concealer). the color match was perfect. i ran a few errands and got to my nail appointment and the first thing my nail tech said was, ""oh honey, what is wrong with your face?"" she handed me a mirror and i was mortified. my skin looked blotchy, scaley, and dry. it had settled into my pores and lines and i could see where it had ran/smudged. it was a complete messâ¦super embarrassing. i didn't even know foundation could do that. i have never returned foundation before, but for the price of almost $50, i had to.",2,2,"[""https://www.ulta.com/p/cc-cream-with-spf-50-xlsImpprod5770257"", ""https://www.ulta.com/p/mini-cc-cream-with-spf-50-pimprod2013015""]"
my skin is very dry and i use this before foundation. works great!,2,2,"[""https://www.ulta.com/p/mini-vitamin-enriched-face-base-moisturizer-primer-with-vitamin-c-hyaluronic-acid-pimprod2025025"", ""https://www.ulta.com/p/vitamin-enriched-face-base-moisturizer-primer-with-vitamin-c-hyaluronic-acid-pimprod2025028""]"
na,2,2,"[""https://www.ulta.com/p/bb-blur-tinted-moisturizer-broad-spectrum-spf-30-sunscreen-xlsImpprod4980083"", ""https://www.ulta.com/p/soft-blur-poreless-face-primer-pimprod2046618""]"
nice,3,3,"[""https://www.ulta.com/p/double-wear-stay-in-place-foundation-xlsImpprod14641507"", ""https://www.ulta.com/p/just-a-flush-cheek-palette-pimprod2030930"", ""https://www.ulta.com/p/original-liquid-mineral-concealer-pimprod2023690""]"
nice finish,2,2,"[""https://www.ulta.com/p/smooth-affair-facial-primer-brightener-pimprod2004113"", ""https://www.ulta.com/p/smooth-affair-mattifying-face-primer-pimprod2033620""]"
no comment,3,3,"[""https://www.ulta.com/p/16h-cover-last-powder-foundation-pimprod2033174"", ""https://www.ulta.com/p/conceal-perfect-longwear-concealer-pimprod2007719"", ""https://www.ulta.com/p/pro-filtr-instant-retouch-concealer-pimprod2031377""]"
"no matter how rough and dry your skin is, putting this on magically soothes and smoothes it out... nothing else worked quite like this one!",2,2,"[""https://www.ulta.com/p/mini-vitamin-enriched-face-base-moisturizer-primer-with-vitamin-c-hyaluronic-acid-pimprod2025025"", ""https://www.ulta.com/p/vitamin-enriched-face-base-moisturizer-primer-with-vitamin-c-hyaluronic-acid-pimprod2025028""]"
"not a contour, definitely very warm. really easy to blend. i use it on my eyes too. took off a star bc the whole stick fell out of the tube, but i just put it back in",2,2,"[""https://www.ulta.com/p/velvet-contour-bronzer-stick-pimprod2040056"", ""https://www.ulta.com/p/velvet-contour-stick-blush-pimprod2040099""]"
not meant for lash extensions bc it leaves residue . it's not like a lash cleanser that actually washes.,2,2,"[""https://www.ulta.com/p/lash-clean-oil-free-makeup-remover-pimprod2018008"", ""https://www.ulta.com/p/travel-size-lash-clean-oil-free-makeup-remover-pimprod2018009""]"
not much smoothing effect,2,2,"[""https://www.ulta.com/p/smooth-affair-facial-primer-brightener-pimprod2004113"", ""https://www.ulta.com/p/smooth-affair-mattifying-face-primer-pimprod2033620""]"
not terrible to the point where i'd return it but its not great. if you have dry under eyes this is probably not the best option. light or medium coverage but its a really good shade match,2,2,"[""https://www.ulta.com/p/i-am-magic-concealer-pimprod2006835"", ""https://www.ulta.com/p/i-am-magic-mini-concealer-pimprod2026783""]"
"now that i've made the switch, i'm never going back! beautycounter is an all-around astounding company, from their clean products that i can feel good about using, knowing that there's no toxins seeping into my skin, to their lovely, helpful, and attentive customer service. the representative who helped me choose my products was very patient and helpful, and their return policy is unbelievable - open bottle, paid for shipping, no questions asked. the color match is very good and the products simply feel light and clean on my skin. beautycounter truly is the brand that exceeds expectations that you didn't even dare dream of!",2,2,"[""https://www.ulta.com/p/skin-twin-creamy-concealer-pimprod2038185"", ""https://www.ulta.com/p/skin-twin-featherweight-foundation-pimprod2038184""]"
odd consistency- almost runny provides no real base coverage smashbox photo finish primer (original) is legit this is not!!!,2,2,"[""https://www.ulta.com/p/photo-finish-primerizer-hydrating-primer-with-hyaluronic-acid-pimprod2030498"", ""https://www.ulta.com/p/travel-size-photo-finish-primerizer-hydrating-primer-with-hyaluronic-acid-pimprod2032761""]"
"often times this is now the only product i'll put on my face before heading out for the day. it instantly improves the look of my skin and gives me that fresh look without putting on tons of makeup. my typical routine is now this, eyebrows, mascara and lip gloss and i'm done.",2,2,"[""https://www.ulta.com/p/cc-water-with-hyaluronic-acid-pimprod2025143"", ""https://www.ulta.com/p/travel-size-cc-water-with-hyaluronic-acid-pimprod2025144""]"
"ok as a primer, terrible as a redness correct. when applied there is virtually no change in skin tone. although not a primer, the dr. jart cica redness correct works incredible.",2,2,"[""https://www.ulta.com/p/photo-finish-correct-anti-redness-primer-pimprod2030499"", ""https://www.ulta.com/p/travel-size-photo-finish-correct-anti-redness-primer-pimprod2032763""]"
okay but save your money! its cakey and also the packaging is really messy.,2,2,"[""https://www.ulta.com/p/i-am-magic-concealer-pimprod2006835"", ""https://www.ulta.com/p/i-am-magic-mini-concealer-pimprod2026783""]"
okay first of all it came broken and then it looks yellow on my skin not brown. it's a no for me.,2,2,"[""https://www.ulta.com/p/velvet-contour-bronzer-stick-pimprod2040056"", ""https://www.ulta.com/p/velvet-contour-stick-blush-pimprod2040099""]"
omg i will not stop recommending this to everyone. i have convinced so many ppl to buy it and they love it. this is the bestttt blush ever. im halfway done w this bc i wear it everyday. i like blushes that stay on all day and this is it. i tried the other colors but i dont like them the same as i like this color! i really recommend. please try it out,2,2,"[""https://www.ulta.com/p/liquid-lip-blush-cheek-tint-pimprod2008308"", ""https://www.ulta.com/p/value-size-liquid-lip-blush-cheek-tint-pimprod2043819""]"
"omg please please do not buy this. i broke out everywhere in tiny rash like pimples for months and i could not figure it out until until insaw another user say the same thing. once i eliminated this bronzer, my skin instantly bounced back. i never break out btw. this is so bad please do not buy.",2,2,"[""https://www.ulta.com/p/butter-bronzer-murumuru-butter-bronzer-xlsImpprod13621011"", ""https://www.ulta.com/p/matte-monoi-butter-bronzer-pimprod2021750""]"
omg so pigmented loved the color so pretty i love the color it so color but it starts to like get a crust over it after some time but that goes away and the pigment goes a little off but still looks fine i would totally buy again i hope this review help you pick out a good product overall just great,2,2,"[""https://www.ulta.com/p/trublend-so-flushed-high-pigment-blush-pimprod2016942"", ""https://www.ulta.com/p/trublend-so-flushed-high-pigment-bronzer-pimprod2017123""]"
"on days i don't wear makeup, i use the primer alone, and i love it. it gives my skin a smooth look and feels great. however, i use a powder foundation, and i noticed my face became splotchy after using the primer. it might work better with a liquid foundation.",2,2,"[""https://www.ulta.com/p/original-photo-finish-smooth-blur-oil-free-primer-xlsImpprod3590041"", ""https://www.ulta.com/p/travel-size-original-photo-finish-smooth-blur-oil-free-primer-pimprod2033047""]"
"only reason i give 4 stars us due to fact such a small tube for price, but a little goes a long way!!! overall all compared to others ive tried this is the best!!!",2,2,"[""https://www.ulta.com/p/photo-finish-control-mattifying-primer-pimprod2030521"", ""https://www.ulta.com/p/travel-size-photo-finish-control-mattifying-primer-with-salicylic-acid-pimprod2032762""]"
"ordered during a promotional online sale, but got wrong one by mistake. i wanted the regular porefessional and not the ""lite"". tried it anyway and it doesn't absorb into your skin. it's too dry. it just balls up and flakes right off. i called customer service and wanted to exchange for the regular pore primer and they said no, i'd have to mail it back at my own expense for refund and then reorder at the regular price, which is double the price i paid. very unfair.",2,2,"[""https://www.ulta.com/p/porefessional-lite-ultra-lightweight-face-primer-mini-pimprod2029931"", ""https://www.ulta.com/p/porefessional-lite-ultra-lightweight-face-primer-pimprod2029932""]"
"originally bought this for island travel, but it worked so well, i use it everyday. you can feel it working as soon as you apply. worth it.",2,2,"[""https://www.ulta.com/p/airbrush-flawless-setting-spray-pimprod2043342"", ""https://www.ulta.com/p/travel-size-airbrush-flawless-setting-spray-pimprod2043334""]"
"overall, if you have oily skin i would recommend this. i strive to have a makeup routine that is non comedogenic and the ingredients for the medium shade was clean. it has a matte finish but not too drying. with my skincare my skin feels good and not tight from this. i can say that the pump makes it difficult to get out sometimes. overall really good.",2,2,"[""https://www.ulta.com/p/blurring-moisturizing-filter-primer-pimprod2024916"", ""https://www.ulta.com/p/supersize-blurring-moisturizing-filter-primer-pimprod2024917""]"
"pairs well with my makeup. the only downside is the fact that it crumbles down to the floor when youre trying to put it on! it would pill up, fall to the floorâ¦.. when it comes out of the tube, it doesnt form into a ball, it curls, and when you try to mix it in between your fingers before applying to face, it crumbles and falls. makes my makeup look amazing though. ill finish this tube i bought and see if i'll buy another one. because once its on my face and i apply foundation, it really makes my foundation glow on my face. only reason why i put up with the constant falling to the floorâ¦ but it is annoying.",2,2,"[""https://www.ulta.com/p/porefessional-lite-ultra-lightweight-face-primer-mini-pimprod2029931"", ""https://www.ulta.com/p/porefessional-lite-ultra-lightweight-face-primer-pimprod2029932""]"
"pan fell out as soon as i opened it. it wont stick back on and i waited too long so i cant just return it. its generally a good product, but the color line needs more work. please i beg you create another color that has a cooler undertone. i get that its a bronzer but still it has an orange tone. plz bring a shade fhat is as fair as avila beach but cooler undertone.",2,2,"[""https://www.ulta.com/p/cheek-dew-hydrating-serum-blush-pimprod2027226"", ""https://www.ulta.com/p/pressed-powder-bronzer-pimprod2038313""]"
perfect,3,3,"[""https://www.ulta.com/p/barepro-16-hr-skin-perfecting-powder-foundation-pimprod2030155"", ""https://www.ulta.com/p/keep-me-covered-concealer-pimprod2037413"", ""https://www.ulta.com/p/mini-translucent-loose-setting-powder-ultra-blur-pimprod2042328""]"
perfect bb cream. love that it doesn't look like makeup!,2,2,"[""https://www.ulta.com/p/bb-cream-spf-20-pimprod2005693"", ""https://www.ulta.com/p/travel-size-bb-cream-spf-20-pimprod2015578""]"
perfect color for my complexion!,2,2,"[""https://www.ulta.com/p/cheek-dew-hydrating-serum-blush-pimprod2027226"", ""https://www.ulta.com/p/pressed-powder-bronzer-pimprod2038313""]"
perfect for combination/dry skin,2,2,"[""https://www.ulta.com/p/photo-finish-primerizer-hydrating-primer-with-hyaluronic-acid-pimprod2030498"", ""https://www.ulta.com/p/travel-size-photo-finish-primerizer-hydrating-primer-with-hyaluronic-acid-pimprod2032761""]"
"perfect for older skin, it's great for putting on before i pop to the shops or work. wonderful coverage and doesn't dry out my skin like other creams i've tried, really gives me a youthful healthy glow.",2,2,"[""https://www.ulta.com/p/cc-water-with-hyaluronic-acid-pimprod2025143"", ""https://www.ulta.com/p/travel-size-cc-water-with-hyaluronic-acid-pimprod2025144""]"
perfect match,2,2,"[""https://www.ulta.com/p/sheer-finish-all-day-oil-control-pressed-powder-pimprod2041407"", ""https://www.ulta.com/p/skin-twin-creamy-concealer-pimprod2038185""]"
perfect thank you,2,2,"[""https://www.ulta.com/p/matte-cream-mattifying-blurring-primer-pimprod2044585"", ""https://www.ulta.com/p/travel-size-matte-cream-mattifying-blurring-primer-pimprod2044589""]"
perfect with bare minerals powder foundation.,2,2,"[""https://www.ulta.com/p/mini-prime-time-original-pore-minimizing-primer-pimprod2039236"", ""https://www.ulta.com/p/prime-time-original-pore-minimizing-primer-pimprod2036786""]"
perfect!,2,2,"[""https://www.ulta.com/p/pure-color-envy-sculpting-blush-pimprod2030735"", ""https://www.ulta.com/p/pure-color-envy-sculpting-blush-refill-pimprod2031074""]"
pigmentation is there creamy for sure. the bronzer and highlighter from this collection is a pass but this is nice.,2,2,"[""https://www.ulta.com/p/velvet-contour-bronzer-stick-pimprod2040056"", ""https://www.ulta.com/p/velvet-contour-stick-blush-pimprod2040099""]"
pigmented and nice color selections. i use it for a pop of color and it is enough to be noticed. very cute and summery colors. it is drugstore so very affordable but the packaging isn't exactly luxe. the product itself is great,2,2,"[""https://www.ulta.com/p/trublend-so-flushed-high-pigment-blush-pimprod2016942"", ""https://www.ulta.com/p/trublend-so-flushed-high-pigment-bronzer-pimprod2017123""]"
"pigmented, but oily! won't stay on even with a setting spray. it won't work for your lips either, it'll leave then looking streaky and weird. it's not worth it",2,2,"[""https://www.ulta.com/p/supercharged-bronzer-multistick-pimprod2026828"", ""https://www.ulta.com/p/supercharged-cheek-lip-multistick-pimprod2021340""]"
"powder where?! after spraying this my makeup is melted together beautifully. i simply follow up with one size to keep everything together but since ive added this, i dont think i can skip this step. it had me going from powdery to just, skin.",2,2,"[""https://www.ulta.com/p/continuous-setting-mist-xlsImpprod18351117"", ""https://www.ulta.com/p/mini-continuous-setting-mist-pimprod2017654""]"
praise the lord for the new packaging - i love this foundation to take as a touch up in my handbag (i wear put the liquid on in the morning). finally the packaging of this compact is beautiful!,2,2,"[""https://www.ulta.com/p/double-wear-stay-in-place-matte-powder-foundation-makeup-pimprod2031254"", ""https://www.ulta.com/p/double-wear-stay-in-place-matte-powder-foundation-refill-pimprod2031253""]"
primer,2,2,"[""https://www.ulta.com/p/smooth-affair-facial-primer-brightener-pimprod2004113"", ""https://www.ulta.com/p/smooth-affair-mattifying-face-primer-pimprod2033620""]"
"probably one of the best powdered bronzers to get. it's very pigmented, and honestly would recommend to anyone.",2,2,"[""https://www.ulta.com/p/trublend-so-flushed-high-pigment-blush-pimprod2016942"", ""https://www.ulta.com/p/trublend-so-flushed-high-pigment-bronzer-pimprod2017123""]"
product is not for me. quality is not great.,2,2,"[""https://www.ulta.com/p/velvet-contour-bronzer-stick-pimprod2040056"", ""https://www.ulta.com/p/velvet-contour-stick-blush-pimprod2040099""]"
profuct creases badly,2,2,"[""https://www.ulta.com/p/mini-radiant-creamy-concealer-pimprod2017511"", ""https://www.ulta.com/p/radiant-creamy-concealer-xlsImpprod15251325""]"
pros: decent coverage for under eye cirlces and discoloration. one tube will last you awhile and it's affordable! you don't need a lot a little goes a long way. cons: i dries out the delicate skin under my eyes. not the best for covering blemishes it settles into the creases and doesn't adequately conceal them.,2,2,"[""https://www.ulta.com/p/i-am-magic-concealer-pimprod2006835"", ""https://www.ulta.com/p/i-am-magic-mini-concealer-pimprod2026783""]"
"pros: it minimally helps makeup to not transfer and it has a clean, fresh scent. cons: it melts off half way through the day and it definitely does not blur the appearance of pores.",2,2,"[""https://www.ulta.com/p/porefessional-super-setter-long-lasting-makeup-setting-spray-mini-pimprod2040598"", ""https://www.ulta.com/p/porefessional-super-setter-long-lasting-makeup-setting-spray-pimprod2020913""]"
"pros: â¢blends in so easily. â¢stays put all day. â¢looks amazing on mature skin. â¢minimizes my fine lines â¢dewy &amp; moisturized complexion â¢spf 25 â¢great color match my skin has blotchy red spots, but this halo tint smooths out my skin tone so beautifully. i also have some fine lines around my eyes and on my forehead, but the tint doesn't settle into them. in fact, i'd say the product actually minimizes the appearance of my lines. my skin looks so dewy throughout the day. i really love this product and i hope it stays around forever!",2,2,"[""https://www.ulta.com/p/halo-healthy-glow-tinted-moisturizer-broad-spectrum-spf-25-pimprod2016307"", ""https://www.ulta.com/p/mini-halo-healthy-glow-tinted-moisturizer-broad-spectrum-spf-25-pimprod2033372""]"
"psa: i combined this with the nyx dewy setting spray. nonetheless, i expected the spray to work better than advertised. used it for graduation and my makeup transferred unto my friends, my hands, like a second skin. it felt like i was melting.",2,2,"[""https://www.ulta.com/p/porefessional-super-setter-long-lasting-makeup-setting-spray-mini-pimprod2040598"", ""https://www.ulta.com/p/porefessional-super-setter-long-lasting-makeup-setting-spray-pimprod2020913""]"
"purchased in peach bums. this product is very creamy and swatches beautifully, however as you blend it, there is a lot of glitter, which i am not a fan of on my skin",2,2,"[""https://www.ulta.com/p/megaglo-makeup-stick-blush-xlsImpprod16731045"", ""https://www.ulta.com/p/megaglo-makeup-stick-pimprod2043772""]"
purchased this many times just love it.,2,2,"[""https://www.ulta.com/p/mini-prime-time-original-pore-minimizing-primer-pimprod2039236"", ""https://www.ulta.com/p/prime-time-original-pore-minimizing-primer-pimprod2036786""]"
"read about this product online and stopped into ulta to purchase the .7 oz travel size to give it a try. im certainly glad i didn't buy the large size !! after first try i was very surprised at how much it stung and burned my eyes! cant imagine why a facial cleansing balm would literally burn your eyes. and i could tell my skin was very sensitive and red after just the first cleanse. i used a small amount for the next two days (i really wanted to like it!) careful to aboid my eyes at all costs. by third time my entire face was red and burning and broke out horribly!! do not buy if you plan to use this on your skin!!! disappointed to say the least. just bought it last week, but unfortunately i dont keep my receipts so will be trashing this immediately.",2,2,"[""https://www.ulta.com/p/pro-collagen-cleansing-balm-xlsImpprod18731145"", ""https://www.ulta.com/p/travel-size-pro-collagen-cleansing-balm-pimprod2004741""]"
"really liked the introduction to this spf for your face. spf 40 that gives a subtle glow and doesn't leave you greasy or shiny. as for color correction, i couldn't say much. but at a 40 rating i am happy i can use it alone or mixed with my moisturizer.",3,3,"[""https://www.ulta.com/p/bronzing-blendrops-spf-40-priming-drops-pimprod2043859"", ""https://www.ulta.com/p/illuminizing-blendrops-spf-40-priming-drops-pimprod2043861"", ""https://www.ulta.com/p/perfecting-blendrops-spf-40-priming-drops-pimprod2043860""]"
really pretty if you dab it on your finger and then lightly apply but if you put it on directly it completely removes everything underneath and doesn't show up. even if you dab and don't swipe. the formula could be softer,2,2,"[""https://www.ulta.com/p/megaglo-makeup-stick-blush-xlsImpprod16731045"", ""https://www.ulta.com/p/megaglo-makeup-stick-pimprod2043772""]"
"received as a sample and figured i'd give it a try as my nose seems to always be red. worked 0% - tried for a month. maybe it will work as a primer but i have one already that i love (clarins instant poreless). maybe the sample was bad? if anything, it made me decide to look around for something that may work for my rudolph nose.",2,2,"[""https://www.ulta.com/p/photo-finish-correct-anti-redness-primer-pimprod2030499"", ""https://www.ulta.com/p/travel-size-photo-finish-correct-anti-redness-primer-pimprod2032763""]"
"recently tried other concealers but they don't compare to nars. such a lightweight yet full coverage, natural looking concealer that's doesn't cake on like others. vanilla is so versital with light to medium skin tones. never using anything else again!",2,2,"[""https://www.ulta.com/p/mini-radiant-creamy-concealer-pimprod2017511"", ""https://www.ulta.com/p/radiant-creamy-concealer-xlsImpprod15251325""]"
"rob, the associate who helped me with my el purchases, was patient as we tried various colors in el products. the fresco turned out to be the perfect compliment to ecru foundation. many have said they cannot tell i am wearing makeup",2,2,"[""https://www.ulta.com/p/double-wear-stay-in-place-matte-powder-foundation-makeup-pimprod2031254"", ""https://www.ulta.com/p/double-wear-stay-in-place-matte-powder-foundation-refill-pimprod2031253""]"
save your money. it's does nothing. pretty disappointing.,2,2,"[""https://www.ulta.com/p/porefessional-pore-minimizing-primer-mini-xlsImpprod10141042"", ""https://www.ulta.com/p/porefessional-pore-minimizing-primer-xlsImpprod2290003""]"
saw this blush by accident in the drug store. i didn't buy it there but it stayed on my mind because i liked the color. ended up buying it at ulta. great color. there is another color i want to buy which i saw on line but no one is selling. it's a coral and looks like nars orgasm blush. hopefully someone will carry it soon.,2,2,"[""https://www.ulta.com/p/trublend-so-flushed-high-pigment-blush-pimprod2016942"", ""https://www.ulta.com/p/trublend-so-flushed-high-pigment-bronzer-pimprod2017123""]"
"searched for ages for a creamy hydrating concealer for post-menopausal skin, that does not settle into fine lines or wrinkles or feel dry. this had best reviews so i ordered before a trip from ulta, so i was stuck using it on my trip and afterwards didnt get it returned in time unfortunately. wondering if i got an old one, b/c it was not creamy or radiant, it was dry, hard to blend, looked heavy and cakey. giving it two stars b/c i heard great things and was really hopeful, but the quality for me was one star. ive used it b/c it was expensive, but started blending it on the back of my hand with just a tiny bit of good eye cream, and used a soft concealer brush to apply mainly in and under inner corners of eye and at outer corners to brighten. worked ok, def better with the eye cream. but has to be set with powder, which is a ""maturing skin"" nightmare. i did not use it underneath my entire eye area, it was just too dry and heavy/cakey, and enhanced fine lines and wrinkles and crepey-ness of delicate under eye area. it lasted forever so i was stuck with it for quite some time. i'm just now running out of it - thank goodness, but i suppose the search is on again. :/ concealer is so difficult to find for aging skin!",2,2,"[""https://www.ulta.com/p/mini-radiant-creamy-concealer-pimprod2017511"", ""https://www.ulta.com/p/radiant-creamy-concealer-xlsImpprod15251325""]"
seems with the new packaging there has also been a change in the blush formula. it does not have the same pigmentation that i loved. hard to see after applying and then wears off quickly. never had this problem before. used it for years. tried different brushes and skin prep - doesnt help. what a disappointment.,2,2,"[""https://www.ulta.com/p/wanderful-world-silky-soft-powder-blush-mini-xlsImpprod13741141"", ""https://www.ulta.com/p/wanderful-world-silky-soft-powder-blush-xlsImpprod820350""]"
seperates my makeup and causes oily skin and breakouts.,2,2,"[""https://www.ulta.com/p/continuous-setting-mist-xlsImpprod18351117"", ""https://www.ulta.com/p/mini-continuous-setting-mist-pimprod2017654""]"
seriously turns orange,2,2,"[""https://www.ulta.com/p/hide-peek-concealer-pimprod2024755"", ""https://www.ulta.com/p/hint-hint-skin-tint-pimprod2017569""]"
"seriously, what in god's name are you people doing, continually discontinuing products we all rely on?? without this primer i'm a greasy mess. why do all these companies get us hooked on products, sell tons of it, and then say ""hey, i know what's good, let's bend everyone over on this and discontinue it. for funsies."" i'm tired of all of you. nothing else works like the original in the pump, nothing. and that's what i owe you - nothing. bye bye, bm, i've used you since the 90s but i'm done with you now.",2,2,"[""https://www.ulta.com/p/mini-prime-time-original-pore-minimizing-primer-pimprod2039236"", ""https://www.ulta.com/p/prime-time-original-pore-minimizing-primer-pimprod2036786""]"
"shade: light 2.3 madeleine. it looks more like skin, the coverage is great and has a nice finish. it does have the slightest scent but it's not bad. i have combination skin and this concealer has worked better than other brands i've tried (tarte, hourglass, and fenty.) the cons in my opinion are the small applicator and it's a bit thick. would be nice to have more product for the price point but that goes for a lot of brands anyways.",2,2,"[""https://www.ulta.com/p/mini-radiant-creamy-concealer-pimprod2017511"", ""https://www.ulta.com/p/radiant-creamy-concealer-xlsImpprod15251325""]"
she's that girl when it comes to a great moisturizer before makeup! i have been using for the past month and my base routine always looks flawless.,2,2,"[""https://www.ulta.com/p/mini-vitamin-enriched-face-base-moisturizer-primer-with-vitamin-c-hyaluronic-acid-pimprod2025025"", ""https://www.ulta.com/p/vitamin-enriched-face-base-moisturizer-primer-with-vitamin-c-hyaluronic-acid-pimprod2025028""]"
skin hero has really helped my skin look more radiant. it's a great product and i really love it. actually i love all of their stuff and have started using their ginseng products for my skin care routine. i also love the cc cream.,2,2,"[""https://www.ulta.com/p/matte-cream-mattifying-blurring-primer-pimprod2044585"", ""https://www.ulta.com/p/travel-size-matte-cream-mattifying-blurring-primer-pimprod2044589""]"
skin looks and feels healthier and brighter!,2,2,"[""https://www.ulta.com/p/cc-water-with-hyaluronic-acid-pimprod2025143"", ""https://www.ulta.com/p/travel-size-cc-water-with-hyaluronic-acid-pimprod2025144""]"
"smells like old lady perfume. the smell never fades either and gives me a headache. the color is very light, i really have to pack it on for it to show on my nc20-ish skin. i don't mind adding more but the scent is just too much for me.",2,2,"[""https://www.ulta.com/p/dandelion-twinkle-soft-nude-pink-powder-highlighter-mini-xlsImpprod17971039"", ""https://www.ulta.com/p/dandelion-twinkle-soft-nude-pink-powder-highlighter-xlsImpprod15771001""]"
smooth and silky,2,2,"[""https://www.ulta.com/p/porefessional-pore-minimizing-primer-mini-xlsImpprod10141042"", ""https://www.ulta.com/p/porefessional-pore-minimizing-primer-xlsImpprod2290003""]"
"smooth texture going on. didn't seem to interfere with the other products i was using on top of it. i have used better primers, hence the average rating.",2,2,"[""https://www.ulta.com/p/photo-finish-resurface-primer-with-glycolic-acid-pimprod2044509"", ""https://www.ulta.com/p/travel-size-photo-finish-resurface-primer-with-glycolic-acid-pimprod2044511""]"
smooth texture when applying.,2,2,"[""https://www.ulta.com/p/mini-prime-time-original-pore-minimizing-primer-pimprod2039236"", ""https://www.ulta.com/p/prime-time-original-pore-minimizing-primer-pimprod2036786""]"
so cute n perfect for brown skin. doesnt have flashback! will be repurchasing 4ever. so good!,4,4,"[""https://www.ulta.com/p/bake-set-soft-focus-setting-powder-pimprod2009225"", ""https://www.ulta.com/p/jumbo-bake-set-soft-focus-setting-powder-pimprod2043957"", ""https://www.ulta.com/p/mini-bake-set-soft-focus-setting-powder-pimprod2043959"", ""https://www.ulta.com/p/totally-set-mini-brighten-set-powder-duo-pimprod2043963""]"
so far this has been the best everything for my skin. evens color with a stable glow. you can totally rock a fresh face with just this.,2,2,"[""https://www.ulta.com/p/one-step-correct-brightening-correcting-primer-xlsImpprod2390219"", ""https://www.ulta.com/p/travel-size-one-step-correct-brightening-correcting-primer-xlsImpprod16451215""]"
so happy i got to try this out! i love the original already and this just makes my skin look extra smooth and feels so soft!!! i love the blue like and pollutant protection cause i work in a pharmacy so i'm either in front of a screen or working with pts and man this is such a wonderful product! definitely recommend!!!,2,2,"[""https://www.ulta.com/p/photo-finish-resurface-primer-with-glycolic-acid-pimprod2044509"", ""https://www.ulta.com/p/travel-size-photo-finish-resurface-primer-with-glycolic-acid-pimprod2044511""]"
"so i actually discovered this product while on my first cruise 2 weeks ago- went to the spa and this was used as first step fir my facial- i loved it so much i bought myself a jar right then and there! i have oily buf also slightly sensitive skin, ive recently learned about double cleansing and wanted to try but waa unsure of where to start. this. this is it! i only use it at night to help remove the day from my face before using my regular facewash. i havent used it as a makeup remover yet, but im sure it would work beautifully. i love the scent, it takes me back the spa on the cruise. it doesnt feel greasy at all, in fact im pretty sure its help bring hydration to my face along with some other products. i do wish it wasnt so pricey, but i guess it could be worse. but honestly one jar will last you awhile as you only need a little bit, so you def get your money's worth. 2 weeks in and its helped my skin so much, its much more clear from breakouts and feels hydrated and soft. i love this cleanser, this a holy grail item for me",2,2,"[""https://www.ulta.com/p/pro-collagen-cleansing-balm-xlsImpprod18731145"", ""https://www.ulta.com/p/travel-size-pro-collagen-cleansing-balm-pimprod2004741""]"
so i bought this the day before i started my new job i added the spray after patiently after doing my make up next thing you know i have white dots all over my face and i was about to leave so i quickly got a brush and blended the dots off.. not sure if its an allergy thing but i also tried it this morning no make up and got a burning sensation and whjte dots once again i had heard someone say to shake it well and even after that still same issue so sadly i will be returning it :(,2,2,"[""https://www.ulta.com/p/mini-mac-prep-prime-fix-primer-setting-spray-xlsImpprod15921206"", ""https://www.ulta.com/p/prep-prime-fix-primer-setting-spray-xlsImpprod15921204""]"
"so i got this a few years ago and only used it here and there, but it feels so silky skooth when you apply jt after moisturizing well, and i dont feel like i need to apply foundation even sometimes- i have acne blemished skin, i usually correlate my diet with how much i break out &amp; right now my skin is good im about to finish my tube and buy another and thought id give a review bc i really like it(:",2,2,"[""https://www.ulta.com/p/porefessional-pore-minimizing-primer-mini-xlsImpprod10141042"", ""https://www.ulta.com/p/porefessional-pore-minimizing-primer-xlsImpprod2290003""]"
so ive been on the search for a concealer that matches forever but once i found this brand i thought why not give it a try(i had heard good things about this concealer);and it's absolutely amazing im so glad i found this!,2,2,"[""https://www.ulta.com/p/hd-pro-corrector-concealer-pimprod2022723"", ""https://www.ulta.com/p/lightweight-hd-pro-creamy-concealer-xlsImpprod15711051""]"
so much fall out. super orange. blends horribly.,2,2,"[""https://www.ulta.com/p/butter-bronzer-murumuru-butter-bronzer-xlsImpprod13621011"", ""https://www.ulta.com/p/matte-monoi-butter-bronzer-pimprod2021750""]"
so pretty and blends well but not good for acne prone skin.,2,2,"[""https://www.ulta.com/p/butter-bronzer-murumuru-butter-bronzer-xlsImpprod13621011"", ""https://www.ulta.com/p/matte-monoi-butter-bronzer-pimprod2021750""]"
so was looking for new concealer and was introduced to the brand itcosmeticts by an ulta consultant. she was super nice and helpful and did the whole shade matching and what not since my skin has the tendency to oxidize when wearing anything on my face. so takes me a bit to get used to products with daily usage to see if they are a match with me or not. well i got the foundation first same brand and all as this concealer to match you know and uhh no! although it does state its oil free foundation and full coverage or buildable foundation this is so ughh! even when applying with a brush it do es not give the best result liketgey do on the photos on there ads instore. i tried with a beauty blender and it still gives off a like what seems oily pale like color tint even after i use setting spray this is just so darn oily on its own its not worth the money. i usually am a person with oily tzone area now adding this on top of that was just a defenet no! and then there was this product the concealer which i did like how i didn't have to apply corrector the first few times when using this because of pcos and now it just leaves a gray tint area through out the day after about a few hours into work. which is embarrassing! i've tried building up on the coverage of it and all but unfortunately it looks cakey when using finishing powder or setting powder! or the more i try to build coverage on the are the more i end up with a thick layer of thick oiliness that even matt setting spray will mattify which is kinda bad. this sucks. i really did try to like this concealer. after a few day uses the oxidation started as well and that was the last straw. i'm going back for a full refund!i most definitely can not with this product! not a fan of this at all.,2,2,"[""https://www.ulta.com/p/bye-bye-under-eye-full-coverage-anti-aging-waterproof-concealer-xlsImpprod5770259"", ""https://www.ulta.com/p/travel-size-bye-bye-under-eye-full-coverage-anti-aging-waterproof-concealer-xlsImpprod12871043""]"
"so, i saw that a bunch of people bought this a lot like a year or two ago bc of tt and i was like ""eh whatever, it's probably overhyped and unnecessary"", right? so, i saw that one of my coworkers saw melanie martinez last year and his makeup stayed (keep in mind that the concert was in summer) and i was really curious so i bought the mini and tried it out. it kept my makeup in place! the first time i used it, it felt like i had a second skin (almost like a filmy layer) but the other times i used it, it has never been an issue. i was scared because of the scent since i have super sensitive skin but it hasn't broken me out (i hope it stays that way). i will say tho, i do layer my makeup differently. i either use this spray to help melt in my cream products or i'll use the classic mac fix+. anyway, i recently saw aventura and i used this as my final spray to lock everything in and yallllllll it stayed in place! no touch ups whatsoever and i left the house at around 4pm but the concert started at 9pm so i was out and about, but, everything was good! i will sayâ this is my experience with the spray and my experience only. so, if it doesn't work for you, i'm sorry. :( if it does end up working for you, that's great! either way, we all have different skin and if our skin likes something else, that's totally fine! :d",2,2,"[""https://www.ulta.com/p/airbrush-flawless-setting-spray-pimprod2043342"", ""https://www.ulta.com/p/travel-size-airbrush-flawless-setting-spray-pimprod2043334""]"
"some products seem to be very concentrated, and a little goes a long way. this is not one of those. i think the product performs pretty well (from my short experience with it) but it takes quite a bit of it to get the results i want, and replacing it often will be a pretty hefty expense. so i may return it to look for a product that doesn't require so much with each application.",2,2,"[""https://www.ulta.com/p/photo-finish-primerizer-hydrating-primer-with-hyaluronic-acid-pimprod2030498"", ""https://www.ulta.com/p/travel-size-photo-finish-primerizer-hydrating-primer-with-hyaluronic-acid-pimprod2032761""]"
somehow this foundation manages to be greasy and cakey at the same time. it shows every pore and fine line.,2,2,"[""https://www.ulta.com/p/cc-cream-with-spf-50-xlsImpprod5770257"", ""https://www.ulta.com/p/mini-cc-cream-with-spf-50-pimprod2013015""]"
soo i am a oily skin girly all the way!! im talking like my skin is a grease pan by the end of day and i need to touch up 5 times in a day. but this primer!!!! after trying and failing with so many others this primer is now my holy grail!! i pair it with urban decay de slick oil control setting spray and after a 8 hour shift i only had to touch up with powder once!!!! love it,2,2,"[""https://www.ulta.com/p/photo-finish-control-mattifying-primer-pimprod2030521"", ""https://www.ulta.com/p/travel-size-photo-finish-control-mattifying-primer-with-salicylic-acid-pimprod2032762""]"
sooo good if u have dark circles that no other concealer will cover!,2,2,"[""https://www.ulta.com/p/mini-radiant-creamy-concealer-pimprod2017511"", ""https://www.ulta.com/p/radiant-creamy-concealer-xlsImpprod15251325""]"
"sorry, but i'm not impressed. i was led to believe this had an immediate pearlized shine effect. i wanted that plus more of a silcone-like slip for my aging skin to help enhance the mineral powder i use for minor coverage. this did not deliver for the price i paid.",2,2,"[""https://www.ulta.com/p/smooth-affair-facial-primer-brightener-pimprod2004113"", ""https://www.ulta.com/p/smooth-affair-mattifying-face-primer-pimprod2033620""]"
"strong scent, clouds up my contact lenses with a film, not as effective as a drugstore brand i've been using for years; i have to use double the amount of product to remove all my makeup.",2,2,"[""https://www.ulta.com/p/pro-collagen-cleansing-balm-xlsImpprod18731145"", ""https://www.ulta.com/p/travel-size-pro-collagen-cleansing-balm-pimprod2004741""]"
super gentle makeup remover to remove the most stubborn mascara without damaging your false lashes! i love how gentle it was at removing my makeup without any stinging. it is great for both real and false lashes! i love how it was so effective at removing both glue and mascara. it helped elongate the life of my lashes by making them look new again! highly recommend!,2,2,"[""https://www.ulta.com/p/lash-clean-oil-free-makeup-remover-pimprod2018008"", ""https://www.ulta.com/p/travel-size-lash-clean-oil-free-makeup-remover-pimprod2018009""]"
"super pretty, love the natural glow and highlight it gives. you can make it work for all over your face or just in small areas.",2,2,"[""https://www.ulta.com/p/dandelion-twinkle-soft-nude-pink-powder-highlighter-mini-xlsImpprod17971039"", ""https://www.ulta.com/p/dandelion-twinkle-soft-nude-pink-powder-highlighter-xlsImpprod15771001""]"
takes off my makeup and doesn't break me out,2,2,"[""https://www.ulta.com/p/take-day-off-cleansing-balm-makeup-remover-mini-xlsImpprod18791009"", ""https://www.ulta.com/p/take-day-off-cleansing-balm-makeup-remover-xlsImpprod11771009""]"
"the ""upgraded"" version of this primer is terrible. i have used bm prime time for years without wavering.. i now have no backup brand to fall back on. this is so bad- it makes my skin dry and patchy looking- and has caused some irritation and breakouts. if anyone has a suggestion for an alternative brand thats close to the old bm formula- would love to know!",2,2,"[""https://www.ulta.com/p/mini-prime-time-original-pore-minimizing-primer-pimprod2039236"", ""https://www.ulta.com/p/prime-time-original-pore-minimizing-primer-pimprod2036786""]"
"the benefit rose tint is the best lip stain ever. it's long lasting, it's not drying, it's buildable and it's hydrating. the wear down is gorgeous and last all day.",2,2,"[""https://www.ulta.com/p/liquid-lip-blush-cheek-tint-pimprod2008308"", ""https://www.ulta.com/p/value-size-liquid-lip-blush-cheek-tint-pimprod2043819""]"
the best,3,3,"[""https://www.ulta.com/p/dandelion-twinkle-soft-nude-pink-powder-highlighter-xlsImpprod15771001"", ""https://www.ulta.com/p/mist-thing-hydrating-setting-spray-pimprod2044061"", ""https://www.ulta.com/p/pommisst-hydration-spray-pimprod2040331""]"
the best ever !!! â¤ï¸,2,2,"[""https://www.ulta.com/p/porefessional-lite-ultra-lightweight-face-primer-mini-pimprod2029931"", ""https://www.ulta.com/p/porefessional-lite-ultra-lightweight-face-primer-pimprod2029932""]"
the best match to my skin tone that i have ever found. goes on great with long lasting coverage. love it!,2,2,"[""https://www.ulta.com/p/hide-peek-concealer-pimprod2024755"", ""https://www.ulta.com/p/hint-hint-skin-tint-pimprod2017569""]"
the best primer i have ever used. gives your skin a flawless look under makeup. it does not leave your skin oily and this is coming from a woman with combination skin. it does not make my skin break out like other products i've tried. don't ever discontinue this primer.,2,2,"[""https://www.ulta.com/p/matte-cream-mattifying-blurring-primer-pimprod2044585"", ""https://www.ulta.com/p/travel-size-matte-cream-mattifying-blurring-primer-pimprod2044589""]"
the blush is great and stays put for a long time! not the biggest fan of the pink shades but enjoy the rose tones.,2,2,"[""https://www.ulta.com/p/pure-color-envy-sculpting-blush-pimprod2030735"", ""https://www.ulta.com/p/pure-color-envy-sculpting-blush-refill-pimprod2031074""]"
"the bronze shade is very beautiful in the pan, however, the payoff in swatches and on skin is slightly different. it is a little metallic and shiny which isn't bad, but is not what i was expecting and isn't what i prefer. it is easy to blend but only because the color payoff is very subtle. the swatch in my picture took 4 swipes to build up to that color!",2,2,"[""https://www.ulta.com/p/trublend-so-flushed-high-pigment-blush-pimprod2016942"", ""https://www.ulta.com/p/trublend-so-flushed-high-pigment-bronzer-pimprod2017123""]"
"the bronzer blends seamlessly into the skin, making it user-friendly for both beginners and experienced makeup enthusiasts. it's buildable, allowing you to customize the intensity. nars laguna bronzing powder is a cult favorite for a reason. it delivers a beautiful, natural-looking bronze with a radiant finish that enhances the skin without looking artificial.",2,2,"[""https://www.ulta.com/p/laguna-bronzer-powder-talc-free-pimprod2038440"", ""https://www.ulta.com/p/mini-laguna-bronzer-powder-talc-free-pimprod2038438""]"
"the color of this concelear matched me perfectly, so i was very excited to try this out. sadly, it really brought out creases and wrinkles under my eyes. it seemed to seperate mere minutes after i put it on. after a little bit of wear, my under eyes looked very dry. i would not recommend this product sadly.",2,2,"[""https://www.ulta.com/p/mini-radiant-creamy-concealer-pimprod2017511"", ""https://www.ulta.com/p/radiant-creamy-concealer-xlsImpprod15251325""]"
the color was perfect,2,2,"[""https://www.ulta.com/p/wanderful-world-silky-soft-powder-blush-mini-xlsImpprod13741141"", ""https://www.ulta.com/p/wanderful-world-silky-soft-powder-blush-xlsImpprod820350""]"
the consistency of the bronzer is nice and smooth and it's great color pigment is wonderful!?,2,2,"[""https://www.ulta.com/p/cheek-dew-hydrating-serum-blush-pimprod2027226"", ""https://www.ulta.com/p/pressed-powder-bronzer-pimprod2038313""]"
"the consistency of this was super watery, it didn't really give much coverage , it's more for like a beach day and you want a bit of coverage. it also felt like there was barely any product in the container",3,3,"[""https://www.ulta.com/p/bronzing-blendrops-spf-40-priming-drops-pimprod2043859"", ""https://www.ulta.com/p/illuminizing-blendrops-spf-40-priming-drops-pimprod2043861"", ""https://www.ulta.com/p/perfecting-blendrops-spf-40-priming-drops-pimprod2043860""]"
"the coverage is amazing &amp; there is a smooth finish. the scent is not strong, and the texture is not grainy. packaging is great and i would recommend.",2,2,"[""https://www.ulta.com/p/photo-finish-resurface-primer-with-glycolic-acid-pimprod2044509"", ""https://www.ulta.com/p/travel-size-photo-finish-resurface-primer-with-glycolic-acid-pimprod2044511""]"
the coverage is amazing and the formula is very creamy. i would've definitely recommend this product.,2,2,"[""https://www.ulta.com/p/bye-bye-under-eye-full-coverage-anti-aging-waterproof-concealer-xlsImpprod5770259"", ""https://www.ulta.com/p/travel-size-bye-bye-under-eye-full-coverage-anti-aging-waterproof-concealer-xlsImpprod12871043""]"
the cream give me the perfect coverage and no texture to my face.. i love it,2,2,"[""https://www.ulta.com/p/bb-cream-spf-20-pimprod2005693"", ""https://www.ulta.com/p/travel-size-bb-cream-spf-20-pimprod2015578""]"
"the first time i tried it, i really liked it because i thought it was really good.",2,2,"[""https://www.ulta.com/p/forever-natural-matte-velvet-compact-foundation-pimprod2045605"", ""https://www.ulta.com/p/rouge-blush-pimprod2040322""]"
"the formula and texture of this product is great. it blends seamlessly into the skin and creates a very natural bronzed look, with a gorgeous glowiness.",2,2,"[""https://www.ulta.com/p/laguna-bronzer-powder-talc-free-pimprod2038440"", ""https://www.ulta.com/p/mini-laguna-bronzer-powder-talc-free-pimprod2038438""]"
the formula is creamy but the 2 shades i got (light ivory and natural) look nothing like they do online. they are so orange in real life. please tell us the undertones. they are very orange.,2,2,"[""https://www.ulta.com/p/hd-pro-corrector-concealer-pimprod2022723"", ""https://www.ulta.com/p/lightweight-hd-pro-creamy-concealer-xlsImpprod15711051""]"
"the foundation that i got was water based, so they told me this would be the best primer that is water-based that will go with the foundation. i didn't get that the tiny or the mini size. but i soon as i opened it and squeezed it literally half of the product was dry like a skinny worm completely dry, so i'm returning",2,2,"[""https://www.ulta.com/p/porefessional-lite-ultra-lightweight-face-primer-mini-pimprod2029931"", ""https://www.ulta.com/p/porefessional-lite-ultra-lightweight-face-primer-pimprod2029932""]"
the last couple years i've been struggling with putting makeup under my eyes to cover dark circles without my fine lines being accentuated and looking worse. i tried every technique on youtube with setting sprays and even tried expensive under eye setting powders that were terrible. always creasing. today i set my under eye with the pink powder and 12 hours later there is still no creasing! it looks bright and amazing! i really recommend.,4,4,"[""https://www.ulta.com/p/bake-set-soft-focus-setting-powder-pimprod2009225"", ""https://www.ulta.com/p/jumbo-bake-set-soft-focus-setting-powder-pimprod2043957"", ""https://www.ulta.com/p/mini-bake-set-soft-focus-setting-powder-pimprod2043959"", ""https://www.ulta.com/p/totally-set-mini-brighten-set-powder-duo-pimprod2043963""]"
the neutral tan is perfect for the dog days of summer. my mature skin looks and feels better. i am not worried about a sunburn on my face or eye area when using this product.,2,2,"[""https://www.ulta.com/p/cc-cream-with-spf-50-xlsImpprod5770257"", ""https://www.ulta.com/p/mini-cc-cream-with-spf-50-pimprod2013015""]"
"the new five is terrible, it gives no control over how much product comes out and you end up with way too much. the pump bottle was way better and didn't leave you with so much wasted product. won't be buying this any longer",2,2,"[""https://www.ulta.com/p/mini-prime-time-original-pore-minimizing-primer-pimprod2039236"", ""https://www.ulta.com/p/prime-time-original-pore-minimizing-primer-pimprod2036786""]"
the new packaging is awful and the formula is not the same product! it is thick and does not go on evenly nor does it allow you to smoothly apply your foundation! i will be replacing this product with another brand! terrible product!,2,2,"[""https://www.ulta.com/p/mini-prime-time-original-pore-minimizing-primer-pimprod2039236"", ""https://www.ulta.com/p/prime-time-original-pore-minimizing-primer-pimprod2036786""]"
"the packaging was gorgeous as always when it comes to nars products. unfortunately, it was my exact skin tone match and so i could not really use it as a bronzer. however, i tried it as a full face powder and it worked well. it had a very pretty, skinlike finish.",2,2,"[""https://www.ulta.com/p/laguna-bronzer-powder-talc-free-pimprod2038440"", ""https://www.ulta.com/p/mini-laguna-bronzer-powder-talc-free-pimprod2038438""]"
"the pan fel out as soon as i opened the palete and i couldnt get it to just stick back on. i was p disappointed by this but since the shade looked promising i used it anyway and will probably jut glue it back on. i purchased the shade avila beach and i thought it was okay but too warm. i think it can be put on lightly and blends well but wish that there was another pallets that was cooler than that one but the same shade and as fair. i dont mind it when used lightly, but its pigmentd and not really neutral and comes off as warmer.",2,2,"[""https://www.ulta.com/p/cheek-dew-hydrating-serum-blush-pimprod2027226"", ""https://www.ulta.com/p/pressed-powder-bronzer-pimprod2038313""]"
the picture on this listing is of the old bottle. there is a new bottle now that has a fine mist. i think both bottles have merit. i will be refilling both bottles. the old bottle i like better for melding the powder makeup with your skin (like before applying cream products on the cheeks or at the end of all powder products before mascara). the new bottle i like better if you are using it at the very end for setting or to refresh later. the product itself hasn't changed thankfully,2,2,"[""https://www.ulta.com/p/mini-mac-prep-prime-fix-primer-setting-spray-xlsImpprod15921206"", ""https://www.ulta.com/p/prep-prime-fix-primer-setting-spray-xlsImpprod15921204""]"
"the pigment isn't very strong, and fades immediately after a few seconds. it just leaves a shimmer. not a great blush :/",2,2,"[""https://www.ulta.com/p/megaglo-makeup-stick-blush-xlsImpprod16731045"", ""https://www.ulta.com/p/megaglo-makeup-stick-pimprod2043772""]"
the pink is my favorite. brightens and blurs.,4,4,"[""https://www.ulta.com/p/bake-set-soft-focus-setting-powder-pimprod2009225"", ""https://www.ulta.com/p/jumbo-bake-set-soft-focus-setting-powder-pimprod2043957"", ""https://www.ulta.com/p/mini-bake-set-soft-focus-setting-powder-pimprod2043959"", ""https://www.ulta.com/p/totally-set-mini-brighten-set-powder-duo-pimprod2043963""]"
"the porefessional lite primer just didn't work for me. this is not tinted like the porefessional regular and doesn't fill and smooth as well. also, it caused a little breakout for me. i'll stick with the regular!",2,2,"[""https://www.ulta.com/p/porefessional-lite-ultra-lightweight-face-primer-mini-pimprod2029931"", ""https://www.ulta.com/p/porefessional-lite-ultra-lightweight-face-primer-pimprod2029932""]"
"the powder is alright but the packaging is trash! no matter how tightly i close it, the lid unscrews and it makes a huge mess! waste of money!",4,4,"[""https://www.ulta.com/p/bake-set-soft-focus-setting-powder-pimprod2009225"", ""https://www.ulta.com/p/jumbo-bake-set-soft-focus-setting-powder-pimprod2043957"", ""https://www.ulta.com/p/mini-bake-set-soft-focus-setting-powder-pimprod2043959"", ""https://www.ulta.com/p/totally-set-mini-brighten-set-powder-duo-pimprod2043963""]"
the price was amazing!! it blended so easily with a brush and looked very natural!,2,2,"[""https://www.ulta.com/p/megaglo-makeup-stick-conceal-pimprod2012854"", ""https://www.ulta.com/p/megaglo-makeup-stick-contour-xlsImpprod16731047""]"
the primer dries my skin .,2,2,"[""https://www.ulta.com/p/photo-finish-primerizer-hydrating-primer-with-hyaluronic-acid-pimprod2030498"", ""https://www.ulta.com/p/travel-size-photo-finish-primerizer-hydrating-primer-with-hyaluronic-acid-pimprod2032761""]"
the primer has a smoother texture and it helps my foundation stay on my skin better. the smell is a little chemical and i didn't like it. overall a great product and would use again,2,2,"[""https://www.ulta.com/p/photo-finish-resurface-primer-with-glycolic-acid-pimprod2044509"", ""https://www.ulta.com/p/travel-size-photo-finish-resurface-primer-with-glycolic-acid-pimprod2044511""]"
"the product does take a bit to show. however, it blends well and does not appear orange. this is so important for a good bronzer. packaging can be iffy.",2,2,"[""https://www.ulta.com/p/butter-bronzer-murumuru-butter-bronzer-xlsImpprod13621011"", ""https://www.ulta.com/p/matte-monoi-butter-bronzer-pimprod2021750""]"
"the product is amazing, blends beautifully, and is very beginner friendly! my only issue was that it breaks very easily and exploded all over the inside of my makeup bag.",2,2,"[""https://www.ulta.com/p/butter-bronzer-murumuru-butter-bronzer-xlsImpprod13621011"", ""https://www.ulta.com/p/matte-monoi-butter-bronzer-pimprod2021750""]"
the product is great! absolutely love and have purchased several bottles. my one bone to pick is the bottle does not travel well. of the 5x i've purchased ive tried all sorts of ways to ensure it doesn't leak on airplanes. all of them have! i travel for work so it's definitely not my first rodeo. tula make your tubes better!,2,2,"[""https://www.ulta.com/p/blurring-moisturizing-filter-primer-pimprod2024916"", ""https://www.ulta.com/p/supersize-blurring-moisturizing-filter-primer-pimprod2024917""]"
"the product itself is great but if you order online be careful because you could get scammed like i did. i ordered online and chose to pick up instore in fayeteville, nc and when i picked up i got the old spray in the old packaging and the manager had no idea about the reformulation and the new packaging. she told me they all had the same sku number so she coukd refund me but i couldnt get the product i paid for. im really disappointed becsuse im going on vacation tomorrow and dont have time to reorder online. i thought ulta valued their customers, but i was wrong.",2,2,"[""https://www.ulta.com/p/mini-mac-prep-prime-fix-primer-setting-spray-xlsImpprod15921206"", ""https://www.ulta.com/p/prep-prime-fix-primer-setting-spray-xlsImpprod15921204""]"
"the product works really well on my skin. it does not feel heavy or greasy, and it provides a seamless coverage while effectively concealing pores. the product lasts at least 4 hours on my skin without any touch-ups. it makes my skin feel comfortable and looks radiant. highly recommend.",2,2,"[""https://www.ulta.com/p/porefessional-lite-ultra-lightweight-face-primer-mini-pimprod2029931"", ""https://www.ulta.com/p/porefessional-lite-ultra-lightweight-face-primer-pimprod2029932""]"
"the product works well ad a primer, but it why does it smell like flower perfume? i hate putting scented products on my face and this scent lingers even after make up is applied over it. wish they would make it unscented, especially for the price point.",2,2,"[""https://www.ulta.com/p/mini-vitamin-enriched-face-base-moisturizer-primer-with-vitamin-c-hyaluronic-acid-pimprod2025025"", ""https://www.ulta.com/p/vitamin-enriched-face-base-moisturizer-primer-with-vitamin-c-hyaluronic-acid-pimprod2025028""]"
"the products hinge broke after a few months, now all of the parts of the product are separate, and i have to hold them together with a rubber band. the product itself isn't the worst, sometimes it looks alittle dirty on.",2,2,"[""https://www.ulta.com/p/butter-bronzer-murumuru-butter-bronzer-xlsImpprod13621011"", ""https://www.ulta.com/p/matte-monoi-butter-bronzer-pimprod2021750""]"
the smell of menthol/tea tree oil is so strong. it felt like i was putting vick's vaporub on my face. sister could smell me in another room; that is how strong it is.,2,2,"[""https://www.ulta.com/p/pro-collagen-cleansing-balm-xlsImpprod18731145"", ""https://www.ulta.com/p/travel-size-pro-collagen-cleansing-balm-pimprod2004741""]"
the texture and consistency of the product is terrible. it's rolled or fallen from my hand so many times. i don't notice a huge difference from using it. wouldn't recommend,2,2,"[""https://www.ulta.com/p/porefessional-lite-ultra-lightweight-face-primer-mini-pimprod2029931"", ""https://www.ulta.com/p/porefessional-lite-ultra-lightweight-face-primer-pimprod2029932""]"
"the texture is very cooling, the sense is pleasant. packaging is amazing. the coverage is perfect! would recommend to anybody and definitely repurchase in the future once i run out ï¿¼",2,2,"[""https://www.ulta.com/p/photo-finish-resurface-primer-with-glycolic-acid-pimprod2044509"", ""https://www.ulta.com/p/travel-size-photo-finish-resurface-primer-with-glycolic-acid-pimprod2044511""]"
"the texture makes me feel like there isn't a primer there, but there is. i honestly can say this is one of my favorite primers and has great coverage, and the scent isn't strong!",2,2,"[""https://www.ulta.com/p/porefessional-lite-ultra-lightweight-face-primer-mini-pimprod2029931"", ""https://www.ulta.com/p/porefessional-lite-ultra-lightweight-face-primer-pimprod2029932""]"
the translucent powder oxodizes very very bad! got it just to try it out and i am not impressed at all!! might work better with other shades but translucent is a nooo from me,4,4,"[""https://www.ulta.com/p/bake-set-soft-focus-setting-powder-pimprod2009225"", ""https://www.ulta.com/p/jumbo-bake-set-soft-focus-setting-powder-pimprod2043957"", ""https://www.ulta.com/p/mini-bake-set-soft-focus-setting-powder-pimprod2043959"", ""https://www.ulta.com/p/totally-set-mini-brighten-set-powder-duo-pimprod2043963""]"
"there aren't any chemical smell, best make up remover ever.",2,2,"[""https://www.ulta.com/p/lash-clean-oil-free-makeup-remover-pimprod2018008"", ""https://www.ulta.com/p/travel-size-lash-clean-oil-free-makeup-remover-pimprod2018009""]"
these blending drops are great packaging with a non bronzer scent! it has a great texture which is great either added to foundation or used alone. the coverage is lighy and i have had no issues with any ingredients used.,3,3,"[""https://www.ulta.com/p/bronzing-blendrops-spf-40-priming-drops-pimprod2043859"", ""https://www.ulta.com/p/illuminizing-blendrops-spf-40-priming-drops-pimprod2043861"", ""https://www.ulta.com/p/perfecting-blendrops-spf-40-priming-drops-pimprod2043860""]"
"these blushes are the og. each color is beautiful. they apply easily and smoothly, you can build them up, and they arent flat. they last all day too. the box comes with a small mirror but they no longer include the little brush",2,2,"[""https://www.ulta.com/p/wanderful-world-silky-soft-powder-blush-mini-xlsImpprod13741141"", ""https://www.ulta.com/p/wanderful-world-silky-soft-powder-blush-xlsImpprod820350""]"
they changed it from the regular primer. i hate the new stuff. the original worked perfect for me.,2,2,"[""https://www.ulta.com/p/mini-prime-time-original-pore-minimizing-primer-pimprod2039236"", ""https://www.ulta.com/p/prime-time-original-pore-minimizing-primer-pimprod2036786""]"
they changed the packaging and a brush isnt included anymore. the packaging is smaller and includes less product and it became significantly more expensive. the problem with this price hike is that it's not a luxury product.,3,3,"[""https://www.ulta.com/p/hoola-matte-powder-bronzer-jumbo-pimprod2045528"", ""https://www.ulta.com/p/hoola-matte-powder-bronzer-mini-xlsImpprod13741145"", ""https://www.ulta.com/p/hoola-matte-powder-bronzer-xlsImpprod820346""]"
"this balm is absolutely amazing! i've overused this product thinking it couod take off all makeup, but it truely seamlessly breaks down your eye makeup in the most gentle way, but is not suitable as your one stop to taking all all makeup. will need to follow up with the take the day off cleanser to leave you squeaky clean! personally, i use a small amount on my entire dry face to 'help' break down my makeup but primarily focus on my eye makeup to break it all down and follow up with the matching face wash then exfoliate. after you feel the true clean feel, its like you can't settle for anything less.",2,2,"[""https://www.ulta.com/p/take-day-off-cleansing-balm-makeup-remover-mini-xlsImpprod18791009"", ""https://www.ulta.com/p/take-day-off-cleansing-balm-makeup-remover-xlsImpprod11771009""]"
"this blush is easy to apply and good for on the go, but needs multiple layers and reapplication to last. when blending, most of the color goes away.",2,2,"[""https://www.ulta.com/p/megaglo-makeup-stick-blush-xlsImpprod16731045"", ""https://www.ulta.com/p/megaglo-makeup-stick-pimprod2043772""]"
"this blush is highly pigmented, especially considering its price. it blows some much pricier blushes i've owned completely out of the water. it's not just more pigmented than others; it also has good staying power. i use this after setting and then bronzer powder, and it always delights me. i'm not a sparkle gal, and i haven't found this blush to be sparkly - just lovely.",2,2,"[""https://www.ulta.com/p/trublend-so-flushed-high-pigment-blush-pimprod2016942"", ""https://www.ulta.com/p/trublend-so-flushed-high-pigment-bronzer-pimprod2017123""]"
this blush is just so good it pigmented its blendable and just so pretty for everyday its just too good,2,2,"[""https://www.ulta.com/p/trublend-so-flushed-high-pigment-blush-pimprod2016942"", ""https://www.ulta.com/p/trublend-so-flushed-high-pigment-bronzer-pimprod2017123""]"
this blush is really beautiful. it is a nice color. it's a high pigment blush. i would definitely recommend this product.,2,2,"[""https://www.ulta.com/p/trublend-so-flushed-high-pigment-blush-pimprod2016942"", ""https://www.ulta.com/p/trublend-so-flushed-high-pigment-bronzer-pimprod2017123""]"
this blush is so pigmented so pink and beautiful it's super buildable so you can go on as light as you want build it up as bright as you want it has like a slight shimmer to it but i think it's really beautiful i have been loving this for adding on to my nose for that new blush trend.,2,2,"[""https://www.ulta.com/p/trublend-so-flushed-high-pigment-blush-pimprod2016942"", ""https://www.ulta.com/p/trublend-so-flushed-high-pigment-bronzer-pimprod2017123""]"
this blush looks so pretty on my skin. it's a really nice peachy color. it doesn't take a lot of product for it to show up. it compliments my skin very nicely.,2,2,"[""https://www.ulta.com/p/wanderful-world-silky-soft-powder-blush-mini-xlsImpprod13741141"", ""https://www.ulta.com/p/wanderful-world-silky-soft-powder-blush-xlsImpprod820350""]"
this bonded my lash extensions to my lashes &amp; it was so painful as they grew out. horrible product.,2,2,"[""https://www.ulta.com/p/lash-clean-oil-free-makeup-remover-pimprod2018008"", ""https://www.ulta.com/p/travel-size-lash-clean-oil-free-makeup-remover-pimprod2018009""]"
"this bronzer provides a wonderful summer glow. it's light enough to look natural on my fair skin. it has a subtle shimmer and brings warmth to my face. i love to use this as an eyeshadow as well, especially with a brown liner.",2,2,"[""https://www.ulta.com/p/laguna-bronzer-powder-talc-free-pimprod2038440"", ""https://www.ulta.com/p/mini-laguna-bronzer-powder-talc-free-pimprod2038438""]"
"this cleansing balm works extremely well! i was a bit weary of using it on the eye area due to the sent (kind of minty or like eucalyptus). i tried it and it removes eye makeup super well and it didn't burn, but had a cooling sensation for sure which makes me nervous. felt very luxurious and the smell was nice. a little also goes a long way so it will last a long time!",2,2,"[""https://www.ulta.com/p/pro-collagen-cleansing-balm-xlsImpprod18731145"", ""https://www.ulta.com/p/travel-size-pro-collagen-cleansing-balm-pimprod2004741""]"
"this color-correcting formula is so neat when i first opened it and looked at the product's color i thought that the product wouldn't work. but to my surprise, it went perfectly and the added glow effect was a bonus. i was able to cover up imperfections on my face without having to wear foundation if i didn't want to and it is a great sunscreen that lasts all day.",3,3,"[""https://www.ulta.com/p/bronzing-blendrops-spf-40-priming-drops-pimprod2043859"", ""https://www.ulta.com/p/illuminizing-blendrops-spf-40-priming-drops-pimprod2043861"", ""https://www.ulta.com/p/perfecting-blendrops-spf-40-priming-drops-pimprod2043860""]"
this concealer creases almost immediately. i'm disappointed!,2,2,"[""https://www.ulta.com/p/bye-bye-under-eye-full-coverage-anti-aging-waterproof-concealer-xlsImpprod5770259"", ""https://www.ulta.com/p/travel-size-bye-bye-under-eye-full-coverage-anti-aging-waterproof-concealer-xlsImpprod12871043""]"
this concealer gives great coverage and blends so well. its brightening and beautifully covers the dark spots under my eyes. the price point is perfect as well. i have very sensitive skin and this does not irritate my skin at all.,2,2,"[""https://www.ulta.com/p/i-am-magic-concealer-pimprod2006835"", ""https://www.ulta.com/p/i-am-magic-mini-concealer-pimprod2026783""]"
this concelare is my current favorite and it blends amazing the only issue i found was the packaging after the first couple weels its very leaky to the point that i suggest its placed seperate from other makeup,2,2,"[""https://www.ulta.com/p/i-am-magic-concealer-pimprod2006835"", ""https://www.ulta.com/p/i-am-magic-mini-concealer-pimprod2026783""]"
"this conclear looks full-coverage at first but after an hour atleast it shows every crease you didnt even know u had, ive tried so many conclears and this worked really bad under by eyes, to carve out ur eyebrows though its perfect but fo sure not under ur eye",2,2,"[""https://www.ulta.com/p/i-am-magic-concealer-pimprod2006835"", ""https://www.ulta.com/p/i-am-magic-mini-concealer-pimprod2026783""]"
"this dandelion blush looks amazing on my pale skin! it is super sheer though, so you really have to build it up (but as someone who doesn't wear much makeup it's perfect). on the skin it looks like the perfect baby pink with subtle gold shimmers. also it is lightly scented, but you can't feel it once it's on.",2,2,"[""https://www.ulta.com/p/wanderful-world-silky-soft-powder-blush-mini-xlsImpprod13741141"", ""https://www.ulta.com/p/wanderful-world-silky-soft-powder-blush-xlsImpprod820350""]"
this did nothing for my redness and idk how but it somehow made my pores even harder to cover.,3,3,"[""https://www.ulta.com/p/studio-perfect-color-correcting-primer-in-green-xlsImpprod3280313"", ""https://www.ulta.com/p/studio-perfect-color-correcting-primer-in-lavender-xlsImpprod3280315"", ""https://www.ulta.com/p/studio-perfect-face-primer-in-clear-xlsImpprod3280311""]"
this did nothing to correct my redness etc glad i only bought the travel size,2,2,"[""https://www.ulta.com/p/one-step-correct-brightening-correcting-primer-xlsImpprod2390219"", ""https://www.ulta.com/p/travel-size-one-step-correct-brightening-correcting-primer-xlsImpprod16451215""]"
"this does not even break down my makeup. i have tried to use this as a double cleanse, but this does not even cut through my eye makeuo or my foundation if i use primer. however, i do use waterproof mascara. i started just using this after a no makeup day because it is moisturizing and kind of helps with removing sunscreen.",2,2,"[""https://www.ulta.com/p/pro-collagen-cleansing-balm-xlsImpprod18731145"", ""https://www.ulta.com/p/travel-size-pro-collagen-cleansing-balm-pimprod2004741""]"
this does not work at all unless there is a secret way to use this which not on any instructions or just does not work.,2,2,"[""https://www.ulta.com/p/lash-clean-oil-free-makeup-remover-pimprod2018008"", ""https://www.ulta.com/p/travel-size-lash-clean-oil-free-makeup-remover-pimprod2018009""]"
this gives a nice peachy glow to my cheeks; soft and subtle.,2,2,"[""https://www.ulta.com/p/wanderful-world-silky-soft-powder-blush-mini-xlsImpprod13741141"", ""https://www.ulta.com/p/wanderful-world-silky-soft-powder-blush-xlsImpprod820350""]"
this glow primer brightens my complexion under my liquid foundation. it gives my skin a healthy glow.,2,2,"[""https://www.ulta.com/p/photo-finish-illuminate-glow-primer-pimprod2030497"", ""https://www.ulta.com/p/travel-size-photo-finish-illuminate-glow-primer-pimprod2032764""]"
this goes on clear with small beads that change to fit yiur skin tone perfectly. its what i wear when i want to feel like im wearing nothing. i love it and it rates high on my yucca app. love this a lot and i change foundations often. im 32,2,2,"[""https://www.ulta.com/p/cc-water-with-hyaluronic-acid-pimprod2025143"", ""https://www.ulta.com/p/travel-size-cc-water-with-hyaluronic-acid-pimprod2025144""]"
"this hands down is my summer go to tinted moisturizer. sometimes i add a pump of foundation into it if i'm looking for a little bit more coverage. keeps my skin hydrated. gives the look like i'm not wearing makeup but just have a beautiful even skin tone. i wear this and a little bit of eyebrow pencil and i'm good. like i said if i need more coverage i add a pump or two of foundation, which mixes well with all foundations. i like that there is some sunblock in it for days it's not super hot i don't add sunblock under my makeup. i saw a lot of reviews saying it broke them out, i have not had that problem. i also wash my face every night and put on face oil, no problem. in the morning i usually use a light water cream moisturizer. highly recommend! i have middle-aged skin with discoloration no texture or wrinkles but i do have bigger pores. i continually purchase and stock up when it's on sale 10 out of 10.",2,2,"[""https://www.ulta.com/p/halo-healthy-glow-tinted-moisturizer-broad-spectrum-spf-25-pimprod2016307"", ""https://www.ulta.com/p/mini-halo-healthy-glow-tinted-moisturizer-broad-spectrum-spf-25-pimprod2033372""]"
this has a nice classic package and no scent. the texture is silky smooth the coverage is gorgeous. it is so beautiful and the sunlight there's illuminating and the ingredients are gorgeous.,3,3,"[""https://www.ulta.com/p/bronzing-blendrops-spf-40-priming-drops-pimprod2043859"", ""https://www.ulta.com/p/illuminizing-blendrops-spf-40-priming-drops-pimprod2043861"", ""https://www.ulta.com/p/perfecting-blendrops-spf-40-priming-drops-pimprod2043860""]"
"this has an intense floral smell that stays with you for a while. i am not a fan of my skincare - particular skincare meant to be absorbed - that has heavy perfumes. on top of that, my sunscreen and product pills on top of this. it didn't matter if i put a ton of the moisturizer on and then product immediately after or is inised sparingly and waited an hour. it always pills. lastly, i don't see how this is also a primer. it looks like regular moisturizer on my face.",2,2,"[""https://www.ulta.com/p/mini-vitamin-enriched-face-base-moisturizer-primer-with-vitamin-c-hyaluronic-acid-pimprod2025025"", ""https://www.ulta.com/p/vitamin-enriched-face-base-moisturizer-primer-with-vitamin-c-hyaluronic-acid-pimprod2025028""]"
"this has incredible coverage &amp; unlike other reviews, i love the consistency. a mere drop of product is enough for both eyes. but it settles into such horrible creases which prevents it from being the perfect concealer. pls send helpful tips!",2,2,"[""https://www.ulta.com/p/bye-bye-under-eye-full-coverage-anti-aging-waterproof-concealer-xlsImpprod5770259"", ""https://www.ulta.com/p/travel-size-bye-bye-under-eye-full-coverage-anti-aging-waterproof-concealer-xlsImpprod12871043""]"
"this helped tone down my redness a bit but i didn't like how oily it felt while applying, i will say that once it settled it felt really nice on my skin. i noticed a tad bit difference in the redness on my face but did not think it was overly amazing at correcting redness. it is a nice primer but may look at something thicker",3,3,"[""https://www.ulta.com/p/studio-perfect-color-correcting-primer-in-green-xlsImpprod3280313"", ""https://www.ulta.com/p/studio-perfect-color-correcting-primer-in-lavender-xlsImpprod3280315"", ""https://www.ulta.com/p/studio-perfect-face-primer-in-clear-xlsImpprod3280311""]"
this is a great primer for minimizing pores and making your face look smooth and flawless. i really liked the way it felt when first applied and it helped my makeup stay on all day. my only complaint is that it seemed to clog my pores which make sense since its goal is to smooth out your pores but i've noticed more blackheads since using this primer.,2,2,"[""https://www.ulta.com/p/photo-finish-resurface-primer-with-glycolic-acid-pimprod2044509"", ""https://www.ulta.com/p/travel-size-photo-finish-resurface-primer-with-glycolic-acid-pimprod2044511""]"
this is a great primer. goes on smooth.,2,2,"[""https://www.ulta.com/p/photo-finish-illuminate-glow-primer-pimprod2030497"", ""https://www.ulta.com/p/travel-size-photo-finish-illuminate-glow-primer-pimprod2032764""]"
this is a great product for the money. will be buying this powder again.,4,4,"[""https://www.ulta.com/p/bake-set-soft-focus-setting-powder-pimprod2009225"", ""https://www.ulta.com/p/jumbo-bake-set-soft-focus-setting-powder-pimprod2043957"", ""https://www.ulta.com/p/mini-bake-set-soft-focus-setting-powder-pimprod2043959"", ""https://www.ulta.com/p/totally-set-mini-brighten-set-powder-duo-pimprod2043963""]"
this is a great purchase!,2,2,"[""https://www.ulta.com/p/smooth-affair-facial-primer-brightener-pimprod2004113"", ""https://www.ulta.com/p/smooth-affair-mattifying-face-primer-pimprod2033620""]"
"this is a great tinted moisturizer with spf and i have been using it almost daily since last summer. it evens out my skin tone, leaving it looking healthy and fresh without feeling heavy. the finish is a very subtle glow.",2,2,"[""https://www.ulta.com/p/halo-healthy-glow-tinted-moisturizer-broad-spectrum-spf-25-pimprod2016307"", ""https://www.ulta.com/p/mini-halo-healthy-glow-tinted-moisturizer-broad-spectrum-spf-25-pimprod2033372""]"
this is a lightweight product that does the job it says it will. it doesn't settle in pores either. i usually let it dry before applying foundation.,2,2,"[""https://www.ulta.com/p/blurring-moisturizing-filter-primer-pimprod2024916"", ""https://www.ulta.com/p/supersize-blurring-moisturizing-filter-primer-pimprod2024917""]"
"this is a new type of product to me, but i'm a fan! i combined this with my normal serum and applied it to my face right after i washed! then i continued with my normal skincare and daily makeup routine and it was perfect! i love that it's got spf40. so this will be a perfect addition to my summer skincare.",3,3,"[""https://www.ulta.com/p/bronzing-blendrops-spf-40-priming-drops-pimprod2043859"", ""https://www.ulta.com/p/illuminizing-blendrops-spf-40-priming-drops-pimprod2043861"", ""https://www.ulta.com/p/perfecting-blendrops-spf-40-priming-drops-pimprod2043860""]"
this is a pricey product and as a primer i was disappointed in it. it doesn't give the blue effect i had hoped for.,2,2,"[""https://www.ulta.com/p/blurring-moisturizing-filter-primer-pimprod2024916"", ""https://www.ulta.com/p/supersize-blurring-moisturizing-filter-primer-pimprod2024917""]"
"this is a quality product that works! the peach corrector covers my dark spots and works well with my other makeup. just a dab is needed. while it's not a deal breaker, i dislike the applicator, but it was easy to remove.",2,2,"[""https://www.ulta.com/p/hd-pro-corrector-concealer-pimprod2022723"", ""https://www.ulta.com/p/lightweight-hd-pro-creamy-concealer-xlsImpprod15711051""]"
this is a true hidden gem from covergirl! this bronzer is buttery smooth and blends well onto the skin. it does have a shimmer to it so if you're looking for a matte bronzer this isn't it. the tone is more warm and leaves a beautiful glow!,2,2,"[""https://www.ulta.com/p/trublend-so-flushed-high-pigment-blush-pimprod2016942"", ""https://www.ulta.com/p/trublend-so-flushed-high-pigment-bronzer-pimprod2017123""]"
"this is a truly great bronzer. i've tried a few others in the past and didn't like how they looked too dark or sometimes muddy. this bronzer has a very fine texture and blends out like a dream. i did receive this product as a free sample, but i won't hesitate to purchase when this is used. this is definitely worth trying. i have a light complexion and it worked very well.",2,2,"[""https://www.ulta.com/p/laguna-bronzer-powder-talc-free-pimprod2038440"", ""https://www.ulta.com/p/mini-laguna-bronzer-powder-talc-free-pimprod2038438""]"
this is a very good primer it makes my makeup stay on longer!,2,2,"[""https://www.ulta.com/p/mini-prime-time-original-pore-minimizing-primer-pimprod2039236"", ""https://www.ulta.com/p/prime-time-original-pore-minimizing-primer-pimprod2036786""]"
this is absolutely hands down the best balm out there. i know it is a little expensive but i think it is 100% worth it. i do not wear makeup a lot but when i do this is my go to. it removes everything without anything being left behind. i let my mother and sister use it as well. now it is in their routine. the container is very large as well and a little bit goes a long way. so i can say this last a very long time for me. even when i was wearing makeup everyday.,2,2,"[""https://www.ulta.com/p/pro-collagen-cleansing-balm-xlsImpprod18731145"", ""https://www.ulta.com/p/travel-size-pro-collagen-cleansing-balm-pimprod2004741""]"
this is an amazing product. it quickly neutralizes any red and blends easily.,2,2,"[""https://www.ulta.com/p/photo-finish-correct-anti-redness-primer-pimprod2030499"", ""https://www.ulta.com/p/travel-size-photo-finish-correct-anti-redness-primer-pimprod2032763""]"
"this is an amazing skin perfecting primer, it's a lightweight, oil free, &amp; velvety smooth primer. it's a clear gel formula that melts on contact with skin. it helps to erase pores and smooth out lines and uneven texture. i use a pea sized amount, rub it between my fingers warming it up. and then i use rubbing and tapping motions to apply. it helps to make your makeup go on easily, stay fresh, and last longer. it's a silicone based formula and i love using it when i want my makeup to last all day &amp; you can also wear it alone too. i little goes a long way, you really can stretch this formula to cover more of your skin. it's an antioxidant blend with vitamins a&amp;e, grapeseed extract, and green tea. im a big fan of this primer and i think if you try it yourself you will see why its their number one selling primer.",2,2,"[""https://www.ulta.com/p/original-photo-finish-smooth-blur-oil-free-primer-xlsImpprod3590041"", ""https://www.ulta.com/p/travel-size-original-photo-finish-smooth-blur-oil-free-primer-pimprod2033047""]"
"this is an underrated concealer imo. this is easily med-full coverage and builds to actual full. most actual full coverage concealers are so cakey on my dryyy textured skin (yes i prep--what part of ""dryyy"" don't you understand?) that i just can't walk out the door in them. this was amazingly smooth and easy and did not cake on first application, and caked slightly (but easily fixable) when building to maximum coverage. i have tried everything from shape tape (dry/cakey) to nars creamy (not enough coverage) to elf camo (almost ok, but not quite). they all crud up on me eventually--some within an hour. this is the smoothest finish concealer that gives actual coverage that i have ever tried. i often use it as foundation because you get a lot, and it's usually on sale somewhere. it is better than both of juvia's foundations--i wish they would just sell it by the vat and relaunch it. dry skin girlies need to find this!",2,2,"[""https://www.ulta.com/p/i-am-magic-concealer-pimprod2006835"", ""https://www.ulta.com/p/i-am-magic-mini-concealer-pimprod2026783""]"
"this is great over cream contour, ive been using it for years! smells great too!",2,2,"[""https://www.ulta.com/p/butter-bronzer-murumuru-butter-bronzer-xlsImpprod13621011"", ""https://www.ulta.com/p/matte-monoi-butter-bronzer-pimprod2021750""]"
"this is like mac fix + in the way it helps melt all the powders, but it actually sets makeup. the mist is a true mist which i do find myself putting on more than i need to because of this, but i don't mind. this does give you a natural finish. so for normal, dry, or aspiring glowy skin, this is for you. otherwise, you will dislike this. (try milani's). my makeup lasts a long time with this while making me look natural and glowy. if you use a lot of creams without much powder, this won't be your fix. you're going to still have to use powder to an extent. i spray, let it dry, then pat my face with a rag to help with transfer and i'm good from sunrise to late night!",2,2,"[""https://www.ulta.com/p/continuous-setting-mist-xlsImpprod18351117"", ""https://www.ulta.com/p/mini-continuous-setting-mist-pimprod2017654""]"
this is multitasking at its best. skin care +primer+foundation +spf all in one step. a little goes a long way. i apply with fingers but you can also use a sponge or brush. the consistency is a little on the thick side but it really is amazing.,2,2,"[""https://www.ulta.com/p/cc-cream-with-spf-50-xlsImpprod5770257"", ""https://www.ulta.com/p/mini-cc-cream-with-spf-50-pimprod2013015""]"
this is my favorite benefit primer!,2,2,"[""https://www.ulta.com/p/porefessional-lite-ultra-lightweight-face-primer-mini-pimprod2029931"", ""https://www.ulta.com/p/porefessional-lite-ultra-lightweight-face-primer-pimprod2029932""]"
this is my favorite pink setting powder. it helps add a layer of brightness and it's a smooth creamy finish that doesnt leave creasing. i normally have oily skin and can crease a lot but this doesnt do that at all.,4,4,"[""https://www.ulta.com/p/bake-set-soft-focus-setting-powder-pimprod2009225"", ""https://www.ulta.com/p/jumbo-bake-set-soft-focus-setting-powder-pimprod2043957"", ""https://www.ulta.com/p/mini-bake-set-soft-focus-setting-powder-pimprod2043959"", ""https://www.ulta.com/p/totally-set-mini-brighten-set-powder-duo-pimprod2043963""]"
"this is my first time getting a color corrector and its really good! im darkkin so i got the orange one and it has good pigment, you can see it color correct right away. and it dries fairly quickly on your so it doesn't mix in with your foundation, though i still recommend waiting for it to dry or using a fan just in case. the only problem for me is the applicator, you cant really tell if you squeezed out too much so be careful when squeezing.",2,2,"[""https://www.ulta.com/p/hd-pro-corrector-concealer-pimprod2022723"", ""https://www.ulta.com/p/lightweight-hd-pro-creamy-concealer-xlsImpprod15711051""]"
this is my go to makeup remover! it cleanses and removes even waterproof makeup! i love the rose cleansing balm the best!,2,2,"[""https://www.ulta.com/p/pro-collagen-cleansing-balm-xlsImpprod18731145"", ""https://www.ulta.com/p/travel-size-pro-collagen-cleansing-balm-pimprod2004741""]"
"this is my holy grail ride or die primer i always reach for. by using this one, i get the added hydration i do not need from an extra moisturizer prior to adding a primer. but i also get the results of a primer and moisturizer in one! it has no scent and it a gel-like texture that sinks into the skin quickly. it's the only one i use these days and i have normal to dry skin and works beautifully all year long. i have zero pilling with this as well with various foundations and skin tints.",2,2,"[""https://www.ulta.com/p/photo-finish-primerizer-hydrating-primer-with-hyaluronic-acid-pimprod2030498"", ""https://www.ulta.com/p/travel-size-photo-finish-primerizer-hydrating-primer-with-hyaluronic-acid-pimprod2032761""]"
this is my only go to in compact foundations. blends nicely. i have very oily skin and this is the only compact powder the sits well and gives full coverage. love this. i recommend to all my friends.,2,2,"[""https://www.ulta.com/p/double-wear-stay-in-place-matte-powder-foundation-makeup-pimprod2031254"", ""https://www.ulta.com/p/double-wear-stay-in-place-matte-powder-foundation-refill-pimprod2031253""]"
"this is my second purchase of this powder. it is colorless, so it doesn't change foundation color and it prevents it from oxidizing. it has a pretty, natural finish.",2,2,"[""https://www.ulta.com/p/mineral-veil-setting-powder-VP11355"", ""https://www.ulta.com/p/tinted-mineral-veil-setting-powder-prod110002""]"
this is one of my favorite bronzers! it applies super fast and blends like a cream. it melts and leaves you with a realistic looking tan. i also think this is such a believable shade. it could be used as both a contour and a bronzer because it isn't too orange.,2,2,"[""https://www.ulta.com/p/laguna-bronzer-powder-talc-free-pimprod2038440"", ""https://www.ulta.com/p/mini-laguna-bronzer-powder-talc-free-pimprod2038438""]"
"this is one of my go to products. easily a fave, have to go back and get more when i run out.",2,2,"[""https://www.ulta.com/p/one-step-correct-brightening-correcting-primer-xlsImpprod2390219"", ""https://www.ulta.com/p/travel-size-one-step-correct-brightening-correcting-primer-xlsImpprod16451215""]"
"this is one of the best bronze i have used so far, since i wear makeup everyday for me it was perfect",2,2,"[""https://www.ulta.com/p/laguna-bronzer-powder-talc-free-pimprod2038440"", ""https://www.ulta.com/p/mini-laguna-bronzer-powder-talc-free-pimprod2038438""]"
"this is one of the worst products i've ever used. it doesn't spread easily, leaving the skin streaky, no matter how little or how much is used. it certainly didn't blend in with my skin tone.. and i got the exact color for my skin. low end, drugstore products work better than this super expensive product. save your money!!!",2,2,"[""https://www.ulta.com/p/cc-water-with-hyaluronic-acid-pimprod2025143"", ""https://www.ulta.com/p/travel-size-cc-water-with-hyaluronic-acid-pimprod2025144""]"
"this is simply my favorite product ever. it replaces my eye shadow, blush and lipstick. they fit neatly on the skin and look expensive. the color is just my favorite - soft rose, very rich. the finish seems matte and the color lasts quite a long time. overall, i'm happy that i discovered this product.",2,2,"[""https://www.ulta.com/p/cream-powder-blurring-blush-stick-pimprod2045569"", ""https://www.ulta.com/p/cream-stick-blush-with-brush-applicator-pimprod2026378""]"
"this is such a nice, subtle inner corner highlight for something more natural and cute! its not for the glam girls reallg but more for a brightening effect- ive seen when i put it in the inner corners that the pinky-ness appears as you pack it on, which makes my eyes seem more awake! though, for darker tones i would def try inner corners! or try a light veil on the cheeks for a slight dew, though- packing it on too much on the cheeks (will appear a bit chalky considering the base of the highlight is a white pale base with the pinky highlight mixed in) overall, great highlight for pale to light medium skin tones, just be careful on packing too much on thr cheeks if you are light medium and darker!",2,2,"[""https://www.ulta.com/p/dandelion-twinkle-soft-nude-pink-powder-highlighter-mini-xlsImpprod17971039"", ""https://www.ulta.com/p/dandelion-twinkle-soft-nude-pink-powder-highlighter-xlsImpprod15771001""]"
"this is such a wonderful product. i had purchased another brand's version of this about 10 years ago and at that time paid over twice the current cost of wet n wild's product for about half the size. wet n wild's product is every bit as good and i can enjoy using it as i never need to feel that i should ""stretch it out"" due to cost. it is so blendable, so natural looking, creamy and the shade is awesome.",2,2,"[""https://www.ulta.com/p/megaglo-makeup-stick-blush-xlsImpprod16731045"", ""https://www.ulta.com/p/megaglo-makeup-stick-pimprod2043772""]"
this is that girl🥰 wow....love love love this tint....wowwwwww,2,2,"[""https://www.ulta.com/p/hide-peek-concealer-pimprod2024755"", ""https://www.ulta.com/p/hint-hint-skin-tint-pimprod2017569""]"
"this is the 4 th elemis cleansing balm i have purchased ( from different locations) in the last 7 months. it does not matter what "" scent "" i get or where i purchase it from all the jars are barely half full. an elemis problem . have contacted them never a reply. have been using elemis for many years . they are pricey. i do not mind paying if i get what i paid for. ready to purchase a marine cream but will not due to this. time to move on. it is happening too often",2,2,"[""https://www.ulta.com/p/pro-collagen-cleansing-balm-xlsImpprod18731145"", ""https://www.ulta.com/p/travel-size-pro-collagen-cleansing-balm-pimprod2004741""]"
this is the balm,2,2,"[""https://www.ulta.com/p/pro-collagen-cleansing-balm-xlsImpprod18731145"", ""https://www.ulta.com/p/travel-size-pro-collagen-cleansing-balm-pimprod2004741""]"
"this is the best cleanser i have ever used. i love the way it leaves my face so soft and totally clean. it works beautifully on my ""senior"" skin.",2,2,"[""https://www.ulta.com/p/take-day-off-cleansing-balm-makeup-remover-mini-xlsImpprod18791009"", ""https://www.ulta.com/p/take-day-off-cleansing-balm-makeup-remover-xlsImpprod11771009""]"
"this is the best one i have used! my face got hydrated after using it, especially in winter.",2,2,"[""https://www.ulta.com/p/mini-vitamin-enriched-face-base-moisturizer-primer-with-vitamin-c-hyaluronic-acid-pimprod2025025"", ""https://www.ulta.com/p/vitamin-enriched-face-base-moisturizer-primer-with-vitamin-c-hyaluronic-acid-pimprod2025028""]"
this is the best primer! formula actually fills pores and covers flaws! silky finish. love it!,2,2,"[""https://www.ulta.com/p/porefessional-pore-minimizing-primer-mini-xlsImpprod10141042"", ""https://www.ulta.com/p/porefessional-pore-minimizing-primer-xlsImpprod2290003""]"
"this is the best setting spray i have tried on my oily 45-year-old skin, and i've tried many. super fine mist, dries quickly, and keeps excess oil at bay without looking too matte. will buy this as long as they keep making it.",2,2,"[""https://www.ulta.com/p/porefessional-super-setter-long-lasting-makeup-setting-spray-mini-pimprod2040598"", ""https://www.ulta.com/p/porefessional-super-setter-long-lasting-makeup-setting-spray-pimprod2020913""]"
this is the first primer i actually really like. i dont use foundation or any heavy makeup but i do use pressed powder on top of this with a little bit of blush and it does great. i have the kitten version of this primer and i love the subtle glitter in it. its the perfect amount to be noticeable but not excessive and comes off really easy with micellar water. i would def buy this again.,2,2,"[""https://www.ulta.com/p/one-step-correct-brightening-correcting-primer-xlsImpprod2390219"", ""https://www.ulta.com/p/travel-size-one-step-correct-brightening-correcting-primer-xlsImpprod16451215""]"
"this is the second one i've purchased and i love it. it feels so light on my skin, the colour match is perfect. it covers up imperfections and leaves a glowing finish. i received a free sample of the cc eye wish i also loved and have purchased a full size version. can't see me ever changing brands. i love it",2,2,"[""https://www.ulta.com/p/cc-water-with-hyaluronic-acid-pimprod2025143"", ""https://www.ulta.com/p/travel-size-cc-water-with-hyaluronic-acid-pimprod2025144""]"
"this is the winner of all. especially during summer. i use the spf under it and then use the primer as my foundation. it looks natural and im protected from the sun with the spf. tula will forever he my go to brand. love love love the primer. definitely give it a shot. keep in mind, if you don't properly take care of your face and moisturize it daily, your skin will not work with any foundation like you want it to. just like a painting, you have to prime the canvas. take care of your skin and love yourself just the way you are.",2,2,"[""https://www.ulta.com/p/blurring-moisturizing-filter-primer-pimprod2024916"", ""https://www.ulta.com/p/supersize-blurring-moisturizing-filter-primer-pimprod2024917""]"
this is the worst contour stick ever. dont waste your money on it just because it seems affordable. it definitely isn't as dark as it looks in the picture. so disappointing...,2,2,"[""https://www.ulta.com/p/velvet-contour-bronzer-stick-pimprod2040056"", ""https://www.ulta.com/p/velvet-contour-stick-blush-pimprod2040099""]"
this is truly a holy grail staple product in my kit! it's amazing for sensitive skin. not only that it leaves the face with a subtle and hydrating glow for amazing makeup application or just by itself!,2,2,"[""https://www.ulta.com/p/mini-vitamin-enriched-face-base-moisturizer-primer-with-vitamin-c-hyaluronic-acid-pimprod2025025"", ""https://www.ulta.com/p/vitamin-enriched-face-base-moisturizer-primer-with-vitamin-c-hyaluronic-acid-pimprod2025028""]"
this isnt the original formula. i feel like bare minerals wants to go out of business. this formula is herendous. sticky and you can no longer spread your powder foundation.,2,2,"[""https://www.ulta.com/p/mini-prime-time-original-pore-minimizing-primer-pimprod2039236"", ""https://www.ulta.com/p/prime-time-original-pore-minimizing-primer-pimprod2036786""]"
"this item has bismuth oxychloride - which is known to cause cystic acne in some people. unfortunately, i am 'some people'. i didn't see it on the package prior to purchasing because there were so many ingredients that i missed the tiny arrow that tells you it continues onto the other side of the package where, sure enough, bismuth oxychloride is listed. if you have sensitive skin or break out easily, i highly recommend you skip this product. i wore it twice and my skin is completely broken ou",2,2,"[""https://www.ulta.com/p/halo-healthy-glow-tinted-moisturizer-broad-spectrum-spf-25-pimprod2016307"", ""https://www.ulta.com/p/mini-halo-healthy-glow-tinted-moisturizer-broad-spectrum-spf-25-pimprod2033372""]"
"this item has bismuth oxycholoride - which is known to cause cystic acne in some people. unfortunately, i am 'some people'. i didn't see it on the package prior to purchasing because there were so many ingredients that i missed the tiny arrow that tells you it continues onto the other side of the package where, sure enough, bismuth oxychloride is listed. if you have sensitive skin or break out easily, i highly recommend you skip this product. i wore it twice and my skin is completely broken out.",2,2,"[""https://www.ulta.com/p/halo-healthy-glow-tinted-moisturizer-broad-spectrum-spf-25-pimprod2016307"", ""https://www.ulta.com/p/mini-halo-healthy-glow-tinted-moisturizer-broad-spectrum-spf-25-pimprod2033372""]"
"this looks so pretty upon first application but i cannot get the product to stay on my face. i've tried setting powders, primers and sprays but nothing works. after a short while, the product slides off my face.",2,2,"[""https://www.ulta.com/p/cc-cream-with-spf-50-xlsImpprod5770257"", ""https://www.ulta.com/p/mini-cc-cream-with-spf-50-pimprod2013015""]"
this makeup remover is the best. i don't love having to dip my fingers into a jar and warm it up so i wish the oil version worked as good. but there is simply nothing that can get my skin so clean before using a water based cleanser.,2,2,"[""https://www.ulta.com/p/take-day-off-cleansing-balm-makeup-remover-mini-xlsImpprod18791009"", ""https://www.ulta.com/p/take-day-off-cleansing-balm-makeup-remover-xlsImpprod11771009""]"
this picture was after a workout! it works really well. feels light on the skin and does seem to smooth the texture of my skin. i've now started using it everyday. gives my makeup good coverage and if you don't where makeup it still smooths.,2,2,"[""https://www.ulta.com/p/photo-finish-resurface-primer-with-glycolic-acid-pimprod2044509"", ""https://www.ulta.com/p/travel-size-photo-finish-resurface-primer-with-glycolic-acid-pimprod2044511""]"
this powder foundation works great! i had a wedding recently and i needed a powder to help with oil comtrol! this powder did just that! i used it during the wedding for oil control and it also has a beautiful matte finish! what a great foundation!,2,2,"[""https://www.ulta.com/p/double-wear-stay-in-place-matte-powder-foundation-makeup-pimprod2031254"", ""https://www.ulta.com/p/double-wear-stay-in-place-matte-powder-foundation-refill-pimprod2031253""]"
this powder is brown girl friendly and no flashback. also good for dry and combination skin. i had to return it because it was causing headaches minutes after applying and after id wipe it off it went away.,4,4,"[""https://www.ulta.com/p/bake-set-soft-focus-setting-powder-pimprod2009225"", ""https://www.ulta.com/p/jumbo-bake-set-soft-focus-setting-powder-pimprod2043957"", ""https://www.ulta.com/p/mini-bake-set-soft-focus-setting-powder-pimprod2043959"", ""https://www.ulta.com/p/totally-set-mini-brighten-set-powder-duo-pimprod2043963""]"
"this powder is good, very easy to use. it absorbs oil. after using it, the face is not greasy. it is like taking essence with it. it is very moist, very easy to use, very comfortable, and does not block the powder. we will continue to repurchase.",2,2,"[""https://www.ulta.com/p/double-wear-stay-in-place-matte-powder-foundation-makeup-pimprod2031254"", ""https://www.ulta.com/p/double-wear-stay-in-place-matte-powder-foundation-refill-pimprod2031253""]"
"this powder was recommended to me as someone with especially dry skin. when it gets over-dry, i breake out. unfortunately, this has to be the worst powder i've used in my life. it's advertised as translucent, but turns my fair skin orange. it's super patchy too. it sticks to my foundation, then it all crumbles off and looks pretty awful. wish i hadn't bought this :/",2,2,"[""https://www.ulta.com/p/mineral-veil-setting-powder-VP11355"", ""https://www.ulta.com/p/tinted-mineral-veil-setting-powder-prod110002""]"
"this primer blurred my pores very well and i love how it sits under makeup. it does feel a bit waxy, oily, and slightly heavy but the blurring it has makes it worth it for me, but it is very pricey. i would look for a blurring primer thats cheaper",2,2,"[""https://www.ulta.com/p/original-photo-finish-smooth-blur-oil-free-primer-xlsImpprod3590041"", ""https://www.ulta.com/p/travel-size-original-photo-finish-smooth-blur-oil-free-primer-pimprod2033047""]"
this primer glides on smoothly and creates a great canvas for my foundation .,2,2,"[""https://www.ulta.com/p/photo-finish-primerizer-hydrating-primer-with-hyaluronic-acid-pimprod2030498"", ""https://www.ulta.com/p/travel-size-photo-finish-primerizer-hydrating-primer-with-hyaluronic-acid-pimprod2032761""]"
"this primer goes on smoothly, isn't dry or greasy. it is the perfect consistency. would recommend",2,2,"[""https://www.ulta.com/p/hangover-replenishing-face-primer-xlsImpprod10751024"", ""https://www.ulta.com/p/travel-size-hangover-replenishing-face-primer-pimprod2031193""]"
this primer is a little watery but i mix it with my foundation and goes on smoothly on my skin.,2,2,"[""https://www.ulta.com/p/photo-finish-primerizer-hydrating-primer-with-hyaluronic-acid-pimprod2030498"", ""https://www.ulta.com/p/travel-size-photo-finish-primerizer-hydrating-primer-with-hyaluronic-acid-pimprod2032761""]"
"this primer is amazing and i absolutely love that it has skincare benefits as it is on your skin! as someone that has issues with textured skin, i am always afraid to put extra makeup on such as primer. knowing that the primer is also exfoliating my skin as i'm wearing it gives me confidence that it won't break me out. it smooths any dry patches i have and you can even use it to ""spot"" prime. love it! this product was sent to me in exchange for my honest opinion from influenster.",2,2,"[""https://www.ulta.com/p/photo-finish-resurface-primer-with-glycolic-acid-pimprod2044509"", ""https://www.ulta.com/p/travel-size-photo-finish-resurface-primer-with-glycolic-acid-pimprod2044511""]"
this primer is amazing! sometimes i get peeling near my forehead and nose. its a good primer.,3,3,"[""https://www.ulta.com/p/facestudio-master-prime-blur-pore-minimize-primer-xlsImpprod18351169"", ""https://www.ulta.com/p/facestudio-master-prime-blur-redness-control-primer-xlsImpprod11861005"", ""https://www.ulta.com/p/facestudio-master-prime-blur-smooth-primer-xlsImpprod11861001""]"
this primer is comparable to the smashbox primer.it makes my makeup so smooth and last the entire 12hr work day,3,3,"[""https://www.ulta.com/p/studio-perfect-color-correcting-primer-in-green-xlsImpprod3280313"", ""https://www.ulta.com/p/studio-perfect-color-correcting-primer-in-lavender-xlsImpprod3280315"", ""https://www.ulta.com/p/studio-perfect-face-primer-in-clear-xlsImpprod3280311""]"
this primer is excellent for dry skin. my face has dry patches probably due to pre-menopausal effects. i was skeptical bc nothing else helped when putting on foundation bc other primers instantly extenuated the dry patches but not this primer. a little goes a long way!,2,2,"[""https://www.ulta.com/p/photo-finish-primerizer-hydrating-primer-with-hyaluronic-acid-pimprod2030498"", ""https://www.ulta.com/p/travel-size-photo-finish-primerizer-hydrating-primer-with-hyaluronic-acid-pimprod2032761""]"
"this primer is my new 'holy grail' for dry skin. i have horrible dry, flaky skin and this primer makes my skin stay hydrated and my makeup go on so much better. highly recommend.",2,2,"[""https://www.ulta.com/p/photo-finish-primerizer-hydrating-primer-with-hyaluronic-acid-pimprod2030498"", ""https://www.ulta.com/p/travel-size-photo-finish-primerizer-hydrating-primer-with-hyaluronic-acid-pimprod2032761""]"
"this primer is now in my top five. it's amazing. it's think but also feels strangely like butter once rubbed in. kept my skin super hydrated. best part is, my makeup stayed in place all day",2,2,"[""https://www.ulta.com/p/photo-finish-resurface-primer-with-glycolic-acid-pimprod2044509"", ""https://www.ulta.com/p/travel-size-photo-finish-resurface-primer-with-glycolic-acid-pimprod2044511""]"
this primer is really good! really made my skin look super soft and it also made my face feel a little refreshed and i love that! high recommend. try it!!,2,2,"[""https://www.ulta.com/p/photo-finish-resurface-primer-with-glycolic-acid-pimprod2044509"", ""https://www.ulta.com/p/travel-size-photo-finish-resurface-primer-with-glycolic-acid-pimprod2044511""]"
this primer is so good! i have acne prone skin &amp; it hasn't affected me despite the smell. it blurs my pores &amp; it's such a great water based option. 2 cons though: 1.) you have to pump the product upside down for it to work well 2.) the smell is not the best. but over all it's a hreat product,2,2,"[""https://www.ulta.com/p/blurring-moisturizing-filter-primer-pimprod2024916"", ""https://www.ulta.com/p/supersize-blurring-moisturizing-filter-primer-pimprod2024917""]"
this primer is the absolute best! it meshes perfectly with my foundation! so glad that i stumbled across it on the ulta website and gave it a whirl!,3,3,"[""https://www.ulta.com/p/facestudio-master-prime-blur-pore-minimize-primer-xlsImpprod18351169"", ""https://www.ulta.com/p/facestudio-master-prime-blur-redness-control-primer-xlsImpprod11861005"", ""https://www.ulta.com/p/facestudio-master-prime-blur-smooth-primer-xlsImpprod11861001""]"
this primer is the best one for the bare minerals loose powder foundation.,2,2,"[""https://www.ulta.com/p/mini-prime-time-original-pore-minimizing-primer-pimprod2039236"", ""https://www.ulta.com/p/prime-time-original-pore-minimizing-primer-pimprod2036786""]"
"this primer really smooths my skin and reduces the appearance of pores, getting it ready for foundation. i got it as a sample and bought it right away and will continue to use it!",2,2,"[""https://www.ulta.com/p/porefessional-pore-minimizing-primer-mini-xlsImpprod10141042"", ""https://www.ulta.com/p/porefessional-pore-minimizing-primer-xlsImpprod2290003""]"
this primer works amazing on my combo skin . it's great at containing my oils . i love how well this makes my makeup look . it's texture is great and controls the shiny skin i have .,2,2,"[""https://www.ulta.com/p/photo-finish-control-mattifying-primer-pimprod2030521"", ""https://www.ulta.com/p/travel-size-photo-finish-control-mattifying-primer-with-salicylic-acid-pimprod2032762""]"
this product comes off easily and it doesn't last,2,2,"[""https://www.ulta.com/p/cc-cream-with-spf-50-xlsImpprod5770257"", ""https://www.ulta.com/p/mini-cc-cream-with-spf-50-pimprod2013015""]"
"this product continues to work every season winter spring summer and fall, and i will stay with it until it changes because it really works",2,2,"[""https://www.ulta.com/p/cc-cream-with-spf-50-xlsImpprod5770257"", ""https://www.ulta.com/p/mini-cc-cream-with-spf-50-pimprod2013015""]"
this product did not do anything for redness as advertised. very disappointed.,2,2,"[""https://www.ulta.com/p/photo-finish-correct-anti-redness-primer-pimprod2030499"", ""https://www.ulta.com/p/travel-size-photo-finish-correct-anti-redness-primer-pimprod2032763""]"
"this product does absolutely nothing for redness, but also does nothing as a primer. i do not recommend and would not buy again.",2,2,"[""https://www.ulta.com/p/photo-finish-correct-anti-redness-primer-pimprod2030499"", ""https://www.ulta.com/p/travel-size-photo-finish-correct-anti-redness-primer-pimprod2032763""]"
this product does exactly what i want it to do...remove the shine from my face for a period of time. is perfectly matte without feeling heavy or opaque.,2,2,"[""https://www.ulta.com/p/photo-finish-control-mattifying-primer-pimprod2030521"", ""https://www.ulta.com/p/travel-size-photo-finish-control-mattifying-primer-with-salicylic-acid-pimprod2032762""]"
this product doesn't do as much as it should. leaves the under eye area very dry looking.,4,4,"[""https://www.ulta.com/p/bake-set-soft-focus-setting-powder-pimprod2009225"", ""https://www.ulta.com/p/jumbo-bake-set-soft-focus-setting-powder-pimprod2043957"", ""https://www.ulta.com/p/mini-bake-set-soft-focus-setting-powder-pimprod2043959"", ""https://www.ulta.com/p/totally-set-mini-brighten-set-powder-duo-pimprod2043963""]"
this product for the price is well worth the purchase. the formula is creamy and the pigment payout is excellent. the contour stick is easy to blend and work with.,2,2,"[""https://www.ulta.com/p/velvet-contour-bronzer-stick-pimprod2040056"", ""https://www.ulta.com/p/velvet-contour-stick-blush-pimprod2040099""]"
"this product is a great primer and a cheaper alternative to smashbox primers. i have bought this product four times. it has a silicone texture. if you put too much on, it will cause some pillage so i recommend to start small, add more as you need, and spread well.",2,2,"[""https://www.ulta.com/p/studio-perfect-color-correcting-primer-in-lavender-xlsImpprod3280315"", ""https://www.ulta.com/p/studio-perfect-face-primer-in-clear-xlsImpprod3280311""]"
this product is amazing if you have big pores and a little goes a long way. i will definitely be buying again!,2,2,"[""https://www.ulta.com/p/porefessional-lite-ultra-lightweight-face-primer-mini-pimprod2029931"", ""https://www.ulta.com/p/porefessional-lite-ultra-lightweight-face-primer-pimprod2029932""]"
this product is an absolute nightmare to travel with! the lid sucks because it either breaks or falls off easily. i cant tell you how many times it broke in my makeup bag!!! i absolutley love the way this product applies and how it looks with my hydrating foundation. however its not worth the fuss of getting all over the rest of my makeup products/tools!! fix the lid pleaseee,2,2,"[""https://www.ulta.com/p/megaglo-makeup-stick-blush-xlsImpprod16731045"", ""https://www.ulta.com/p/megaglo-makeup-stick-pimprod2043772""]"
this product is great by itself or under makeup. i use it by itself over my moisturizer to give a cleaner look to my complexion. i use it under my makeup to help my makeup last longer.,2,2,"[""https://www.ulta.com/p/porefessional-pore-minimizing-primer-mini-xlsImpprod10141042"", ""https://www.ulta.com/p/porefessional-pore-minimizing-primer-xlsImpprod2290003""]"
this product is great for oily skin &amp; to keep you matte but it was smaller than expected for the price.,2,2,"[""https://www.ulta.com/p/photo-finish-control-mattifying-primer-pimprod2030521"", ""https://www.ulta.com/p/travel-size-photo-finish-control-mattifying-primer-with-salicylic-acid-pimprod2032762""]"
this product is great to clean eyelash extensions. although does not come up when searching eyelash shampoo . i found it in store . it doesn't dispense in foam but i just use an old bottle that pumps out foam would recommend,2,2,"[""https://www.ulta.com/p/lash-clean-oil-free-makeup-remover-pimprod2018008"", ""https://www.ulta.com/p/travel-size-lash-clean-oil-free-makeup-remover-pimprod2018009""]"
this product is great! it goes on really smooth and really works on redness!,2,2,"[""https://www.ulta.com/p/photo-finish-correct-anti-redness-primer-pimprod2030499"", ""https://www.ulta.com/p/travel-size-photo-finish-correct-anti-redness-primer-pimprod2032763""]"
this product is horrible don't buy does nothin for you waste of money .. purchase the makeup revolution for contour instead,2,2,"[""https://www.ulta.com/p/velvet-contour-bronzer-stick-pimprod2040056"", ""https://www.ulta.com/p/velvet-contour-stick-blush-pimprod2040099""]"
this product is horrible. not only does it completely dry out my face but it also makes my makeup smear and become blotchy.,2,2,"[""https://www.ulta.com/p/mineral-veil-setting-powder-VP11355"", ""https://www.ulta.com/p/tinted-mineral-veil-setting-powder-prod110002""]"
"this product is my premium setting spray, the best ever!!",2,2,"[""https://www.ulta.com/p/porefessional-super-setter-long-lasting-makeup-setting-spray-mini-pimprod2040598"", ""https://www.ulta.com/p/porefessional-super-setter-long-lasting-makeup-setting-spray-pimprod2020913""]"
this product is supposed to color correct but it does kot do that.,2,2,"[""https://www.ulta.com/p/studio-perfect-color-correcting-primer-in-lavender-xlsImpprod3280315"", ""https://www.ulta.com/p/studio-perfect-face-primer-in-clear-xlsImpprod3280311""]"
this product is the holy grail! i paired this with the elf super grip primer(i think that's the name) and my makeup last all day!!! i cried at graduation and pinning with this on and my makeup was perfect when it was time to remove it! i love sm!!,2,2,"[""https://www.ulta.com/p/continuous-setting-mist-xlsImpprod18351117"", ""https://www.ulta.com/p/mini-continuous-setting-mist-pimprod2017654""]"
"this product is very dry and basically ""falls off"" your face when you put it one. would not recommend",2,2,"[""https://www.ulta.com/p/porefessional-pore-minimizing-primer-mini-xlsImpprod10141042"", ""https://www.ulta.com/p/porefessional-pore-minimizing-primer-xlsImpprod2290003""]"
this product made my foundation (nars) come off. definitely not worth the money or hype to me.,2,2,"[""https://www.ulta.com/p/original-photo-finish-smooth-blur-oil-free-primer-xlsImpprod3590041"", ""https://www.ulta.com/p/travel-size-original-photo-finish-smooth-blur-oil-free-primer-pimprod2033047""]"
this product removes makeup very well however it irratates and burns eyes :(,2,2,"[""https://www.ulta.com/p/take-day-off-cleansing-balm-makeup-remover-mini-xlsImpprod18791009"", ""https://www.ulta.com/p/take-day-off-cleansing-balm-makeup-remover-xlsImpprod11771009""]"
"this realy works, i have patchy skin and this product totaly smoothed and blurred away the spots.",2,2,"[""https://www.ulta.com/p/blurring-moisturizing-filter-primer-pimprod2024916"", ""https://www.ulta.com/p/supersize-blurring-moisturizing-filter-primer-pimprod2024917""]"
"this si a gorgeous and very natural looking concealer. you do have to set it pretty quickly in order to keep it from creasing, but otherwise i absolutely love this. i don't normally wear any face makeup with it and it's still gorgeous.",2,2,"[""https://www.ulta.com/p/hide-peek-concealer-pimprod2024755"", ""https://www.ulta.com/p/hint-hint-skin-tint-pimprod2017569""]"
this skin tint is amazing. leaves you a natural look. just a couple of pea size drops and you are done! after sweating my skin looks even better! y truly recommend this morphe 2 skin tint. you won't be disappointed. i also loved the fact that this is exactly my skin tone (almond).,2,2,"[""https://www.ulta.com/p/hide-peek-concealer-pimprod2024755"", ""https://www.ulta.com/p/hint-hint-skin-tint-pimprod2017569""]"
this smashbox product is what i have have been looking for ! it smoothies out fine lines under our eye making your skin silky and a perfect palette for any kind of make up. originlly received a sample as a birthday gift promo and i am so thankful.,2,2,"[""https://www.ulta.com/p/original-photo-finish-smooth-blur-oil-free-primer-xlsImpprod3590041"", ""https://www.ulta.com/p/travel-size-original-photo-finish-smooth-blur-oil-free-primer-pimprod2033047""]"
"this spray literally doesnt do anythimg but make your face wet. when i get a setting spray, im wanting and expectig it to make my makeup not move.........",2,2,"[""https://www.ulta.com/p/continuous-setting-mist-xlsImpprod18351117"", ""https://www.ulta.com/p/mini-continuous-setting-mist-pimprod2017654""]"
this stuff does help conceal my redness on my cheeks and my chin due to acne. i like using this with another primer as it doesn't seem to be the best at making my foundation stay.,2,2,"[""https://www.ulta.com/p/photo-finish-correct-anti-redness-primer-pimprod2030499"", ""https://www.ulta.com/p/travel-size-photo-finish-correct-anti-redness-primer-pimprod2032763""]"
this stuff has oil control and spf 40 in it. just gives you such a natural glow. i mixed it with my nars foundation and baby the glow was real. a must have!!!,3,3,"[""https://www.ulta.com/p/bronzing-blendrops-spf-40-priming-drops-pimprod2043859"", ""https://www.ulta.com/p/illuminizing-blendrops-spf-40-priming-drops-pimprod2043861"", ""https://www.ulta.com/p/perfecting-blendrops-spf-40-priming-drops-pimprod2043860""]"
"this stuff is amazing. i love the matte look it gives. it lasts a long time and it blurs all of my imperfections. i have some dark spots and some rosacea and i usually have to use something really heavy to cover, which i don't like the feel of. this comes out a little thick looking, and you think is going to be really heavy, but it's not. at least to me. i used to use the cc cream, that comes out white and turns to your color match, but i think this one matches even better. thank you for making a great product!",2,2,"[""https://www.ulta.com/p/bb-cream-spf-20-pimprod2005693"", ""https://www.ulta.com/p/travel-size-bb-cream-spf-20-pimprod2015578""]"
"this stuff sucks. might as well be my niece's play make-up. you have to really put some elbow grease in to make it show any color on your face. i used to use the ulta baked bronzer, which was a similar price point, but that one was far and away better than this. i do not recommend this and will never buy it again.",2,2,"[""https://www.ulta.com/p/cheek-dew-hydrating-serum-blush-pimprod2027226"", ""https://www.ulta.com/p/pressed-powder-bronzer-pimprod2038313""]"
"this stuff works well but the smell is really awful! once my can is gone, ill go back to urban decays setting spray. it smells like a heavy, old womans perfume.",2,2,"[""https://www.ulta.com/p/continuous-setting-mist-xlsImpprod18351117"", ""https://www.ulta.com/p/mini-continuous-setting-mist-pimprod2017654""]"
"this texture, color and multi use product is the special sauce.pleased as punch! my hg for sure.",2,2,"[""https://www.ulta.com/p/nudies-matte-all-over-face-blush-color-xlsImpprod15581029"", ""https://www.ulta.com/p/nudies-matte-all-over-face-bronze-color-pimprod2036361""]"
"this tinted moisturizer is beautiful on the skin and very buildable but it broke me out so bad!! and usually no products break me out, but this did immediately and bad! it left me with undereye milia too. im so upset. not acne safe or noncomedogenic at all.",2,2,"[""https://www.ulta.com/p/halo-healthy-glow-tinted-moisturizer-broad-spectrum-spf-25-pimprod2016307"", ""https://www.ulta.com/p/mini-halo-healthy-glow-tinted-moisturizer-broad-spectrum-spf-25-pimprod2033372""]"
this was a gift,2,2,"[""https://www.ulta.com/p/maneater-blush-glow-cheek-plump-pimprod2028223"", ""https://www.ulta.com/p/shape-tape-ultra-creamy-concealer-pimprod2020889""]"
"this was a nightmare on me. didn't matter if i applied hydrating primer first, a little of the product or a lot. it was just all bad🥴. i had high hopes but they were dashed. glad it was cheap.",2,2,"[""https://www.ulta.com/p/hd-pro-corrector-concealer-pimprod2022723"", ""https://www.ulta.com/p/lightweight-hd-pro-creamy-concealer-xlsImpprod15711051""]"
"this was my go to blush. for some reason the pigment on the blush is gone. you can't really build it up. i don't understand, i've bought the blush with the new packaging before so i don't know why the new one has no pigment.",2,2,"[""https://www.ulta.com/p/wanderful-world-silky-soft-powder-blush-mini-xlsImpprod13741141"", ""https://www.ulta.com/p/wanderful-world-silky-soft-powder-blush-xlsImpprod820350""]"
"this was recommended online by a youtuber who often talks on having fair skin and green undertones. if you have it you know, if not google it's a big problem finding foundation. she recommended it after trying 4 products from ulta. it's good. it may have been hannah poston or annelle someone. point is it seems to cancel my issues and the foundation looks way better. it's not greasy, a little goes a long way.",2,2,"[""https://www.ulta.com/p/studio-perfect-color-correcting-primer-in-lavender-xlsImpprod3280315"", ""https://www.ulta.com/p/studio-perfect-face-primer-in-clear-xlsImpprod3280311""]"
this was recommended to me and i wanted to try it. i was so happy it came in small sizes so i could try it before i invested in a large size!,2,2,"[""https://www.ulta.com/p/photo-finish-primerizer-hydrating-primer-with-hyaluronic-acid-pimprod2030498"", ""https://www.ulta.com/p/travel-size-photo-finish-primerizer-hydrating-primer-with-hyaluronic-acid-pimprod2032761""]"
"this was the best! i have red spots and dry acne prone skin and this worked wonders ,even the ingredients are good for the skin! really sinks in the skin rather than sitting on top. go buy now!",2,2,"[""https://www.ulta.com/p/mini-prime-time-original-pore-minimizing-primer-pimprod2039236"", ""https://www.ulta.com/p/prime-time-original-pore-minimizing-primer-pimprod2036786""]"
this works perfectly. so much better than makeup wipes.,2,2,"[""https://www.ulta.com/p/pro-collagen-cleansing-balm-xlsImpprod18731145"", ""https://www.ulta.com/p/travel-size-pro-collagen-cleansing-balm-pimprod2004741""]"
thought it was for cleaning lash extensions but made them fall out,2,2,"[""https://www.ulta.com/p/lash-clean-oil-free-makeup-remover-pimprod2018008"", ""https://www.ulta.com/p/travel-size-lash-clean-oil-free-makeup-remover-pimprod2018009""]"
"to me, it's really a good product which is super hydrayting. texture is milky and smooth. i used this primer on the dryer days and it did hydrate really well. now it becomes a must for me, and i would like to repurchase.",2,2,"[""https://www.ulta.com/p/photo-finish-resurface-primer-with-glycolic-acid-pimprod2044509"", ""https://www.ulta.com/p/travel-size-photo-finish-resurface-primer-with-glycolic-acid-pimprod2044511""]"
to small,2,2,"[""https://www.ulta.com/p/hangover-replenishing-face-primer-xlsImpprod10751024"", ""https://www.ulta.com/p/travel-size-hangover-replenishing-face-primer-pimprod2031193""]"
to start off i have very oily skin and this powder really does keep my oil away for moet of the day! without reapplying! gives my skin a soft blur effect. cons are that it can slightly set into creases under my eyes but i dont mind it. also definitely dont get much product for the price and i wish they had a slightly more translucent shade b/c it has quite a tint if youre pale.,2,2,"[""https://www.ulta.com/p/mineral-veil-setting-powder-VP11355"", ""https://www.ulta.com/p/tinted-mineral-veil-setting-powder-prod110002""]"
"today i was told by a lovely young clean faced woman that i did not look 72. i was wearing the ""brightening face primer"", just kissed forever pink on lips and cheeks, bone colored eye shadow, blond brow powder, all the products are jane iredale. the eyeliner and mascara were other brands. the brightening primer make skin look lovely.",2,2,"[""https://www.ulta.com/p/smooth-affair-facial-primer-brightener-pimprod2004113"", ""https://www.ulta.com/p/smooth-affair-mattifying-face-primer-pimprod2033620""]"
tone matched in store was not correct.,2,2,"[""https://www.ulta.com/p/cc-cream-with-spf-50-xlsImpprod5770257"", ""https://www.ulta.com/p/mini-cc-cream-with-spf-50-pimprod2013015""]"
"toni was very knowledgeable, helpful and friendly!",2,2,"[""https://www.ulta.com/p/mineral-veil-setting-powder-VP11355"", ""https://www.ulta.com/p/tinted-mineral-veil-setting-powder-prod110002""]"
too expensive for the amount you get. plus ulta beuty has the same thing for only $10 and it last longer,2,2,"[""https://www.ulta.com/p/liquid-lip-blush-cheek-tint-pimprod2008308"", ""https://www.ulta.com/p/value-size-liquid-lip-blush-cheek-tint-pimprod2043819""]"
too pale. too expensive for small pkgi like ulta products better but they discontinued my color,2,2,"[""https://www.ulta.com/p/wanderful-world-silky-soft-powder-blush-mini-xlsImpprod13741141"", ""https://www.ulta.com/p/wanderful-world-silky-soft-powder-blush-xlsImpprod820350""]"
too thin and didn't cover any redness at all,2,2,"[""https://www.ulta.com/p/studio-perfect-color-correcting-primer-in-lavender-xlsImpprod3280315"", ""https://www.ulta.com/p/studio-perfect-face-primer-in-clear-xlsImpprod3280311""]"
tried it cause a friend recommended it to me and at first the mist was fine but then the nozzle started spraying way too much to the point my makeup ran even with the proper distance. honestly is good for blending all cream and liquids before powder but does nothing for wear.,2,2,"[""https://www.ulta.com/p/continuous-setting-mist-xlsImpprod18351117"", ""https://www.ulta.com/p/mini-continuous-setting-mist-pimprod2017654""]"
tried this as a dupe for the smashbox primer since they changed their formula. it broke me out by the 3rd day of trying it. i didn't change anything else. i tried the nyx one as well before this one and it's definitely the better of the 2 and closer to the smashbox. buy the nyx if you want a dupe.,3,3,"[""https://www.ulta.com/p/facestudio-master-prime-blur-pore-minimize-primer-xlsImpprod18351169"", ""https://www.ulta.com/p/facestudio-master-prime-blur-redness-control-primer-xlsImpprod11861005"", ""https://www.ulta.com/p/facestudio-master-prime-blur-smooth-primer-xlsImpprod11861001""]"
tried this during the beauty dale and locd this product. the brinzer is so creamy snd easy to blend.,2,2,"[""https://www.ulta.com/p/nudies-matte-all-over-face-blush-color-xlsImpprod15581029"", ""https://www.ulta.com/p/nudies-matte-all-over-face-bronze-color-pimprod2036361""]"
"tried this product cause it was rated highly and was utterly disappointed. every fine line on my face had my concealer calling into the creases. kept having to blend my face throughout the day because of this. if you have flawless skin i'm sure this product would be great. but i do not, and can not recommend this product",2,2,"[""https://www.ulta.com/p/original-photo-finish-smooth-blur-oil-free-primer-xlsImpprod3590041"", ""https://www.ulta.com/p/travel-size-original-photo-finish-smooth-blur-oil-free-primer-pimprod2033047""]"
"unfortunately, i didn't like this product as much as i thought i would. the color is perfect, and i love the ingredients, texture, scent, packaging, and everything else besides the way it blends, really! it doesn't really blend out well, and i couldn't wear it because of that. i'm going to end up giving this another chance, and i'll do it on video, so i can share it to instagram and tiktok! i hope that it was just me, and i'll be able to adjust my rating!",3,3,"[""https://www.ulta.com/p/bronzing-blendrops-spf-40-priming-drops-pimprod2043859"", ""https://www.ulta.com/p/illuminizing-blendrops-spf-40-priming-drops-pimprod2043861"", ""https://www.ulta.com/p/perfecting-blendrops-spf-40-priming-drops-pimprod2043860""]"
"unfortunately, this is not the same formula as the orginal bm primer. the consistancy is more like sticky glue that dries quickly when applying. the previous version (w/the pump) would glide on &amp; dried perfectly. this new formula also causes me to break in terrible cystic acne which the previous version never did. ive always had sensitive skin &amp; was the reason ive been loyal to bm over the last 15 years. now i'm searching for a new holy grail. :(",2,2,"[""https://www.ulta.com/p/mini-prime-time-original-pore-minimizing-primer-pimprod2039236"", ""https://www.ulta.com/p/prime-time-original-pore-minimizing-primer-pimprod2036786""]"
use this primer under my foundation which is very light. helps to smooth application of foundation and and keeps foundation from rubbing off when wearing a mask. i bought a small tube to try. i will definitely go back and buy the larger size.,2,2,"[""https://www.ulta.com/p/photo-finish-primerizer-hydrating-primer-with-hyaluronic-acid-pimprod2030498"", ""https://www.ulta.com/p/travel-size-photo-finish-primerizer-hydrating-primer-with-hyaluronic-acid-pimprod2032761""]"
used it today for the first time and was immediately in love!,2,2,"[""https://www.ulta.com/p/cheek-dew-hydrating-serum-blush-pimprod2027226"", ""https://www.ulta.com/p/pressed-powder-bronzer-pimprod2038313""]"
"very good, my makeup sticks really well to this formula and it looks flawless on the pictures. it is not so expensive so it's a keeper . will definitely recommend",2,2,"[""https://www.ulta.com/p/photo-finish-resurface-primer-with-glycolic-acid-pimprod2044509"", ""https://www.ulta.com/p/travel-size-photo-finish-resurface-primer-with-glycolic-acid-pimprod2044511""]"
very hydrating non greasy easy to apply &amp; a little goes a long way!,2,2,"[""https://www.ulta.com/p/smooth-affair-facial-primer-brightener-pimprod2004113"", ""https://www.ulta.com/p/smooth-affair-mattifying-face-primer-pimprod2033620""]"
very lightweight and easy to apply,2,2,"[""https://www.ulta.com/p/one-step-correct-brightening-correcting-primer-xlsImpprod2390219"", ""https://www.ulta.com/p/travel-size-one-step-correct-brightening-correcting-primer-xlsImpprod16451215""]"
very moisturizing,2,2,"[""https://www.ulta.com/p/pro-collagen-cleansing-balm-xlsImpprod18731145"", ""https://www.ulta.com/p/travel-size-pro-collagen-cleansing-balm-pimprod2004741""]"
very nice color and leaves the skin with a glowy/dewy finish. great product overall.,2,2,"[""https://www.ulta.com/p/cheek-dew-hydrating-serum-blush-pimprod2027226"", ""https://www.ulta.com/p/pressed-powder-bronzer-pimprod2038313""]"
very nice coverage under the eyes or anywhere else but the brush is too small maybe make it wide or thicker,2,2,"[""https://www.ulta.com/p/mini-radiant-creamy-concealer-pimprod2017511"", ""https://www.ulta.com/p/radiant-creamy-concealer-xlsImpprod15251325""]"
"very nice product, easy to apply, seems to 'grip' the pure pressed base and hold it in place for the entire day. i use this on top of my spf on days i need to look extra 'polished' or have an event to attend. im oily and acne prone, and no issues. definitely enjoy and would recommend.",2,2,"[""https://www.ulta.com/p/smooth-affair-facial-primer-brightener-pimprod2004113"", ""https://www.ulta.com/p/smooth-affair-mattifying-face-primer-pimprod2033620""]"
very oily,2,2,"[""https://www.ulta.com/p/shine-killer-charcoal-infused-mattifying-primer-pimprod2022022"", ""https://www.ulta.com/p/waterproof-eye-lip-makeup-remover-pimprod2033204""]"
very pigmented it's going to last me forever you don't need a lot!,2,2,"[""https://www.ulta.com/p/cheek-dew-hydrating-serum-blush-pimprod2027226"", ""https://www.ulta.com/p/pressed-powder-bronzer-pimprod2038313""]"
very pretty color pink-ish with a touch of peach/orange,2,2,"[""https://www.ulta.com/p/wanderful-world-silky-soft-powder-blush-mini-xlsImpprod13741141"", ""https://www.ulta.com/p/wanderful-world-silky-soft-powder-blush-xlsImpprod820350""]"
"was exicted to try this primer because i heard good reviews &amp; its good for texture skin so i decided to purchase it. first it didnt make my makeup last at all, it started creasing on my forehead and then it made me breakout soooo baddd. for the price too i definitely don't recommend.",2,2,"[""https://www.ulta.com/p/original-photo-finish-smooth-blur-oil-free-primer-xlsImpprod3590041"", ""https://www.ulta.com/p/travel-size-original-photo-finish-smooth-blur-oil-free-primer-pimprod2033047""]"
was perfect fo blend and had no weird smell i was expecting it to smell weird like the foundation but no weird smell and a little goes a long way!!,2,2,"[""https://www.ulta.com/p/hd-pro-corrector-concealer-pimprod2022723"", ""https://www.ulta.com/p/lightweight-hd-pro-creamy-concealer-xlsImpprod15711051""]"
"was trying to find an alternative to my huda beauty powder and decided to try morphe's. as someone who wears makeup at least 12-14 hours a day for work, i need my makeup to stay put and not crease. i have been wearing this powder for around a week (in florida humidity mind you) and i would say this is almost better than huda beauty as far as making your makeup matte and stay put- smell could be better though. under eyes havent creased unless im pushing hour 13/14 with it on and have yet to need touchuos throughout the day",4,4,"[""https://www.ulta.com/p/bake-set-soft-focus-setting-powder-pimprod2009225"", ""https://www.ulta.com/p/jumbo-bake-set-soft-focus-setting-powder-pimprod2043957"", ""https://www.ulta.com/p/mini-bake-set-soft-focus-setting-powder-pimprod2043959"", ""https://www.ulta.com/p/totally-set-mini-brighten-set-powder-duo-pimprod2043963""]"
way to use and really takes the mascara off without a lot of rubbing. would recommend and buy again.,2,2,"[""https://www.ulta.com/p/take-day-off-cleansing-balm-makeup-remover-mini-xlsImpprod18791009"", ""https://www.ulta.com/p/take-day-off-cleansing-balm-makeup-remover-xlsImpprod11771009""]"
wet and wilds makeup blush stick is perfect ! blend-able and the perfect spring shade of pink. i would recommend to anyone! affordable price too.,2,2,"[""https://www.ulta.com/p/megaglo-makeup-stick-blush-xlsImpprod16731045"", ""https://www.ulta.com/p/megaglo-makeup-stick-pimprod2043772""]"
"when i do my makeup ill do bronzer foundation and concealer and my face will look nice and tan, then ill put the tinest bit of this powder on and my face is completely white i dont know how barley use any!",3,3,"[""https://www.ulta.com/p/illuminating-mineral-veil-setting-powder-prod2138919"", ""https://www.ulta.com/p/mineral-veil-setting-powder-VP11355"", ""https://www.ulta.com/p/tinted-mineral-veil-setting-powder-prod110002""]"
when i realized they changed i bought several of old bottles but that was over a year ago now. been searching for dupe and no good luck except one by pc but it breaks me out. please bare minerals bring back the real original formula you discontinued in 2022 or 2023.,2,2,"[""https://www.ulta.com/p/mini-prime-time-original-pore-minimizing-primer-pimprod2039236"", ""https://www.ulta.com/p/prime-time-original-pore-minimizing-primer-pimprod2036786""]"
will buy again. i absolutely â¤ï¸,2,2,"[""https://www.ulta.com/p/i-am-magic-concealer-pimprod2006835"", ""https://www.ulta.com/p/i-am-magic-mini-concealer-pimprod2026783""]"
will keep buying. love it!,2,2,"[""https://www.ulta.com/p/continuous-setting-mist-xlsImpprod18351117"", ""https://www.ulta.com/p/mini-continuous-setting-mist-pimprod2017654""]"
wonderful product,2,2,"[""https://www.ulta.com/p/boi-ing-industrial-strength-full-coverage-cream-concealer-xlsImpprod16251012"", ""https://www.ulta.com/p/pommisst-hydration-spray-pimprod2040331""]"
wonderful!!!,2,2,"[""https://www.ulta.com/p/pressed-powder-blush-pimprod2026554"", ""https://www.ulta.com/p/refillable-compact-pimprod2031651""]"
works,2,2,"[""https://www.ulta.com/p/original-photo-finish-smooth-blur-oil-free-primer-xlsImpprod3590041"", ""https://www.ulta.com/p/travel-size-original-photo-finish-smooth-blur-oil-free-primer-pimprod2033047""]"
works amazing,2,2,"[""https://www.ulta.com/p/futurist-soft-touch-brightening-skincealer-concealer-pimprod2042359"", ""https://www.ulta.com/p/pretty-fresh-hydrating-hyaluronic-acid-primer-pimprod2013392""]"
works great,3,3,"[""https://www.ulta.com/p/baby-got-bronze-bronzing-stick-pimprod2039207"", ""https://www.ulta.com/p/glow-tape-highlighter-pimprod2038506"", ""https://www.ulta.com/p/makeup-melt-makeup-removing-balm-pimprod2014646""]"
works perfectly for my acne prone skin.,2,2,"[""https://www.ulta.com/p/photo-finish-control-mattifying-primer-pimprod2030521"", ""https://www.ulta.com/p/travel-size-photo-finish-control-mattifying-primer-with-salicylic-acid-pimprod2032762""]"
"worth every dollar. it goes on smooth, very thin, and leaves my skin looking like a porcelain doll. 100% recommend.",2,2,"[""https://www.ulta.com/p/photo-finish-control-mattifying-primer-pimprod2030521"", ""https://www.ulta.com/p/travel-size-photo-finish-control-mattifying-primer-with-salicylic-acid-pimprod2032762""]"
would buy again.,2,2,"[""https://www.ulta.com/p/blurring-moisturizing-filter-primer-pimprod2024916"", ""https://www.ulta.com/p/supersize-blurring-moisturizing-filter-primer-pimprod2024917""]"
wow - an amazing product!!! i use it at night in the shower before bed and it takes all my makeup off without leaving skin feeling harsh or too oily with other makeup remover products i've used. would highly recommend if you're a girly like me who likes to wears waterproof mascara/eyeliner. love love love,2,2,"[""https://www.ulta.com/p/take-day-off-cleansing-balm-makeup-remover-mini-xlsImpprod18791009"", ""https://www.ulta.com/p/take-day-off-cleansing-balm-makeup-remover-xlsImpprod11771009""]"
wow these drops are just the most perfect little creation. i love these drops so much gives the most beautiful bronzed glowy look. i love everything beautybio makes .,3,3,"[""https://www.ulta.com/p/bronzing-blendrops-spf-40-priming-drops-pimprod2043859"", ""https://www.ulta.com/p/illuminizing-blendrops-spf-40-priming-drops-pimprod2043861"", ""https://www.ulta.com/p/perfecting-blendrops-spf-40-priming-drops-pimprod2043860""]"
wow these drops leave my skin so glowy . great for mature skin,3,3,"[""https://www.ulta.com/p/bronzing-blendrops-spf-40-priming-drops-pimprod2043859"", ""https://www.ulta.com/p/illuminizing-blendrops-spf-40-priming-drops-pimprod2043861"", ""https://www.ulta.com/p/perfecting-blendrops-spf-40-priming-drops-pimprod2043860""]"
wow!! i cant believe how it gave just enough coverage. if i dont want a dewy look i lock it in with a setting powder! work it with a brush. you dont need much.,2,2,"[""https://www.ulta.com/p/halo-healthy-glow-tinted-moisturizer-broad-spectrum-spf-25-pimprod2016307"", ""https://www.ulta.com/p/mini-halo-healthy-glow-tinted-moisturizer-broad-spectrum-spf-25-pimprod2033372""]"
yess if u want smooth base this should be you primer like if u want the latina makeup this is good product,3,3,"[""https://www.ulta.com/p/facestudio-master-prime-blur-pore-minimize-primer-xlsImpprod18351169"", ""https://www.ulta.com/p/facestudio-master-prime-blur-redness-control-primer-xlsImpprod11861005"", ""https://www.ulta.com/p/facestudio-master-prime-blur-smooth-primer-xlsImpprod11861001""]"
"you don't have to use much and it has amazing coverage! stand alone, i enjoy rhe coverage and dewy finish. if you are having trouble, i recommend mosturizing your undereyes/doing skin prep, less is more sometimes with this product, use a setting powder and setting spray.",2,2,"[""https://www.ulta.com/p/bye-bye-under-eye-full-coverage-anti-aging-waterproof-concealer-xlsImpprod5770259"", ""https://www.ulta.com/p/travel-size-bye-bye-under-eye-full-coverage-anti-aging-waterproof-concealer-xlsImpprod12871043""]"
"you have to wait till your skin care absorbs then apply this primer. a little goes along way. make sure you wait more than 15 seconds for the primer to set, i wait a full minute. i don't recommend buffing foundation because it can disrupt the primer which can cause piling, so i use a flat kabuki or flat angled to apply my foundation. also there is some trial and error to see what kind of foundation works with this primer. anyway i am not sure why i don't try this primer sooner, maybe because back then i believed how bad silicones are for acne when it isn't the case for me. this primer helps keep my face moisturized due to how occlusive it is. it also helps create that barrier to keep my foundation from breaking when i get oily. i am super oily and this primer has helped to make me feel like i have normal skin. even my under eye concealer doesn't crack. i've used this primer with the lm real flawless and several korean bb creams that are more on the thicker consistency. i've also used this with just powder over it.",2,2,"[""https://www.ulta.com/p/original-photo-finish-smooth-blur-oil-free-primer-xlsImpprod3590041"", ""https://www.ulta.com/p/travel-size-original-photo-finish-smooth-blur-oil-free-primer-pimprod2033047""]"
"you only need a super small amount to take off any type of makeup. i do not use any prestige makeup, save two products, one of them being this. i am so obsessed with it. you do not even have to scrub this in.",2,2,"[""https://www.ulta.com/p/take-day-off-cleansing-balm-makeup-remover-mini-xlsImpprod18791009"", ""https://www.ulta.com/p/take-day-off-cleansing-balm-makeup-remover-xlsImpprod11771009""]"
